Product_Link,Product_Name,Price,Favorite_Count,Product_Group,Main_Category,Subcategory,Depth,Width,Height,Temperature_Rise_Time_(Hour),Holiday_Mode,ProSmart_Inverter_Compressor,Door_Direction_Change,Noise_Level,Cooler_Compartment_Fan,EverFresh_Technology,Breakfast_Drawer,Number_of_Freezer_Drawers,Number_of_Crispers,Annual_Energy_Consumption_(kWh),Daily_Energy_Consumption_(kWh/Day),Daily_Energy_Consumption_16C_(kWh/24h)_(EU_2021_EP),Door_Lock,Fast_Cooling,Total_Number_of_Freezer_Compartments,Number_of_Compartments_with_Flaps,Fast_Freezing_Compartment,Capacity,IronFast,Child_Lock,Detergent_System,Steam,Electronic_Water_Control_System,Remaining_Time_Indicator,Water_Overflow_Safety_System,Unbalanced_Load_Control,Water_Cut_off_Warning,Energy_Consumption_(100_Cycles),Dynamic_Heater,Stainless_Steel_Inner_Body,Automatic_Door_Opening_Feature,Glass_Protection_System,Half_Load_Wash,Height_Adjustable_Cup_Racks,Number_of_Cup_Racks,Energy_Consumption_(kWh),Water_Consumption,Rinse_Aid_Indicator,Salt_Indicator,Dirt_Sensor,Drying_Capacity,Touch_Button,Direct_Water_Drain,Water_Tank_Full_Warning,Condenser_Cleaning_Warning,Filter_Cleaning_Warning,Practical_Filter,Smart_Humidity_Sensor,Drum_Volume_(L),Oven_Volume,Interior_Oven_Lighting,Electric_Grill,Number_of_Front_Door_Glasses,Electroturbo_(Fan_Assisted_Cooking),Fan_and_Bottom_Heater,Bottom_Heater,Fan_Assisted_Heater,Small_Grill,Easily_Removable_and_Cleanable_Full_Inner_Glass,Natural_Gas,Gas_Safety_System,3D_Cooking,FitFry_Technology,Screen_Lock,Timer,Temperature_Setting,Dishwasher_Safe_Accessories,LCD_Display,Overheat_Protection,Cooling_Capacity_(lt/hour),Number_of_Grease_Filters,Dishwasher_Safe_Filter,Number_of_Lamps,Intensive_Suction_Power,Auto_Shut_off_Feature,Filter_Full_Indicator,Air_Purification_Feature,Front_Adjustable_Rear_Feet,High_Plinth_Installation,Remote_Control,Wi-Fi,Cooling_Capacity_(Btu/h),Heating_Capacity_(Btu/h),Annual_Consumption_Cooling_(kW),Annual_Consumption_Heating_(kW),Heating_Energy_Efficiency_Ratio_(W/W),Seasonal_(SCOP)_Energy_Efficiency_Heating_(W/W),Seasonal_(SEER)_Energy_Efficiency_Cooling_(W/W),Smart_Operation_System,Sleep_Mode,Indoor_Unit_Cooling_Operating_Range_(°C),Outdoor_Unit_Cooling_Operating_Range_(°C),Outdoor_Unit_Heating_Operating_Range_(°C),Auto_Cleaning,Auto_Air_Swing_(Up-Down),4-Way_Auto_Air_Control,Dehumidification,Instant_Consumption_Indicator,Energy_Control,Silent_Mode,Soft_Air,Auto_Swing,Number_of_Speed_Levels.1,Number_of_Propeller_Blades,Number_of_Temperature_Settings,Tip_over_Protection,Titanium_Enamel_Coated_Tank,Operating_Pressure_(bar),High_Pressure_Safety_Valve,Dry_Run_Protection,Frost_Protection,Anti_Corrosion_Protection,Seasonal_Space_Heating_Energy_Efficiency_(hs)_(%),Maximum_Hot_Water_Flow_Rate_(L/min),Suitable_for_Underfloor_Heating,Operation_with_Room_Thermostat,Water_Heating_Energy_Efficiency_(hWH)_(%),Sound_Power_Level_Indoors_(LWA)_(dBA),Flame_Modulation,Fan_Modulation,Expansion_Tank_Capacity_(L),Fault_Diagnosis_System,Safety_Thermostat,Safety_Valve,Air_Suction_Safety,Flame_Failure_Safety,3-Way_Valve_Blockage_System,Automatic_By_Pass_System,Pump_Anti_Blockage_System,Cup_Capacity,Light_Warning,Measuring_Spoon,Audio_Warning,Cook_Sense_Technology_(Cooking_Detection),Anti_Spill_Technology_(Spill_Prevention),One_Touch_Control,Cup_Size_Selection,Teapot_Capacity_(L),Water_Heater_Capacity_(L),Water_Level_Indicator,Auto_Shut_off,Keep_Warm_Feature,Cable_Storage_Slot,Pump_Pressure_(bar),Removable_Water_Tank,Capsule_Coffee,Dual_Heating_System,360_Degree_Rotatable_Wireless_Usage,Illuminated_On/Off_Switch,Battery_(V),Cable_Length.1_(m),Slice_Capacity,Removable_Plates,Locking_Latch,Oil_Collection_Chamber,On/Off_Switch,Cooking_Capacity,Basket,Temperature_Control,Operating_Indicator,Inner_Chamber_Capacity,Number_of_Temperature_Levels,Maximum_Temperature_Degree_(°C),Minimum_Temperature_Degree_(°C),Ion_Feature,Hair_Smoothing_and_Curling,Product_Lock,Temperature_Setting_Lock,Fast_Heat_up_Time,LED_Display,Speed_Setting_(adet),Diffuser_Nozzle,Cable_Rewind,Removable_Air_Inlet_Grille,Cool_Shot,Blow_Dry_Nozzle,Cold_Setting,Ceramic_Grill,Heat_Setting,Hanging_Loop,Caring_Coating,Vigo_Diffuser_Nozzle,Dust_Bag_Capacity,Operating_Radius_(m),360_Degree_Rotatable_Hose,Carrying_Handle,Usage_Type,Cable_Winder,Parquet_/_Carpet_Brush,Upholstery/Sofa_Brush,Crevice_Tool,Dust_Bin_Capacity,Wall_Mountable_Charger,Turbo_Brush,Wireless_Operating_Time_(High_Power)_(dk),Battery_Type,Mop_Feature,Cleaning_Mode,Charging_Station,LED_Brush,High_Performance_Electric_Brush,Steam_Boost_(gr/dk),Continuous_Steam_(gr/dk),Vertical_Auto_Shut_off_Time_(dk),Horizontal_Auto_Shut_off_Time_(saat),Dry_Ironing,Steam_Boost_Feature,Vertical_Ironing,Turbo_Feature,Measuring_Cup_(L),Chopper,Stainless_Steel_Whisk,Stainless_Steel_Blender,Stainless_Steel_Blade,Chopper_Bowl,Ölçü Kabı,Safety_Lock,Color_Black,Color_Grey,Color_Blue,Color_Pink,Color_White,Color_Red,Color_Yellow,Color_Green,Color_Purple,Color_Brown,Weight_(kg),Charging_Time_min,Power_(W),Water_Capacity_(L),RAM_(GB),Battery_(mAh),Spin_Speed,Number_of_Programs,Number_of_Functions,Steam_Cooking_Combined,Suction_Power_Combined_(m3/h),Burner_Cap_Score,Carboy_Placement_Score,Climate_Class_Score,Refrigerant_Score,Has_Smart_Connectivity,Total_Heating_Capacity_BTU,Energy_Efficiency_Score,Freezer_Position_Score,Hood_Design_Score,Ice_Maker_Tech_Score,Motor_Technology_Score,Noise_Class_Rank,Indoor_Volume_Index,Outdoor_Volume_Index,Has_Faucet_Cold,Has_Faucet_Ambient,Has_Faucet_Hot,Is_Built_In,Is_Compact_Device,Heater_Tech_Score,Storage_Parking_Score,Plate_Usage_Score,Chopper_Bowl_Material_Score,Coffee_Burner_Adapter_Score,Coffee_Pot_Material_Score,Extension_Tube_Quality_Score,Inner_Chamber_Quality_Score,Pan_Support_Material_Score,Soleplate_Technology_Score,Teapot_Material_Rank,Water_Heater_Material_Score,General_Material_Score,Clock_Display_Level,Control_System_Complexity,Control_Interface_Type,Control_Position_Score,Filter_Material_Score,Hob_Surface_Quality_Score,Digital_Indicator_Presence,Display_Panel_Tech,Tech_Sophistication_Score,Water_Safety_Score
https://www.beko.com.tr/no-frost-buzdolabi/683616-ei-buzdolabi,683616 EI Yapay Zeka Teknolojili No Frost Buzdolabı,88409.0,104,No Frost Buzdolabi,Beyaz Eşya,Buzdolabı,76.2,83.0,193.0,14.0,1,1,1,34.0,1,1,1,3.0,1.0,213.7,0.585,0.331,,0,,,0,,0,0,0,0,0,0,0,0,0,,0,0,0,0,0,0,,,,0,0,0,,0,0,0,0,0,0,0,,,0,0,,0,0,0,0,0,0,0,0,0,0,0,,,0,0,0,,,0,,0,0,0,0,0,0,0,0,,,,,,,,0,0,,,,0,0,0,0,0,0,0,0,0,,,,0,0,,0,0,0,0,,,0,0,,,0,0,,0,0,0,0,0,0,0,0,,0,0,0,0,0,0,0,,,0,0,0,0,,0,,0,0,0,,,,0,0,0,0,,0,0,0,,,,,0,0,0,0,,0,,0,,0,0,0,0,0,,0,0,0,,,0,0,0,0,0,0,0,,0,0,,0,0,,0,0,0,,,,,0,0,0,0,,0,0,0,0,0,0,0,0,1,0,0,0,0,0,0,0,0,115.0,,,615.0,,,,0,0,0,,0,0,2,0,0,0.0,3,2,0,2,0,3,0.0,0.0,0,0,0,0,0,0,0,0,0,0,0,0,0,0,0,0,0,0,0,3,0,0,0,0,0,0,2,0
https://www.beko.com.tr/no-frost-buzdolabi/678551-egc-ai-fit-buzdolabi,678551 EGC AI Fit No Frost Buzdolabı,,4,No Frost Buzdolabi,Beyaz Eşya,Buzdolabı,76.0,78.0,188.0,14.0,1,1,1,35.0,1,1,1,2.0,1.0,240.4,0.653,0.384,,0,,,0,,0,0,0,0,0,0,0,0,0,,0,0,0,0,0,0,,,,0,0,0,,0,0,0,0,0,0,0,,,0,0,,0,0,0,0,0,0,0,0,0,0,0,,,0,0,0,,,0,,0,0,0,0,0,0,0,0,,,,,,,,0,0,,,,0,0,0,0,0,0,0,0,0,,,,0,0,,0,0,0,0,,,0,0,,,0,0,,0,0,0,0,0,0,0,0,,0,0,0,0,0,0,0,,,0,0,0,0,,0,,0,0,0,,,,0,0,0,0,,0,0,0,,,,,0,0,0,0,,0,,0,,0,0,0,0,0,,0,0,0,,,0,0,0,0,0,0,0,,0,0,,0,0,,0,0,0,,,,,0,0,0,0,,0,0,0,0,0,0,0,0,1,0,0,0,0,0,0,0,0,105.0,,,551.0,,,,0,0,0,,0,0,2,0,0,0.0,2,2,0,2,0,3,0.0,0.0,0,0,0,0,0,0,0,0,0,0,0,0,0,0,0,0,0,0,0,3,0,0,0,0,0,0,2,0
https://www.beko.com.tr/no-frost-buzdolabi/678551-ebc-ai-fit-buzdolabi,678551 EBC AI Fit Beyaz Cam Yapay Zeka Teknolojili No Frost Buzdolabı,,7,No Frost Buzdolabi,Beyaz Eşya,Buzdolabı,76.0,78.0,188.0,14.0,1,1,1,35.0,1,1,1,2.0,1.0,240.4,0.653,0.384,,0,,,0,,0,0,0,0,0,0,0,0,0,,0,0,0,0,0,0,,,,0,0,0,,0,0,0,0,0,0,0,,,0,0,,0,0,0,0,0,0,0,0,0,0,0,,,0,0,0,,,0,,0,0,0,0,0,0,0,0,,,,,,,,0,0,,,,0,0,0,0,0,0,0,0,0,,,,0,0,,0,0,0,0,,,0,0,,,0,0,,0,0,0,0,0,0,0,0,,0,0,0,0,0,0,0,,,0,0,0,0,,0,,0,0,0,,,,0,0,0,0,,0,0,0,,,,,0,0,0,0,,0,,0,,0,0,0,0,0,,0,0,0,,,0,0,0,0,0,0,0,,0,0,,0,0,,0,0,0,,,,,0,0,0,0,,0,0,0,0,0,0,0,0,0,0,0,1,0,0,0,0,0,105.0,,,551.0,,,,0,0,0,,0,0,2,0,0,0.0,2,2,0,2,0,3,0.0,0.0,0,0,0,0,0,0,0,0,0,0,0,0,0,0,0,0,0,0,0,3,0,0,0,0,0,0,2,0
https://www.beko.com.tr/no-frost-buzdolabi/678551-esc-buzdolabi,678551 ESC Siyah Cam No Frost Buzdolabı,,41,No Frost Buzdolabi,Beyaz Eşya,Buzdolabı,76.0,78.0,187.0,14.0,1,1,1,35.0,1,1,1,2.0,1.0,240.4,0.653,0.384,,0,,,0,,0,0,0,0,0,0,0,0,0,,0,0,0,0,0,0,,,,0,0,0,,0,0,0,0,0,0,0,,,0,0,,0,0,0,0,0,0,0,0,0,0,0,,,0,0,0,,,0,,0,0,0,0,0,0,0,0,,,,,,,,0,0,,,,0,0,0,0,0,0,0,0,0,,,,0,0,,0,0,0,0,,,0,0,,,0,0,,0,0,0,0,0,0,0,0,,0,0,0,0,0,0,0,,,0,0,0,0,,0,,0,0,0,,,,0,0,0,0,,0,0,0,,,,,0,0,0,0,,0,,0,,0,0,0,0,0,,0,0,0,,,0,0,0,0,0,0,0,,0,0,,0,0,,0,0,0,,,,,0,0,0,0,,0,0,0,0,0,0,0,1,0,0,0,0,0,0,0,0,0,105.0,,,551.0,,,,0,0,0,,0,0,2,0,0,0.0,2,2,0,2,0,3,0.0,0.0,0,0,0,0,0,0,0,0,0,0,0,0,0,0,0,0,0,0,0,3,0,0,0,0,0,0,2,0
https://www.beko.com.tr/no-frost-buzdolabi/670475-iebc-buzdolabi,670475 IEBC AI Beyaz Cam No Frost Buzdolabı,,4,No Frost Buzdolabi,Beyaz Eşya,Buzdolabı,74.5,70.0,187.0,15.0,1,0,1,36.0,1,0,1,2.0,1.0,284.7,0.78,0.48,,0,,,0,,0,0,0,0,0,0,0,0,0,,0,0,0,0,0,0,,,,0,0,0,,0,0,0,0,0,0,0,,,0,0,,0,0,0,0,0,0,0,0,0,0,0,,,0,0,0,,,0,,0,0,0,0,0,0,0,0,,,,,,,,0,0,,,,0,0,0,0,0,0,0,0,0,,,,0,0,,0,0,0,0,,,0,0,,,0,0,,0,0,0,0,0,0,0,0,,0,0,0,0,0,0,0,,,0,0,0,0,,0,,0,0,0,,,,0,0,0,0,,0,0,0,,,,,0,0,0,0,,0,,0,,0,0,0,0,0,,0,0,0,,,0,0,0,0,0,0,0,,0,0,,0,0,,0,0,0,,,,,0,0,0,0,,0,0,0,0,0,0,0,0,0,0,0,1,0,0,0,0,0,87.5,,,475.0,,,,0,0,0,,0,0,2,0,0,0.0,1,2,0,2,0,2,0.0,0.0,0,0,0,0,0,0,0,0,0,0,0,0,0,0,0,0,0,0,0,3,0,0,0,0,0,0,2,0
https://www.beko.com.tr/no-frost-buzdolabi/670475-iesc-buzdolabi,670475 IESC AI Siyah Cam Yapay Zeka Teknolojili No Frost Buzdolabı,,10,No Frost Buzdolabi,Beyaz Eşya,Buzdolabı,74.5,70.0,187.0,15.0,1,0,1,36.0,1,0,1,2.0,1.0,284.7,0.78,0.48,,0,,,0,,0,0,0,0,0,0,0,0,0,,0,0,0,0,0,0,,,,0,0,0,,0,0,0,0,0,0,0,,,0,0,,0,0,0,0,0,0,0,0,0,0,0,,,0,0,0,,,0,,0,0,0,0,0,0,0,0,,,,,,,,0,0,,,,0,0,0,0,0,0,0,0,0,,,,0,0,,0,0,0,0,,,0,0,,,0,0,,0,0,0,0,0,0,0,0,,0,0,0,0,0,0,0,,,0,0,0,0,,0,,0,0,0,,,,0,0,0,0,,0,0,0,,,,,0,0,0,0,,0,,0,,0,0,0,0,0,,0,0,0,,,0,0,0,0,0,0,0,,0,0,,0,0,,0,0,0,,,,,0,0,0,0,,0,0,0,0,0,0,0,1,0,0,0,0,0,0,0,0,0,87.5,,,475.0,,,,0,0,0,,0,0,2,0,0,0.0,1,2,0,2,0,2,0.0,0.0,0,0,0,0,0,0,0,0,0,0,0,0,0,0,0,0,0,0,0,3,0,0,0,0,0,0,2,0
https://www.beko.com.tr/no-frost-buzdolabi/970406-mb-buzdolabi,970406 MB No Frost Buzdolabı,,90,No Frost Buzdolabi,Beyaz Eşya,Buzdolabı,65.5,70.0,185.0,10.0,1,0,1,39.0,1,0,1,,1.0,243.0,0.666,0.4,,0,,,0,,0,0,0,0,0,0,0,0,0,,0,0,0,0,0,0,,,,0,0,0,,0,0,0,0,0,0,0,,,0,0,,0,0,0,0,0,0,0,0,0,0,0,,,0,0,0,,,0,,0,0,0,0,0,0,0,0,,,,,,,,0,0,,,,0,0,0,0,0,0,0,0,0,,,,0,0,,0,0,0,0,,,0,0,,,0,0,,0,0,0,0,0,0,0,0,,0,0,0,0,0,0,0,,,0,0,0,0,,0,,0,0,0,,,,0,0,0,0,,0,0,0,,,,,0,0,0,0,,0,,0,,0,0,0,0,0,,0,0,0,,,0,0,0,0,0,0,0,,0,0,,0,0,,0,0,0,,,,,0,0,0,0,,0,0,0,0,0,0,0,0,0,0,0,1,0,0,0,0,0,75.0,,,406.0,,,,0,0,0,,0,0,2,0,0,0.0,1,1,0,2,0,2,0.0,0.0,0,0,0,0,0,0,0,0,0,0,0,0,0,0,0,0,0,0,0,2,0,0,0,0,0,0,2,0
https://www.beko.com.tr/no-frost-buzdolabi/678551-edi-buzdolabi,678551 EDI Tencere Soğutma Teknolojili No Frost Buzdolabı,,36,No Frost Buzdolabi,Beyaz Eşya,Buzdolabı,76.0,78.0,188.0,14.0,1,1,1,35.0,1,1,1,2.0,1.0,240.4,0.653,0.384,,0,,,0,,0,0,0,0,0,0,0,0,0,,0,0,0,0,0,0,,,,0,0,0,,0,0,0,0,0,0,0,,,0,0,,0,0,0,0,0,0,0,0,0,0,0,,,0,0,0,,,0,,0,0,0,0,0,0,0,0,,,,,,,,0,0,,,,0,0,0,0,0,0,0,0,0,,,,0,0,,0,0,0,0,,,0,0,,,0,0,,0,0,0,0,0,0,0,0,,0,0,0,0,0,0,0,,,0,0,0,0,,0,,0,0,0,,,,0,0,0,0,,0,0,0,,,,,0,0,0,0,,0,,0,,0,0,0,0,0,,0,0,0,,,0,0,0,0,0,0,0,,0,0,,0,0,,0,0,0,,,,,0,0,0,0,,0,0,0,0,0,0,0,1,0,0,0,0,0,0,0,0,0,105.0,,,551.0,,,,0,0,0,,0,0,2,0,0,0.0,2,2,0,2,0,3,0.0,0.0,0,0,0,0,0,0,0,0,0,0,0,0,0,0,0,0,0,0,0,3,0,0,0,0,0,0,2,0
https://www.beko.com.tr/no-frost-buzdolabi/970477-eb-buzdolabi,970477 EB No Frost Buzdolabı,,61,No Frost Buzdolabi,Beyaz Eşya,Buzdolabı,74.6,70.0,187.0,15.0,1,0,1,38.0,1,0,1,,1.0,274.2,0.74,0.438,,0,,,0,,0,0,0,0,0,0,0,0,0,,0,0,0,0,0,0,,,,0,0,0,,0,0,0,0,0,0,0,,,0,0,,0,0,0,0,0,0,0,0,0,0,0,,,0,0,0,,,0,,0,0,0,0,0,0,0,0,,,,,,,,0,0,,,,0,0,0,0,0,0,0,0,0,,,,0,0,,0,0,0,0,,,0,0,,,0,0,,0,0,0,0,0,0,0,0,,0,0,0,0,0,0,0,,,0,0,0,0,,0,,0,0,0,,,,0,0,0,0,,0,0,0,,,,,0,0,0,0,,0,,0,,0,0,0,0,0,,0,0,0,,,0,0,0,0,0,0,0,,0,0,,0,0,,0,0,0,,,,,0,0,0,0,,0,0,0,0,0,0,0,0,0,0,0,1,0,0,0,0,0,81.0,,,477.0,,,,0,0,0,,0,0,2,0,0,0.0,1,1,0,2,0,2,0.0,0.0,0,0,0,0,0,0,0,0,0,0,0,0,0,0,0,0,0,0,0,3,0,0,0,0,0,0,2,0
https://www.beko.com.tr/no-frost-buzdolabi/678550-ei-fit-buzdolabi,678550 EI Fit No Frost Buzdolabı,,54,No Frost Buzdolabi,Beyaz Eşya,Buzdolabı,76.0,78.0,188.0,14.0,1,1,1,35.0,1,0,1,2.0,1.0,301.0,0.825,0.49,,0,,,0,,0,0,0,0,0,0,0,0,0,,0,0,0,0,0,0,,,,0,0,0,,0,0,0,0,0,0,0,,,0,0,,0,0,0,0,0,0,0,0,0,0,0,,,0,0,0,,,0,,0,0,0,0,0,0,0,0,,,,,,,,0,0,,,,0,0,0,0,0,0,0,0,0,,,,0,0,,0,0,0,0,,,0,0,,,0,0,,0,0,0,0,0,0,0,0,,0,0,0,0,0,0,0,,,0,0,0,0,,0,,0,0,0,,,,0,0,0,0,,0,0,0,,,,,0,0,0,0,,0,,0,,0,0,0,0,0,,0,0,0,,,0,0,0,0,0,0,0,,0,0,,0,0,,0,0,0,,,,,0,0,0,0,,0,0,0,0,0,0,0,0,1,0,0,0,0,0,0,0,0,105.0,,,551.0,,,,0,0,0,,0,0,2,0,0,0.0,1,2,0,2,0,3,0.0,0.0,0,0,0,0,0,0,0,0,0,0,0,0,0,0,0,0,0,0,0,3,0,0,0,0,0,0,2,0
https://www.beko.com.tr/no-frost-buzdolabi/678550-eb-fit-buzdolabi,678550 EB ElegantFit No Frost Buzdolabı,,71,No Frost Buzdolabi,Beyaz Eşya,Buzdolabı,76.0,78.0,188.0,14.0,1,1,1,35.0,1,0,1,2.0,1.0,301.0,0.825,0.49,,0,,,0,,0,0,0,0,0,0,0,0,0,,0,0,0,0,0,0,,,,0,0,0,,0,0,0,0,0,0,0,,,0,0,,0,0,0,0,0,0,0,0,0,0,0,,,0,0,0,,,0,,0,0,0,0,0,0,0,0,,,,,,,,0,0,,,,0,0,0,0,0,0,0,0,0,,,,0,0,,0,0,0,0,,,0,0,,,0,0,,0,0,0,0,0,0,0,0,,0,0,0,0,0,0,0,,,0,0,0,0,,0,,0,0,0,,,,0,0,0,0,,0,0,0,,,,,0,0,0,0,,0,,0,,0,0,0,0,0,,0,0,0,,,0,0,0,0,0,0,0,,0,0,,0,0,,0,0,0,,,,,0,0,0,0,,0,0,0,0,0,0,0,0,0,0,0,1,0,0,0,0,0,105.0,,,551.0,,,,0,0,0,,0,0,2,0,0,0.0,1,2,0,2,0,3,0.0,0.0,0,0,0,0,0,0,0,0,0,0,0,0,0,0,0,0,0,0,0,3,0,0,0,0,0,0,2,0
https://www.beko.com.tr/no-frost-buzdolabi/670475-mi-buzdolabi,670475 MI No Frost Buzdolabı,,29,No Frost Buzdolabi,Beyaz Eşya,Buzdolabı,74.5,70.0,187.0,15.0,1,0,1,36.0,1,0,1,2.0,1.0,284.7,0.78,0.48,,0,,,0,,0,0,0,0,0,0,0,0,0,,0,0,0,0,0,0,,,,0,0,0,,0,0,0,0,0,0,0,,,0,0,,0,0,0,0,0,0,0,0,0,0,0,,,0,0,0,,,0,,0,0,0,0,0,0,0,0,,,,,,,,0,0,,,,0,0,0,0,0,0,0,0,0,,,,0,0,,0,0,0,0,,,0,0,,,0,0,,0,0,0,0,0,0,0,0,,0,0,0,0,0,0,0,,,0,0,0,0,,0,,0,0,0,,,,0,0,0,0,,0,0,0,,,,,0,0,0,0,,0,,0,,0,0,0,0,0,,0,0,0,,,0,0,0,0,0,0,0,,0,0,,0,0,,0,0,0,,,,,0,0,0,0,,0,0,0,0,0,0,0,0,1,0,0,0,0,0,0,0,0,87.5,,,475.0,,,,0,0,0,,0,0,2,0,0,0.0,1,2,0,2,0,2,0.0,0.0,0,0,0,0,0,0,0,0,0,0,0,0,0,0,0,0,0,0,0,3,0,0,0,0,0,0,2,0
https://www.beko.com.tr/statik-buzdolabi/870503-mb-buzdolabi,870503 MB Statik Buzdolabı,,16,Statik Buzdolabi,Beyaz Eşya,Buzdolabı,73.0,70.0,185.0,,0,0,0,,0,0,0,,,,,,,0,,,0,,0,0,0,0,0,0,0,0,0,,0,0,0,0,0,0,,,,0,0,0,,0,0,0,0,0,0,0,,,0,0,,0,0,0,0,0,0,0,0,0,0,0,,,0,0,0,,,0,,0,0,0,0,0,0,0,0,,,,,,,,0,0,,,,0,0,0,0,0,0,0,0,0,,,,0,0,,0,0,0,0,,,0,0,,,0,0,,0,0,0,0,0,0,0,0,,0,0,0,0,0,0,0,,,0,0,0,0,,0,,0,0,0,,,,0,0,0,0,,0,0,0,,,,,0,0,0,0,,0,,0,,0,0,0,0,0,,0,0,0,,,0,0,0,0,0,0,0,,0,0,,0,0,,0,0,0,,,,,0,0,0,0,,0,0,0,0,0,0,0,0,0,0,0,0,0,0,0,0,0,,,,,,,,0,0,0,,0,0,0,0,0,0.0,1,0,0,0,0,0,0.0,0.0,0,0,0,0,0,0,0,0,0,0,0,0,0,0,0,0,0,0,0,0,0,0,0,0,0,0,2,0
https://www.beko.com.tr/no-frost-buzdolabi/674533-mb-buzdolabi,674533 MB No Frost Buzdolabı,,68,No Frost Buzdolabi,Beyaz Eşya,Buzdolabı,75.5,74.0,186.0,17.0,1,1,0,39.0,1,0,1,2.0,1.0,283.06,0.775,0.447,0.0,1,,,0,,0,0,0,0,0,0,0,0,0,,0,0,0,0,0,0,,,,0,0,0,,0,0,0,0,0,0,0,,,0,0,,0,0,0,0,0,0,0,0,0,0,0,,,0,0,0,,,0,,0,0,0,0,0,0,0,0,,,,,,,,0,0,,,,0,0,0,0,0,0,0,0,0,,,,0,0,,0,0,0,0,,,0,0,,,0,0,,0,0,0,0,0,0,0,0,,0,0,0,0,0,0,0,,,0,0,0,0,,0,,0,0,0,,,,0,0,0,0,,0,0,0,,,,,0,0,0,0,,0,,0,,0,0,0,0,0,,0,0,0,,,0,0,0,0,0,0,0,,0,0,,0,0,,0,0,0,,,,,0,0,0,0,,0,0,0,0,0,0,0,0,0,0,0,1,0,0,0,0,0,97.0,,,532.0,,,,0,0,0,,0,0,2,0,0,0.0,1,2,0,2,0,2,0.0,0.0,0,0,0,0,0,0,0,0,0,0,0,0,0,0,0,0,0,0,0,3,0,0,0,0,0,0,2,0
https://www.beko.com.tr/gardirop-tipi-buzdolabi/183510-ei-buzdolabi,183510 EI Gardırop Tipi Buzdolabı,,19,Gardirop Tipi Buzdolabi,Beyaz Eşya,Buzdolabı,70.0,83.0,182.0,14.0,1,1,0,35.0,1,1,1,2.0,2.0,303.35,0.791,0.451,,0,,,0,,0,0,0,0,0,0,0,0,0,,0,0,0,0,0,0,,,,0,0,0,,0,0,0,0,0,0,0,,,0,0,,0,0,0,0,0,0,0,0,0,0,0,,,0,0,0,,,0,,0,0,0,0,0,0,0,0,,,,,,,,0,0,,,,0,0,0,0,0,0,0,0,0,,,,0,0,,0,0,0,0,,,0,0,,,0,0,,0,0,0,0,0,0,0,0,,0,0,0,0,0,0,0,,,0,0,0,0,,0,,0,0,0,,,,0,0,0,0,,0,0,0,,,,,0,0,0,0,,0,,0,,0,0,0,0,0,,0,0,0,,,0,0,0,0,0,0,0,,0,0,,0,0,,0,0,0,,,,,0,0,0,0,,0,0,0,0,0,0,0,0,1,0,0,0,0,0,0,0,0,104.0,,,510.0,,,,0,0,0,,0,0,2,0,0,0.0,1,2,0,2,0,3,0.0,0.0,0,0,0,0,0,0,0,0,0,0,0,0,0,0,0,0,0,0,0,3,0,0,0,0,0,0,2,0
https://www.beko.com.tr/no-frost-buzdolabi/670477-ei-ai-buzdolabi,670477 EI AI No Frost Buzdolabı,,19,No Frost Buzdolabi,Beyaz Eşya,Buzdolabı,74.5,70.0,187.0,15.0,1,0,1,36.0,1,0,1,2.0,1.0,284.7,0.78,0.48,,0,,,0,,0,0,0,0,0,0,0,0,0,,0,0,0,0,0,0,,,,0,0,0,,0,0,0,0,0,0,0,,,0,0,,0,0,0,0,0,0,0,0,0,0,0,,,0,0,0,,,0,,0,0,0,0,0,0,0,0,,,,,,,,0,0,,,,0,0,0,0,0,0,0,0,0,,,,0,0,,0,0,0,0,,,0,0,,,0,0,,0,0,0,0,0,0,0,0,,0,0,0,0,0,0,0,,,0,0,0,0,,0,,0,0,0,,,,0,0,0,0,,0,0,0,,,,,0,0,0,0,,0,,0,,0,0,0,0,0,,0,0,0,,,0,0,0,0,0,0,0,,0,0,,0,0,,0,0,0,,,,,0,0,0,0,,0,0,0,0,0,0,0,0,1,0,0,0,0,0,0,0,0,87.5,,,475.0,,,,0,0,0,,0,0,2,0,0,0.0,1,2,0,2,0,2,0.0,0.0,0,0,0,0,0,0,0,0,0,0,0,0,0,0,0,0,0,0,0,3,0,0,0,0,0,0,2,0
https://www.beko.com.tr/no-frost-buzdolabi/674581-ei-buzdolabi,674581 EI No Frost Buzdolabı,,180,No Frost Buzdolabi,Beyaz Eşya,Buzdolabı,75.5,74.0,186.0,17.0,1,1,0,39.0,1,1,1,2.0,1.0,283.06,0.775,0.447,,1,,,0,,0,0,0,0,0,0,0,0,0,,0,0,0,0,0,0,,,,0,0,0,,0,0,0,0,0,0,0,,,0,0,,0,0,0,0,0,0,0,0,0,0,0,,,0,0,0,,,0,,0,0,0,0,0,0,0,0,,,,,,,,0,0,,,,0,0,0,0,0,0,0,0,0,,,,0,0,,0,0,0,0,,,0,0,,,0,0,,0,0,0,0,0,0,0,0,,0,0,0,0,0,0,0,,,0,0,0,0,,0,,0,0,0,,,,0,0,0,0,,0,0,0,,,,,0,0,0,0,,0,,0,,0,0,0,0,0,,0,0,0,,,0,0,0,0,0,0,0,,0,0,,0,0,,0,0,0,,,,,0,0,0,0,,0,0,0,0,0,0,0,0,1,0,0,0,0,0,0,0,0,97.0,,,532.0,,,,0,0,0,,0,0,2,0,0,0.0,1,2,0,1,0,2,0.0,0.0,0,0,0,0,0,0,0,0,0,0,0,0,0,0,0,0,0,0,0,3,0,0,0,0,0,0,2,0
https://www.beko.com.tr/gardirop-tipi-buzdolabi/191641-ei-buzdolabi,191641 EI Gardırop Tipi Buzdolabı,,46,Gardirop Tipi Buzdolabi,Beyaz Eşya,Buzdolabı,70.5,91.0,179.0,9.0,1,1,0,38.0,1,1,1,2.0,2.0,327.27,0.878,0.49,,0,2.0,,0,,0,0,0,0,0,0,0,0,0,,0,0,0,0,0,0,,,,0,0,0,,0,0,0,0,0,0,0,,,0,0,,0,0,0,0,0,0,0,0,0,0,0,,,0,0,0,,,0,,0,0,0,0,0,0,0,0,,,,,,,,0,0,,,,0,0,0,0,0,0,0,0,0,,,,0,0,,0,0,0,0,,,0,0,,,0,0,,0,0,0,0,0,0,0,0,,0,0,0,0,0,0,0,,,0,0,0,0,,0,,0,0,0,,,,0,0,0,0,,0,0,0,,,,,0,0,0,0,,0,,0,,0,0,0,0,0,,0,0,0,,,0,0,0,0,0,0,0,,0,0,,0,0,,0,0,0,,,,,0,0,0,0,,0,0,0,0,0,0,0,0,1,0,0,0,0,0,0,0,0,105.2,,,580.0,,,,0,0,0,,0,0,2,0,0,0.0,1,3,0,3,0,2,0.0,0.0,0,0,0,0,0,0,0,0,0,0,0,0,0,0,0,0,0,0,0,3,0,0,0,0,0,0,2,0
https://www.beko.com.tr/no-frost-buzdolabi/674532-eb-buzdolabi,674532 EB No Frost Buzdolabı,,99,No Frost Buzdolabi,Beyaz Eşya,Buzdolabı,75.5,74.0,186.0,17.0,1,1,0,39.0,1,1,1,2.0,1.0,283.06,0.775,0.447,0.0,1,,,0,,0,0,0,0,0,0,0,0,0,,0,0,0,0,0,0,,,,0,0,0,,0,0,0,0,0,0,0,,,0,0,,0,0,0,0,0,0,0,0,0,0,0,,,0,0,0,,,0,,0,0,0,0,0,0,0,0,,,,,,,,0,0,,,,0,0,0,0,0,0,0,0,0,,,,0,0,,0,0,0,0,,,0,0,,,0,0,,0,0,0,0,0,0,0,0,,0,0,0,0,0,0,0,,,0,0,0,0,,0,,0,0,0,,,,0,0,0,0,,0,0,0,,,,,0,0,0,0,,0,,0,,0,0,0,0,0,,0,0,0,,,0,0,0,0,0,0,0,,0,0,,0,0,,0,0,0,,,,,0,0,0,0,,0,0,0,0,0,0,0,0,0,0,0,1,0,0,0,0,0,97.0,,,532.0,,,,0,0,0,,0,0,2,0,0,0.0,1,2,0,2,0,2,0.0,0.0,0,0,0,0,0,0,0,0,0,0,0,0,0,0,0,0,0,0,0,3,0,0,0,0,0,0,2,0
https://www.beko.com.tr/mini-buzdolabi/754140-mb-buzdolabi,754140 MB Mini Buzdolabı,,28,Mini Buzdolabi,Beyaz Eşya,Buzdolabı,59.0,54.0,84.0,9.0,0,0,1,36.0,0,0,0,,1.0,137.0,0.376,0.18,,0,,,0,,0,0,0,0,0,0,0,0,0,,0,0,0,0,0,0,,,,0,0,0,,0,0,0,0,0,0,0,,,0,0,,0,0,0,0,0,0,0,0,0,0,0,,,0,0,0,,,0,,0,0,0,0,0,0,0,0,,,,,,,,0,0,,,,0,0,0,0,0,0,0,0,0,,,,0,0,,0,0,0,0,,,0,0,,,0,0,,0,0,0,0,0,0,0,0,,0,0,0,0,0,0,0,,,0,0,0,0,,0,,0,0,0,,,,0,0,0,0,,0,0,0,,,,,0,0,0,0,,0,,0,,0,0,0,0,0,,0,0,0,,,0,0,0,0,0,0,0,,0,0,,0,0,,0,0,0,,,,,0,0,0,0,,0,0,0,0,0,0,0,0,0,0,0,1,0,0,0,0,0,24.5,,,114.0,,,,0,0,0,,0,0,1,0,0,0.0,1,1,0,1,0,2,0.0,0.0,0,0,0,0,1,0,0,0,0,0,0,0,0,0,0,0,0,0,0,1,0,0,0,0,0,0,2,0
https://www.beko.com.tr/mini-buzdolabi/74785-mb-buzdolabi,74785 MB Mini Buzdolabı,,8,Mini Buzdolabi,Beyaz Eşya,Buzdolabı,50.0,48.0,82.0,,0,0,1,36.0,0,0,0,,1.0,109.0,0.298,0.178,,0,,,0,,0,0,0,0,0,0,0,0,0,,0,0,0,0,0,0,,,,0,0,0,,0,0,0,0,0,0,0,,,0,0,,0,0,0,0,0,0,0,0,0,0,0,,,0,0,0,,,0,,0,0,0,0,0,0,0,0,,,,,,,,0,0,,,,0,0,0,0,0,0,0,0,0,,,,0,0,,0,0,0,0,,,0,0,,,0,0,,0,0,0,0,0,0,0,0,,0,0,0,0,0,0,0,,,0,0,0,0,,0,,0,0,0,,,,0,0,0,0,,0,0,0,,,,,0,0,0,0,,0,,0,,0,0,0,0,0,,0,0,0,,,0,0,0,0,0,0,0,,0,0,,0,0,,0,0,0,,,,,0,0,0,0,,0,0,0,0,0,0,0,0,0,0,0,1,0,0,0,0,0,24.6,,,85.0,,,,0,0,0,,0,0,1,0,0,0.0,1,1,0,0,0,2,0.0,0.0,0,0,0,0,1,0,0,0,0,0,0,0,0,0,0,0,0,0,0,1,0,0,0,0,0,0,2,0
https://www.beko.com.tr/ankastre-buzdolabi/b-7626-ts-ankastre-buzdolabi,B 7626 TS Ankastre Buzdolabı,,0,Ankastre Buzdolabi,Beyaz Eşya,Buzdolabı,54.5,60.0,82.0,,0,0,1,35.0,0,0,0,,,92.07,0.252,0.146,0.0,0,,,0,,0,0,0,0,0,0,0,0,0,,0,0,0,0,0,0,,,,0,0,0,,0,0,0,0,0,0,0,,,0,0,,0,0,0,0,0,0,0,0,0,0,0,,,0,0,0,,,0,,0,0,0,0,0,0,0,0,,,,,,,,0,0,,,,0,0,0,0,0,0,0,0,0,,,,0,0,,0,0,0,0,,,0,0,,,0,0,,0,0,0,0,0,0,0,0,,0,0,0,0,0,0,0,,,0,0,0,0,,0,,0,0,0,,,,0,0,0,0,,0,0,0,,,,,0,0,0,0,,0,,0,,0,0,0,0,0,,0,0,0,,,0,0,0,0,0,0,0,,0,0,,0,0,,0,0,0,,,,,0,0,0,0,,0,0,0,0,0,0,0,0,0,0,0,1,0,0,0,0,0,30.0,,,130.0,,,,0,0,0,,0,0,2,0,0,0.0,1,0,0,0,0,3,0.0,0.0,0,0,0,0,1,0,0,0,0,0,0,0,0,0,0,0,0,0,0,1,0,0,0,0,0,0,2,0
https://www.beko.com.tr/no-frost-buzdolabi/670475-mb-buzdolabi,670475 MB No Frost Buzdolabı,,135,No Frost Buzdolabi,Beyaz Eşya,Buzdolabı,74.5,70.0,187.0,15.0,1,0,1,36.0,1,0,1,2.0,1.0,284.7,0.78,0.48,,0,,,0,,0,0,0,0,0,0,0,0,0,,0,0,0,0,0,0,,,,0,0,0,,0,0,0,0,0,0,0,,,0,0,,0,0,0,0,0,0,0,0,0,0,0,,,0,0,0,,,0,,0,0,0,0,0,0,0,0,,,,,,,,0,0,,,,0,0,0,0,0,0,0,0,0,,,,0,0,,0,0,0,0,,,0,0,,,0,0,,0,0,0,0,0,0,0,0,,0,0,0,0,0,0,0,,,0,0,0,0,,0,,0,0,0,,,,0,0,0,0,,0,0,0,,,,,0,0,0,0,,0,,0,,0,0,0,0,0,,0,0,0,,,0,0,0,0,0,0,0,,0,0,,0,0,,0,0,0,,,,,0,0,0,0,,0,0,0,0,0,0,0,0,0,0,0,1,0,0,0,0,0,87.5,,,475.0,,,,0,0,0,,0,0,2,0,0,0.0,1,2,0,2,0,2,0.0,0.0,0,0,0,0,0,0,0,0,0,0,0,0,0,0,0,0,0,0,0,3,0,0,0,0,0,0,2,0
https://www.beko.com.tr/no-frost-buzdolabi/670475-ea-buzdolabi,670475 EA No Frost Buzdolabı,,38,No Frost Buzdolabi,Beyaz Eşya,Buzdolabı,74.5,70.0,187.0,15.0,1,1,1,36.0,1,1,1,2.0,1.0,227.76,0.624,0.4,,0,,,0,,0,0,0,0,0,0,0,0,0,,0,0,0,0,0,0,,,,0,0,0,,0,0,0,0,0,0,0,,,0,0,,0,0,0,0,0,0,0,0,0,0,0,,,0,0,0,,,0,,0,0,0,0,0,0,0,0,,,,,,,,0,0,,,,0,0,0,0,0,0,0,0,0,,,,0,0,,0,0,0,0,,,0,0,,,0,0,,0,0,0,0,0,0,0,0,,0,0,0,0,0,0,0,,,0,0,0,0,,0,,0,0,0,,,,0,0,0,0,,0,0,0,,,,,0,0,0,0,,0,,0,,0,0,0,0,0,,0,0,0,,,0,0,0,0,0,0,0,,0,0,,0,0,,0,0,0,,,,,0,0,0,0,,0,0,0,0,0,0,0,1,0,0,0,0,0,0,0,0,0,87.5,,,475.0,,,,0,0,0,,0,0,2,0,0,0.0,2,2,0,2,0,2,0.0,0.0,0,0,0,0,0,0,0,0,0,0,0,0,0,0,0,0,0,0,0,3,0,0,0,0,0,0,2,0
https://www.beko.com.tr/statik-buzdolabi/854257-mb-buzdolabi,854257 MB Statik Buzdolabı,,24,Statik Buzdolabi,Beyaz Eşya,Buzdolabı,59.0,54.0,160.0,,0,0,0,,0,0,0,,,,,,,0,,,0,,0,0,0,0,0,0,0,0,0,,0,0,0,0,0,0,,,,0,0,0,,0,0,0,0,0,0,0,,,0,0,,0,0,0,0,0,0,0,0,0,0,0,,,0,0,0,,,0,,0,0,0,0,0,0,0,0,,,,,,,,0,0,,,,0,0,0,0,0,0,0,0,0,,,,0,0,,0,0,0,0,,,0,0,,,0,0,,0,0,0,0,0,0,0,0,,0,0,0,0,0,0,0,,,0,0,0,0,,0,,0,0,0,,,,0,0,0,0,,0,0,0,,,,,0,0,0,0,,0,,0,,0,0,0,0,0,,0,0,0,,,0,0,0,0,0,0,0,,0,0,,0,0,,0,0,0,,,,,0,0,0,0,,0,0,0,0,0,0,0,0,0,0,0,0,0,0,0,0,0,,,,,,,,0,0,0,,0,0,0,0,0,0.0,1,0,0,0,0,0,0.0,0.0,0,0,0,0,0,0,0,0,0,0,0,0,0,0,0,0,0,0,0,0,0,0,0,0,0,0,2,0
https://www.beko.com.tr/no-frost-buzdolabi/974509-mb-buzdolabi,974509 MB No Frost Buzdolabı,,36,No Frost Buzdolabi,Beyaz Eşya,Buzdolabı,75.5,74.0,186.0,13.0,0,1,0,39.0,1,0,1,,1.0,277.77,0.761,0.449,,0,,,0,,0,0,0,0,0,0,0,0,0,,0,0,0,0,0,0,,,,0,0,0,,0,0,0,0,0,0,0,,,0,0,,0,0,0,0,0,0,0,0,0,0,0,,,0,0,0,,,0,,0,0,0,0,0,0,0,0,,,,,,,,0,0,,,,0,0,0,0,0,0,0,0,0,,,,0,0,,0,0,0,0,,,0,0,,,0,0,,0,0,0,0,0,0,0,0,,0,0,0,0,0,0,0,,,0,0,0,0,,0,,0,0,0,,,,0,0,0,0,,0,0,0,,,,,0,0,0,0,,0,,0,,0,0,0,0,0,,0,0,0,,,0,0,0,0,0,0,0,,0,0,,0,0,,0,0,0,,,,,0,0,0,0,,0,0,0,0,0,0,0,0,0,0,0,1,0,0,0,0,0,94.0,,,508.0,,,,0,0,0,,0,0,2,0,0,0.0,1,1,0,2,0,2,0.0,0.0,0,0,0,0,0,0,0,0,0,0,0,0,0,0,0,0,0,0,0,3,0,0,0,0,0,0,2,0
https://www.beko.com.tr/no-frost-buzdolabi/970477-mb-buzdolabi,970477 MB No Frost Buzdolabı,,69,No Frost Buzdolabi,Beyaz Eşya,Buzdolabı,74.6,70.0,187.0,15.0,1,0,1,38.0,1,0,1,,1.0,274.2,0.74,0.438,,0,,,0,,0,0,0,0,0,0,0,0,0,,0,0,0,0,0,0,,,,0,0,0,,0,0,0,0,0,0,0,,,0,0,,0,0,0,0,0,0,0,0,0,0,0,,,0,0,0,,,0,,0,0,0,0,0,0,0,0,,,,,,,,0,0,,,,0,0,0,0,0,0,0,0,0,,,,0,0,,0,0,0,0,,,0,0,,,0,0,,0,0,0,0,0,0,0,0,,0,0,0,0,0,0,0,,,0,0,0,0,,0,,0,0,0,,,,0,0,0,0,,0,0,0,,,,,0,0,0,0,,0,,0,,0,0,0,0,0,,0,0,0,,,0,0,0,0,0,0,0,,0,0,,0,0,,0,0,0,,,,,0,0,0,0,,0,0,0,0,0,0,0,0,0,0,0,1,0,0,0,0,0,81.0,,,477.0,,,,0,0,0,,0,0,2,0,0,0.0,1,1,0,2,0,2,0.0,0.0,0,0,0,0,0,0,0,0,0,0,0,0,0,0,0,0,0,0,0,3,0,0,0,0,0,0,2,0
https://www.beko.com.tr/no-frost-buzdolabi/978557-eb-fit-buzdolabi,978557 EB ElegantFit No Frost Buzdolabı,,54,No Frost Buzdolabi,Beyaz Eşya,Buzdolabı,75.0,78.0,188.0,20.0,1,1,1,37.0,1,0,1,,1.0,303.0,0.83,0.46,0.0,0,,,0,,0,0,0,0,0,0,0,0,0,,0,0,0,0,0,0,,,,0,0,0,,0,0,0,0,0,0,0,,,0,0,,0,0,0,0,0,0,0,0,0,0,0,,,0,0,0,,,0,,0,0,0,0,0,0,0,0,,,,,,,,0,0,,,,0,0,0,0,0,0,0,0,0,,,,0,0,,0,0,0,0,,,0,0,,,0,0,,0,0,0,0,0,0,0,0,,0,0,0,0,0,0,0,,,0,0,0,0,,0,,0,0,0,,,,0,0,0,0,,0,0,0,,,,,0,0,0,0,,0,,0,,0,0,0,0,0,,0,0,0,,,0,0,0,0,0,0,0,,0,0,,0,0,,0,0,0,,,,,0,0,0,0,,0,0,0,0,0,0,0,0,0,0,0,1,0,0,0,0,0,105.0,,,557.0,,,,0,0,0,,0,0,2,0,0,0.0,1,1,0,3,0,2,0.0,0.0,0,0,0,0,0,0,0,0,0,0,0,0,0,0,0,0,0,0,0,3,0,0,0,0,0,0,2,0
https://www.beko.com.tr/no-frost-buzdolabi/978557-ei-fit-buzdolabi,978557 EI ElegantFit No Frost Buzdolabı,,19,No Frost Buzdolabi,Beyaz Eşya,Buzdolabı,75.0,78.0,188.0,20.0,1,1,1,37.0,1,0,1,,1.0,303.0,0.83,0.46,0.0,0,,,0,,0,0,0,0,0,0,0,0,0,,0,0,0,0,0,0,,,,0,0,0,,0,0,0,0,0,0,0,,,0,0,,0,0,0,0,0,0,0,0,0,0,0,,,0,0,0,,,0,,0,0,0,0,0,0,0,0,,,,,,,,0,0,,,,0,0,0,0,0,0,0,0,0,,,,0,0,,0,0,0,0,,,0,0,,,0,0,,0,0,0,0,0,0,0,0,,0,0,0,0,0,0,0,,,0,0,0,0,,0,,0,0,0,,,,0,0,0,0,,0,0,0,,,,,0,0,0,0,,0,,0,,0,0,0,0,0,,0,0,0,,,0,0,0,0,0,0,0,,0,0,,0,0,,0,0,0,,,,,0,0,0,0,,0,0,0,0,0,0,0,0,1,0,0,0,0,0,0,0,0,105.0,,,557.0,,,,0,0,0,,0,0,2,0,0,0.0,1,1,0,3,0,2,0.0,0.0,0,0,0,0,0,0,0,0,0,0,0,0,0,0,0,0,0,0,0,3,0,0,0,0,0,0,2,0
https://www.beko.com.tr/gardirop-tipi-buzdolabi/191572-ebs-buzdolabi,191572 EBS Gardırop Tipi Buzdolabı,,11,Gardirop Tipi Buzdolabi,Beyaz Eşya,Buzdolabı,70.5,91.0,182.0,10.0,1,1,0,37.0,1,1,1,4.0,2.0,336.0,0.863,0.506,0.0,1,,,0,,0,0,0,0,0,0,0,0,0,,0,0,0,0,0,0,,,,0,0,0,,0,0,0,0,0,0,0,,,0,0,,0,0,0,0,0,0,0,0,0,0,0,,,0,0,0,,,0,,0,0,0,0,0,0,0,0,,,,,,,,0,0,,,,0,0,0,0,0,0,0,0,0,,,,0,0,,0,0,0,0,,,0,0,,,0,0,,0,0,0,0,0,0,0,0,,0,0,0,0,0,0,0,,,0,0,0,0,,0,,0,0,0,,,,0,0,0,0,,0,0,0,,,,,0,0,0,0,,0,,0,,0,0,0,0,0,,0,0,0,,,0,0,0,0,0,0,0,,0,0,,0,0,,0,0,0,,,,,0,0,0,0,,0,0,0,0,0,0,0,0,0,0,0,1,0,0,0,0,0,130.0,,,565.0,,,,0,0,0,,0,0,2,0,0,0.0,1,2,0,0,0,2,0.0,0.0,0,0,0,0,0,0,0,0,0,0,0,0,0,0,0,0,0,0,0,3,0,0,0,0,0,0,2,0
https://www.beko.com.tr/no-frost-buzdolabi/974509-mi-buzdolabi,974509 MI No Frost Buzdolabı,,4,No Frost Buzdolabi,Beyaz Eşya,Buzdolabı,75.5,74.0,186.0,13.0,0,1,0,39.0,1,0,1,,1.0,277.77,0.761,0.449,,0,,,0,,0,0,0,0,0,0,0,0,0,,0,0,0,0,0,0,,,,0,0,0,,0,0,0,0,0,0,0,,,0,0,,0,0,0,0,0,0,0,0,0,0,0,,,0,0,0,,,0,,0,0,0,0,0,0,0,0,,,,,,,,0,0,,,,0,0,0,0,0,0,0,0,0,,,,0,0,,0,0,0,0,,,0,0,,,0,0,,0,0,0,0,0,0,0,0,,0,0,0,0,0,0,0,,,0,0,0,0,,0,,0,0,0,,,,0,0,0,0,,0,0,0,,,,,0,0,0,0,,0,,0,,0,0,0,0,0,,0,0,0,,,0,0,0,0,0,0,0,,0,0,,0,0,,0,0,0,,,,,0,0,0,0,,0,0,0,0,0,0,0,0,1,0,0,0,0,0,0,0,0,94.0,,,508.0,,,,0,0,0,,0,0,2,0,0,0.0,1,1,0,2,0,2,0.0,0.0,0,0,0,0,0,0,0,0,0,0,0,0,0,0,0,0,0,0,0,3,0,0,0,0,0,0,2,0
https://www.beko.com.tr/no-frost-buzdolabi/983625-ieb-fit-buzdolabi,983625 IEB Fit No Frost Buzdolabı,,4,No Frost Buzdolabi,Beyaz Eşya,Buzdolabı,76.2,83.0,188.0,20.0,1,0,1,37.0,1,0,1,,1.0,316.82,0.868,0.579,,0,,,0,,0,0,0,0,0,0,0,0,0,,0,0,0,0,0,0,,,,0,0,0,,0,0,0,0,0,0,0,,,0,0,,0,0,0,0,0,0,0,0,0,0,0,,,0,0,0,,,0,,0,0,0,0,0,0,0,0,,,,,,,,0,0,,,,0,0,0,0,0,0,0,0,0,,,,0,0,,0,0,0,0,,,0,0,,,0,0,,0,0,0,0,0,0,0,0,,0,0,0,0,0,0,0,,,0,0,0,0,,0,,0,0,0,,,,0,0,0,0,,0,0,0,,,,,0,0,0,0,,0,,0,,0,0,0,0,0,,0,0,0,,,0,0,0,0,0,0,0,,0,0,,0,0,,0,0,0,,,,,0,0,0,0,,0,0,0,0,0,0,0,0,0,0,0,1,0,0,0,0,0,110.0,,,630.0,,,,0,0,0,,0,0,2,0,0,0.0,1,1,0,3,0,2,0.0,0.0,0,0,0,0,0,0,0,0,0,0,0,0,0,0,0,0,0,0,0,3,0,0,0,0,0,0,2,0
https://www.beko.com.tr/ustten-donduruculu-buzdolabi/983632-eb-fit-buzdolabi,983632 EB Fit Üstten Donduruculu Buzdolabı,,3,Ustten Donduruculu Buzdolabi,Beyaz Eşya,Buzdolabı,76.0,83.0,188.0,,0,0,0,,0,0,0,,,,,,,0,,,0,,0,0,0,0,0,0,0,0,0,,0,0,0,0,0,0,,,,0,0,0,,0,0,0,0,0,0,0,,,0,0,,0,0,0,0,0,0,0,0,0,0,0,,,0,0,0,,,0,,0,0,0,0,0,0,0,0,,,,,,,,0,0,,,,0,0,0,0,0,0,0,0,0,,,,0,0,,0,0,0,0,,,0,0,,,0,0,,0,0,0,0,0,0,0,0,,0,0,0,0,0,0,0,,,0,0,0,0,,0,,0,0,0,,,,0,0,0,0,,0,0,0,,,,,0,0,0,0,,0,,0,,0,0,0,0,0,,0,0,0,,,0,0,0,0,0,0,0,,0,0,,0,0,,0,0,0,,,,,0,0,0,0,,0,0,0,0,0,0,0,0,0,0,0,0,0,0,0,0,0,,,,,,,,0,0,0,,0,0,0,0,0,0.0,1,0,0,0,0,0,0.0,0.0,0,0,0,0,0,0,0,0,0,0,0,0,0,0,0,0,0,0,0,0,0,0,0,0,0,0,2,0
https://www.beko.com.tr/gardirop-tipi-buzdolabi/191572-ei-buzdolabi,191572 EI Gardırop Tipi Buzdolabı,,18,Gardirop Tipi Buzdolabi,Beyaz Eşya,Buzdolabı,70.5,91.0,182.0,10.0,1,1,0,37.0,1,0,1,4.0,2.0,337.64,0.862,0.51,,1,3.0,,0,,0,0,0,0,0,0,0,0,0,,0,0,0,0,0,0,,,,0,0,0,,0,0,0,0,0,0,0,,,0,0,,0,0,0,0,0,0,0,0,0,0,0,,,0,0,0,,,0,,0,0,0,0,0,0,0,0,,,,,,,,0,0,,,,0,0,0,0,0,0,0,0,0,,,,0,0,,0,0,0,0,,,0,0,,,0,0,,0,0,0,0,0,0,0,0,,0,0,0,0,0,0,0,,,0,0,0,0,,0,,0,0,0,,,,0,0,0,0,,0,0,0,,,,,0,0,0,0,,0,,0,,0,0,0,0,0,,0,0,0,,,0,0,0,0,0,0,0,,0,0,,0,0,,0,0,0,,,,,0,0,0,0,,0,0,0,0,0,0,0,0,1,0,0,0,0,0,0,0,0,127.0,,,572.0,,,,0,0,0,,0,0,2,0,0,0.0,1,2,0,1,0,2,0.0,0.0,0,0,0,0,0,0,0,0,0,0,0,0,0,0,0,0,0,0,0,3,0,0,0,0,0,0,2,0
https://www.beko.com.tr/cekmeceli-derin-dondurucu/7682-nfb-derin-dondurucu,7682 NFB Çekmeceli Derin Dondurucu,,1,Cekmeceli Derin Dondurucu,Beyaz Eşya,Derin Dondurucu,70.9,60.0,187.0,9.0,0,1,1,38.0,0,0,0,5.0,,250.23,0.617,0.403,,0,8.0,,0,,0,0,0,0,0,0,0,0,0,,0,0,0,0,0,0,,,,0,0,0,,0,0,0,0,0,0,0,,,0,0,,0,0,0,0,0,0,0,0,0,0,0,,,0,0,0,,,0,,0,0,0,0,0,0,0,0,,,,,,,,0,0,,,,0,0,0,0,0,0,0,0,0,,,,0,0,,0,0,0,0,,,0,0,,,0,0,,0,0,0,0,0,0,0,0,,0,0,0,0,0,0,0,,,0,0,0,0,,0,,0,0,0,,,,0,0,0,0,,0,0,0,,,,,0,0,0,0,,0,,0,,0,0,0,0,0,,0,0,0,,,0,0,0,0,0,0,0,,0,0,,0,0,,0,0,0,,,,,0,0,0,0,,0,0,0,0,0,0,0,0,0,0,0,1,0,0,0,0,0,71.0,,,286.0,,,,0,0,0,,0,0,2,0,0,0.0,1,2,0,2,0,2,0.0,0.0,0,0,0,0,0,0,0,0,0,0,0,0,0,0,0,0,0,0,0,2,0,0,0,0,0,0,2,0
https://www.beko.com.tr/no-frost-buzdolabi/683613-eb-buzdolabi,683613 EB No Frost Buzdolabı,,74,No Frost Buzdolabi,Beyaz Eşya,Buzdolabı,76.2,83.0,193.0,14.0,1,1,1,35.0,1,0,1,3.0,1.0,266.82,0.731,0.463,,0,,,0,,0,0,0,0,0,0,0,0,0,,0,0,0,0,0,0,,,,0,0,0,,0,0,0,0,0,0,0,,,0,0,,0,0,0,0,0,0,0,0,0,0,0,,,0,0,0,,,0,,0,0,0,0,0,0,0,0,,,,,,,,0,0,,,,0,0,0,0,0,0,0,0,0,,,,0,0,,0,0,0,0,,,0,0,,,0,0,,0,0,0,0,0,0,0,0,,0,0,0,0,0,0,0,,,0,0,0,0,,0,,0,0,0,,,,0,0,0,0,,0,0,0,,,,,0,0,0,0,,0,,0,,0,0,0,0,0,,0,0,0,,,0,0,0,0,0,0,0,,0,0,,0,0,,0,0,0,,,,,0,0,0,0,,0,0,0,0,0,0,0,0,0,0,0,1,0,0,0,0,0,115.0,,,615.0,,,,0,0,0,,0,0,2,0,0,0.0,2,2,0,2,0,3,0.0,0.0,0,0,0,0,0,0,0,0,0,0,0,0,0,0,0,0,0,0,0,3,0,0,0,0,0,0,2,0
https://www.beko.com.tr/no-frost-buzdolabi/683613-ei-buzdolabi,683613 EI No Frost Buzdolabı,,49,No Frost Buzdolabi,Beyaz Eşya,Buzdolabı,76.2,83.0,193.0,14.0,1,1,1,35.0,1,0,1,3.0,1.0,266.82,0.731,0.463,,0,,,0,,0,0,0,0,0,0,0,0,0,,0,0,0,0,0,0,,,,0,0,0,,0,0,0,0,0,0,0,,,0,0,,0,0,0,0,0,0,0,0,0,0,0,,,0,0,0,,,0,,0,0,0,0,0,0,0,0,,,,,,,,0,0,,,,0,0,0,0,0,0,0,0,0,,,,0,0,,0,0,0,0,,,0,0,,,0,0,,0,0,0,0,0,0,0,0,,0,0,0,0,0,0,0,,,0,0,0,0,,0,,0,0,0,,,,0,0,0,0,,0,0,0,,,,,0,0,0,0,,0,,0,,0,0,0,0,0,,0,0,0,,,0,0,0,0,0,0,0,,0,0,,0,0,,0,0,0,,,,,0,0,0,0,,0,0,0,0,0,0,0,0,1,0,0,0,0,0,0,0,0,115.0,,,615.0,,,,0,0,0,,0,0,2,0,0,0.0,2,2,0,2,0,3,0.0,0.0,0,0,0,0,0,0,0,0,0,0,0,0,0,0,0,0,0,0,0,3,0,0,0,0,0,0,2,0
https://www.beko.com.tr/gardirop-tipi-buzdolabi/191572-es-buzdolabi,191572 ES Gardırop Tipi Buzdolabı,,11,Gardirop Tipi Buzdolabi,Beyaz Eşya,Buzdolabı,70.5,91.0,182.0,10.0,1,1,0,37.0,1,1,1,3.0,2.0,337.8,0.862,0.51,0.0,1,,,0,,0,0,0,0,0,0,0,0,0,,0,0,0,0,0,0,,,,0,0,0,,0,0,0,0,0,0,0,,,0,0,,0,0,0,0,0,0,0,0,0,0,0,,,0,0,0,,,0,,0,0,0,0,0,0,0,0,,,,,,,,0,0,,,,0,0,0,0,0,0,0,0,0,,,,0,0,,0,0,0,0,,,0,0,,,0,0,,0,0,0,0,0,0,0,0,,0,0,0,0,0,0,0,,,0,0,0,0,,0,,0,0,0,,,,0,0,0,0,,0,0,0,,,,,0,0,0,0,,0,,0,,0,0,0,0,0,,0,0,0,,,0,0,0,0,0,0,0,,0,0,,0,0,,0,0,0,,,,,0,0,0,0,,0,0,0,0,0,0,0,1,0,0,0,0,0,0,0,0,0,127.0,,,572.0,,,,0,0,0,,0,0,2,0,0,0.0,1,2,0,3,0,2,0.0,0.0,0,0,0,0,0,0,0,0,0,0,0,0,0,0,0,0,0,0,0,3,0,0,0,0,0,0,2,0
https://www.beko.com.tr/no-frost-buzdolabi/683616-iebi-buzdolabi,683616 IEBI No Frost Buzdolabı,,6,No Frost Buzdolabi,Beyaz Eşya,Buzdolabı,76.2,83.0,193.0,14.0,1,1,1,34.0,1,1,1,3.0,1.0,170.01,0.466,0.264,,0,,,0,,0,0,0,0,0,0,0,0,0,,0,0,0,0,0,0,,,,0,0,0,,0,0,0,0,0,0,0,,,0,0,,0,0,0,0,0,0,0,0,0,0,0,,,0,0,0,,,0,,0,0,0,0,0,0,0,0,,,,,,,,0,0,,,,0,0,0,0,0,0,0,0,0,,,,0,0,,0,0,0,0,,,0,0,,,0,0,,0,0,0,0,0,0,0,0,,0,0,0,0,0,0,0,,,0,0,0,0,,0,,0,0,0,,,,0,0,0,0,,0,0,0,,,,,0,0,0,0,,0,,0,,0,0,0,0,0,,0,0,0,,,0,0,0,0,0,0,0,,0,0,,0,0,,0,0,0,,,,,0,0,0,0,,0,0,0,0,0,0,0,1,0,0,0,0,0,0,0,0,0,115.0,,,615.0,,,,0,0,0,,0,0,2,0,0,0.0,4,2,0,2,0,3,0.0,0.0,0,0,0,0,0,0,0,0,0,0,0,0,0,0,0,0,0,0,0,3,0,0,0,0,0,0,2,0
https://www.beko.com.tr/no-frost-buzdolabi/970475-eb-buzdolabi,970475 EB No Frost Buzdolabı,,144,No Frost Buzdolabi,Beyaz Eşya,Buzdolabı,74.6,70.0,187.0,15.0,1,0,1,38.0,1,1,1,,1.0,274.2,0.74,0.438,,0,,,0,,0,0,0,0,0,0,0,0,0,,0,0,0,0,0,0,,,,0,0,0,,0,0,0,0,0,0,0,,,0,0,,0,0,0,0,0,0,0,0,0,0,0,,,0,0,0,,,0,,0,0,0,0,0,0,0,0,,,,,,,,0,0,,,,0,0,0,0,0,0,0,0,0,,,,0,0,,0,0,0,0,,,0,0,,,0,0,,0,0,0,0,0,0,0,0,,0,0,0,0,0,0,0,,,0,0,0,0,,0,,0,0,0,,,,0,0,0,0,,0,0,0,,,,,0,0,0,0,,0,,0,,0,0,0,0,0,,0,0,0,,,0,0,0,0,0,0,0,,0,0,,0,0,,0,0,0,,,,,0,0,0,0,,0,0,0,0,0,0,0,0,0,0,0,1,0,0,0,0,0,83.9,,,477.0,,,,0,0,0,,0,0,2,0,0,0.0,1,1,0,2,0,2,0.0,0.0,0,0,0,0,0,0,0,0,0,0,0,0,0,0,0,0,0,0,0,3,0,0,0,0,0,0,2,0
https://www.beko.com.tr/no-frost-buzdolabi/670477-eb-ai-buzdolabi,670477 EB AI Yapay Zeka Teknolojili No Frost Buzdolabı,,24,No Frost Buzdolabi,Beyaz Eşya,Buzdolabı,74.5,70.0,187.0,15.0,1,0,1,36.0,1,0,1,2.0,1.0,284.7,0.78,0.48,,0,,,0,,0,0,0,0,0,0,0,0,0,,0,0,0,0,0,0,,,,0,0,0,,0,0,0,0,0,0,0,,,0,0,,0,0,0,0,0,0,0,0,0,0,0,,,0,0,0,,,0,,0,0,0,0,0,0,0,0,,,,,,,,0,0,,,,0,0,0,0,0,0,0,0,0,,,,0,0,,0,0,0,0,,,0,0,,,0,0,,0,0,0,0,0,0,0,0,,0,0,0,0,0,0,0,,,0,0,0,0,,0,,0,0,0,,,,0,0,0,0,,0,0,0,,,,,0,0,0,0,,0,,0,,0,0,0,0,0,,0,0,0,,,0,0,0,0,0,0,0,,0,0,,0,0,,0,0,0,,,,,0,0,0,0,,0,0,0,0,0,0,0,0,0,0,0,1,0,0,0,0,0,87.5,,,475.0,,,,0,0,0,,0,0,2,0,0,0.0,1,2,0,2,0,2,0.0,0.0,0,0,0,0,0,0,0,0,0,0,0,0,0,0,0,0,0,0,0,3,0,0,0,0,0,0,2,0
https://www.beko.com.tr/no-frost-buzdolabi/970477-mi-buzdolabi,970477 MI No Frost Buzdolabı,,8,No Frost Buzdolabi,Beyaz Eşya,Buzdolabı,74.6,70.0,187.0,15.0,1,0,1,38.0,1,0,1,,1.0,274.2,0.74,0.438,,0,,,0,,0,0,0,0,0,0,0,0,0,,0,0,0,0,0,0,,,,0,0,0,,0,0,0,0,0,0,0,,,0,0,,0,0,0,0,0,0,0,0,0,0,0,,,0,0,0,,,0,,0,0,0,0,0,0,0,0,,,,,,,,0,0,,,,0,0,0,0,0,0,0,0,0,,,,0,0,,0,0,0,0,,,0,0,,,0,0,,0,0,0,0,0,0,0,0,,0,0,0,0,0,0,0,,,0,0,0,0,,0,,0,0,0,,,,0,0,0,0,,0,0,0,,,,,0,0,0,0,,0,,0,,0,0,0,0,0,,0,0,0,,,0,0,0,0,0,0,0,,0,0,,0,0,,0,0,0,,,,,0,0,0,0,,0,0,0,0,0,0,0,0,1,0,0,0,0,0,0,0,0,81.0,,,477.0,,,,0,0,0,,0,0,2,0,0,0.0,1,1,0,2,0,2,0.0,0.0,0,0,0,0,0,0,0,0,0,0,0,0,0,0,0,0,0,0,0,3,0,0,0,0,0,0,2,0
https://www.beko.com.tr/ustten-donduruculu-buzdolabi/983632-ei-fit-buzdolabi,983632 EI Fit Üstten Donduruculu Buzdolabı,,6,Ustten Donduruculu Buzdolabi,Beyaz Eşya,Buzdolabı,76.0,83.0,188.0,,0,0,0,,0,0,0,,,,,,,0,,,0,,0,0,0,0,0,0,0,0,0,,0,0,0,0,0,0,,,,0,0,0,,0,0,0,0,0,0,0,,,0,0,,0,0,0,0,0,0,0,0,0,0,0,,,0,0,0,,,0,,0,0,0,0,0,0,0,0,,,,,,,,0,0,,,,0,0,0,0,0,0,0,0,0,,,,0,0,,0,0,0,0,,,0,0,,,0,0,,0,0,0,0,0,0,0,0,,0,0,0,0,0,0,0,,,0,0,0,0,,0,,0,0,0,,,,0,0,0,0,,0,0,0,,,,,0,0,0,0,,0,,0,,0,0,0,0,0,,0,0,0,,,0,0,0,0,0,0,0,,0,0,,0,0,,0,0,0,,,,,0,0,0,0,,0,0,0,0,0,0,0,0,0,0,0,0,0,0,0,0,0,,,,,,,,0,0,0,,0,0,0,0,0,0.0,1,0,0,0,0,0,0.0,0.0,0,0,0,0,0,0,0,0,0,0,0,0,0,0,0,0,0,0,0,0,0,0,0,0,0,0,2,0
https://www.beko.com.tr/ustten-donduruculu-buzdolabi/970471-mb-buzdolabi,970471 MB Üstten Donduruculu Buzdolabı,,12,Ustten Donduruculu Buzdolabi,Beyaz Eşya,Buzdolabı,75.0,70.0,178.0,,0,0,0,,0,0,0,,,,,,,0,,,0,,0,0,0,0,0,0,0,0,0,,0,0,0,0,0,0,,,,0,0,0,,0,0,0,0,0,0,0,,,0,0,,0,0,0,0,0,0,0,0,0,0,0,,,0,0,0,,,0,,0,0,0,0,0,0,0,0,,,,,,,,0,0,,,,0,0,0,0,0,0,0,0,0,,,,0,0,,0,0,0,0,,,0,0,,,0,0,,0,0,0,0,0,0,0,0,,0,0,0,0,0,0,0,,,0,0,0,0,,0,,0,0,0,,,,0,0,0,0,,0,0,0,,,,,0,0,0,0,,0,,0,,0,0,0,0,0,,0,0,0,,,0,0,0,0,0,0,0,,0,0,,0,0,,0,0,0,,,,,0,0,0,0,,0,0,0,0,0,0,0,0,0,0,0,0,0,0,0,0,0,,,,,,,,0,0,0,,0,0,0,0,0,0.0,1,0,0,0,0,0,0.0,0.0,0,0,0,0,0,0,0,0,0,0,0,0,0,0,0,0,0,0,0,0,0,0,0,0,0,0,2,0
https://www.beko.com.tr/cekmeceli-derin-dondurucu/7682-nfi-derin-dondurucu,7682 NFI Çekmeceli Derin Dondurucu,,1,Cekmeceli Derin Dondurucu,Beyaz Eşya,Derin Dondurucu,70.9,60.0,187.0,9.0,0,1,1,38.0,0,0,0,5.0,,250.23,0.617,0.403,,0,8.0,,0,,0,0,0,0,0,0,0,0,0,,0,0,0,0,0,0,,,,0,0,0,,0,0,0,0,0,0,0,,,0,0,,0,0,0,0,0,0,0,0,0,0,0,,,0,0,0,,,0,,0,0,0,0,0,0,0,0,,,,,,,,0,0,,,,0,0,0,0,0,0,0,0,0,,,,0,0,,0,0,0,0,,,0,0,,,0,0,,0,0,0,0,0,0,0,0,,0,0,0,0,0,0,0,,,0,0,0,0,,0,,0,0,0,,,,0,0,0,0,,0,0,0,,,,,0,0,0,0,,0,,0,,0,0,0,0,0,,0,0,0,,,0,0,0,0,0,0,0,,0,0,,0,0,,0,0,0,,,,,0,0,0,0,,0,0,0,0,0,0,0,0,1,0,0,0,0,0,0,0,0,71.0,,,286.0,,,,0,0,0,,0,0,2,0,0,0.0,1,2,0,2,0,2,0.0,0.0,0,0,0,0,0,0,0,0,0,0,0,0,0,0,0,0,0,0,0,2,0,0,0,0,0,0,2,0
https://www.beko.com.tr/cekmeceli-derin-dondurucu/7071-mnfb-derin-dondurucu,7071 MNFB Çekmeceli Derin Dondurucu,,3,Cekmeceli Derin Dondurucu,Beyaz Eşya,Derin Dondurucu,70.9,60.0,171.0,11.0,0,1,1,38.0,0,0,0,5.0,,241.1,0.595,0.38,,0,7.0,,0,,0,0,0,0,0,0,0,0,0,,0,0,0,0,0,0,,,,0,0,0,,0,0,0,0,0,0,0,,,0,0,,0,0,0,0,0,0,0,0,0,0,0,,,0,0,0,,,0,,0,0,0,0,0,0,0,0,,,,,,,,0,0,,,,0,0,0,0,0,0,0,0,0,,,,0,0,,0,0,0,0,,,0,0,,,0,0,,0,0,0,0,0,0,0,0,,0,0,0,0,0,0,0,,,0,0,0,0,,0,,0,0,0,,,,0,0,0,0,,0,0,0,,,,,0,0,0,0,,0,,0,,0,0,0,0,0,,0,0,0,,,0,0,0,0,0,0,0,,0,0,,0,0,,0,0,0,,,,,0,0,0,0,,0,0,0,0,0,0,0,0,0,0,0,1,0,0,0,0,0,69.0,,,260.0,,,,0,0,0,,0,0,2,0,0,0.0,1,2,0,2,0,2,0.0,0.0,0,0,0,0,0,0,0,0,0,0,0,0,0,0,0,0,0,0,0,2,0,0,0,0,0,0,2,0
https://www.beko.com.tr/ankastre-buzdolabi/b-54275-ynk-e-ankastre-buzdolabi,B 54275 YNK E Ankastre Buzdolabı,,7,Ankastre Buzdolabi,Beyaz Eşya,Buzdolabı,54.5,54.0,178.0,13.0,0,1,1,38.0,0,0,0,3.0,1.0,224.0,0.614,0.379,0.0,0,,,0,,0,0,0,0,0,0,0,0,0,,0,0,0,0,0,0,,,,0,0,0,,0,0,0,0,0,0,0,,,0,0,,0,0,0,0,0,0,0,0,0,0,0,,,0,0,0,,,0,,0,0,0,0,0,0,0,0,,,,,,,,0,0,,,,0,0,0,0,0,0,0,0,0,,,,0,0,,0,0,0,0,,,0,0,,,0,0,,0,0,0,0,0,0,0,0,,0,0,0,0,0,0,0,,,0,0,0,0,,0,,0,0,0,,,,0,0,0,0,,0,0,0,,,,,0,0,0,0,,0,,0,,0,0,0,0,0,,0,0,0,,,0,0,0,0,0,0,0,,0,0,,0,0,,0,0,0,,,,,0,0,0,0,,0,0,0,0,0,0,0,0,0,0,0,1,0,0,0,0,0,57.5,,,262.0,,,,0,0,0,,0,0,2,0,0,0.0,1,2,0,1,0,2,0.0,0.0,0,0,0,0,0,0,0,0,0,0,0,0,0,0,0,0,0,0,0,2,0,0,0,0,0,0,2,0
https://www.beko.com.tr/no-frost-buzdolabi/970357-mb-buzdolabi,970357 MB No Frost Buzdolabı,,73,No Frost Buzdolabi,Beyaz Eşya,Buzdolabı,65.5,70.0,172.0,12.0,1,0,1,39.0,1,0,0,,1.0,242.0,0.663,0.36,,1,,,0,,0,0,0,0,0,0,0,0,0,,0,0,0,0,0,0,,,,0,0,0,,0,0,0,0,0,0,0,,,0,0,,0,0,0,0,0,0,0,0,0,0,0,,,0,0,0,,,0,,0,0,0,0,0,0,0,0,,,,,,,,0,0,,,,0,0,0,0,0,0,0,0,0,,,,0,0,,0,0,0,0,,,0,0,,,0,0,,0,0,0,0,0,0,0,0,,0,0,0,0,0,0,0,,,0,0,0,0,,0,,0,0,0,,,,0,0,0,0,,0,0,0,,,,,0,0,0,0,,0,,0,,0,0,0,0,0,,0,0,0,,,0,0,0,0,0,0,0,,0,0,,0,0,,0,0,0,,,,,0,0,0,0,,0,0,0,0,0,0,0,0,0,0,0,1,0,0,0,0,0,60.0,,,357.0,,,,0,0,0,,0,0,2,0,0,0.0,1,1,0,1,0,2,0.0,0.0,0,0,0,0,0,0,0,0,0,0,0,0,0,0,0,0,0,0,0,1,0,0,0,0,0,0,2,0
https://www.beko.com.tr/no-frost-buzdolabi/970475-ei-buzdolabi,970475 EI No Frost Buzdolabı,,88,No Frost Buzdolabi,Beyaz Eşya,Buzdolabı,74.6,70.0,187.0,15.0,1,0,1,38.0,1,1,1,,1.0,274.2,0.74,0.438,,0,,,0,,0,0,0,0,0,0,0,0,0,,0,0,0,0,0,0,,,,0,0,0,,0,0,0,0,0,0,0,,,0,0,,0,0,0,0,0,0,0,0,0,0,0,,,0,0,0,,,0,,0,0,0,0,0,0,0,0,,,,,,,,0,0,,,,0,0,0,0,0,0,0,0,0,,,,0,0,,0,0,0,0,,,0,0,,,0,0,,0,0,0,0,0,0,0,0,,0,0,0,0,0,0,0,,,0,0,0,0,,0,,0,0,0,,,,0,0,0,0,,0,0,0,,,,,0,0,0,0,,0,,0,,0,0,0,0,0,,0,0,0,,,0,0,0,0,0,0,0,,0,0,,0,0,,0,0,0,,,,,0,0,0,0,,0,0,0,0,0,0,0,0,1,0,0,0,0,0,0,0,0,83.1,,,477.0,,,,0,0,0,,0,0,2,0,0,0.0,1,1,0,2,0,2,0.0,0.0,0,0,0,0,0,0,0,0,0,0,0,0,0,0,0,0,0,0,0,3,0,0,0,0,0,0,2,0
https://www.beko.com.tr/no-frost-buzdolabi/670475-eb-buzdolabi,670475 EB No Frost Buzdolabı,,80,No Frost Buzdolabi,Beyaz Eşya,Buzdolabı,74.5,70.0,187.0,15.0,1,0,1,36.0,1,0,1,2.0,1.0,284.7,0.78,0.48,,0,,,0,,0,0,0,0,0,0,0,0,0,,0,0,0,0,0,0,,,,0,0,0,,0,0,0,0,0,0,0,,,0,0,,0,0,0,0,0,0,0,0,0,0,0,,,0,0,0,,,0,,0,0,0,0,0,0,0,0,,,,,,,,0,0,,,,0,0,0,0,0,0,0,0,0,,,,0,0,,0,0,0,0,,,0,0,,,0,0,,0,0,0,0,0,0,0,0,,0,0,0,0,0,0,0,,,0,0,0,0,,0,,0,0,0,,,,0,0,0,0,,0,0,0,,,,,0,0,0,0,,0,,0,,0,0,0,0,0,,0,0,0,,,0,0,0,0,0,0,0,,0,0,,0,0,,0,0,0,,,,,0,0,0,0,,0,0,0,0,0,0,0,0,0,0,0,1,0,0,0,0,0,87.5,,,475.0,,,,0,0,0,,0,0,2,0,0,0.0,1,2,0,2,0,2,0.0,0.0,0,0,0,0,0,0,0,0,0,0,0,0,0,0,0,0,0,0,0,3,0,0,0,0,0,0,2,0
https://www.beko.com.tr/no-frost-buzdolabi/660316-mb-buzdolabi,660316 MB No Frost Buzdolabı,,41,No Frost Buzdolabi,Beyaz Eşya,Buzdolabı,66.3,60.0,187.0,11.0,1,0,1,37.0,0,0,0,2.0,1.0,247.11,0.247,0.494,,0,,,0,,0,0,0,0,0,0,0,0,0,,0,0,0,0,0,0,,,,0,0,0,,0,0,0,0,0,0,0,,,0,0,,0,0,0,0,0,0,0,0,0,0,0,,,0,0,0,,,0,,0,0,0,0,0,0,0,0,,,,,,,,0,0,,,,0,0,0,0,0,0,0,0,0,,,,0,0,,0,0,0,0,,,0,0,,,0,0,,0,0,0,0,0,0,0,0,,0,0,0,0,0,0,0,,,0,0,0,0,,0,,0,0,0,,,,0,0,0,0,,0,0,0,,,,,0,0,0,0,,0,,0,,0,0,0,0,0,,0,0,0,,,0,0,0,0,0,0,0,,0,0,,0,0,,0,0,0,,,,,0,0,0,0,,0,0,0,0,0,0,0,0,0,0,0,1,0,0,0,0,0,67.5,,,316.0,,,,0,0,0,,0,0,2,0,0,0.0,1,2,0,1,0,2,0.0,0.0,0,0,0,0,0,0,0,0,0,0,0,0,0,0,0,0,0,0,0,2,0,0,0,0,0,0,2,0
https://www.beko.com.tr/no-frost-buzdolabi/660316-mi-buzdolabi,660316 MI No Frost Buzdolabı,,38,No Frost Buzdolabi,Beyaz Eşya,Buzdolabı,66.3,60.0,187.0,11.0,1,0,1,37.0,0,0,0,2.0,1.0,247.11,0.247,0.494,,0,,,0,,0,0,0,0,0,0,0,0,0,,0,0,0,0,0,0,,,,0,0,0,,0,0,0,0,0,0,0,,,0,0,,0,0,0,0,0,0,0,0,0,0,0,,,0,0,0,,,0,,0,0,0,0,0,0,0,0,,,,,,,,0,0,,,,0,0,0,0,0,0,0,0,0,,,,0,0,,0,0,0,0,,,0,0,,,0,0,,0,0,0,0,0,0,0,0,,0,0,0,0,0,0,0,,,0,0,0,0,,0,,0,0,0,,,,0,0,0,0,,0,0,0,,,,,0,0,0,0,,0,,0,,0,0,0,0,0,,0,0,0,,,0,0,0,0,0,0,0,,0,0,,0,0,,0,0,0,,,,,0,0,0,0,,0,0,0,0,0,0,0,0,1,0,0,0,0,0,0,0,0,67.5,,,316.0,,,,0,0,0,,0,0,2,0,0,0.0,1,2,0,1,0,2,0.0,0.0,0,0,0,0,0,0,0,0,0,0,0,0,0,0,0,0,0,0,0,2,0,0,0,0,0,0,2,0
https://www.beko.com.tr/no-frost-buzdolabi/670475-ei-buzdolabi,670475 EI No Frost Buzdolabı,,101,No Frost Buzdolabi,Beyaz Eşya,Buzdolabı,74.5,70.0,187.0,15.0,1,0,1,36.0,1,0,1,2.0,1.0,284.7,0.78,0.48,,0,,,0,,0,0,0,0,0,0,0,0,0,,0,0,0,0,0,0,,,,0,0,0,,0,0,0,0,0,0,0,,,0,0,,0,0,0,0,0,0,0,0,0,0,0,,,0,0,0,,,0,,0,0,0,0,0,0,0,0,,,,,,,,0,0,,,,0,0,0,0,0,0,0,0,0,,,,0,0,,0,0,0,0,,,0,0,,,0,0,,0,0,0,0,0,0,0,0,,0,0,0,0,0,0,0,,,0,0,0,0,,0,,0,0,0,,,,0,0,0,0,,0,0,0,,,,,0,0,0,0,,0,,0,,0,0,0,0,0,,0,0,0,,,0,0,0,0,0,0,0,,0,0,,0,0,,0,0,0,,,,,0,0,0,0,,0,0,0,0,0,0,0,0,1,0,0,0,0,0,0,0,0,87.5,,,475.0,,,,0,0,0,,0,0,2,0,0,0.0,1,2,0,2,0,2,0.0,0.0,0,0,0,0,0,0,0,0,0,0,0,0,0,0,0,0,0,0,0,3,0,0,0,0,0,0,2,0
https://www.beko.com.tr/no-frost-buzdolabi/678552-ei-ai-fit-buzdolabi,678552 EI AI Fit Yapay Zeka Teknolojili No Frost Buzdolabı,,45,No Frost Buzdolabi,Beyaz Eşya,Buzdolabı,76.0,78.0,188.0,14.0,1,1,1,35.0,1,1,1,2.0,1.0,192.72,0.528,0.311,,0,,,0,,0,0,0,0,0,0,0,0,0,,0,0,0,0,0,0,,,,0,0,0,,0,0,0,0,0,0,0,,,0,0,,0,0,0,0,0,0,0,0,0,0,0,,,0,0,0,,,0,,0,0,0,0,0,0,0,0,,,,,,,,0,0,,,,0,0,0,0,0,0,0,0,0,,,,0,0,,0,0,0,0,,,0,0,,,0,0,,0,0,0,0,0,0,0,0,,0,0,0,0,0,0,0,,,0,0,0,0,,0,,0,0,0,,,,0,0,0,0,,0,0,0,,,,,0,0,0,0,,0,,0,,0,0,0,0,0,,0,0,0,,,0,0,0,0,0,0,0,,0,0,,0,0,,0,0,0,,,,,0,0,0,0,,0,0,0,0,0,0,0,0,1,0,0,0,0,0,0,0,0,105.0,,,551.0,,,,0,0,0,,0,0,2,0,0,0.0,3,2,0,2,0,3,0.0,0.0,0,0,0,0,0,0,0,0,0,0,0,0,0,0,0,0,0,0,0,3,0,0,0,0,0,0,2,0
https://www.beko.com.tr/gardirop-tipi-buzdolabi/191572-esc-buzdolabi,191572 ESC Gardırop Tipi Buzdolabı,,8,Gardirop Tipi Buzdolabi,Beyaz Eşya,Buzdolabı,70.5,91.0,182.0,10.0,1,1,0,37.0,1,1,1,4.0,2.0,337.8,0.862,0.51,,1,3.0,,0,,0,0,0,0,0,0,0,0,0,,0,0,0,0,0,0,,,,0,0,0,,0,0,0,0,0,0,0,,,0,0,,0,0,0,0,0,0,0,0,0,0,0,,,0,0,0,,,0,,0,0,0,0,0,0,0,0,,,,,,,,0,0,,,,0,0,0,0,0,0,0,0,0,,,,0,0,,0,0,0,0,,,0,0,,,0,0,,0,0,0,0,0,0,0,0,,0,0,0,0,0,0,0,,,0,0,0,0,,0,,0,0,0,,,,0,0,0,0,,0,0,0,,,,,0,0,0,0,,0,,0,,0,0,0,0,0,,0,0,0,,,0,0,0,0,0,0,0,,0,0,,0,0,,0,0,0,,,,,0,0,0,0,,0,0,0,0,0,0,0,1,0,0,0,0,0,0,0,0,0,127.0,,,572.0,,,,0,0,0,,0,0,2,0,0,0.0,1,2,0,0,0,2,0.0,0.0,0,0,0,0,0,0,0,0,0,0,0,0,0,0,0,0,0,0,0,3,0,0,0,0,0,0,2,0
https://www.beko.com.tr/no-frost-buzdolabi/678552-ei-buzdolabi,678552 EI No Frost Buzdolabı,,82,No Frost Buzdolabi,Beyaz Eşya,Buzdolabı,76.0,78.0,187.0,14.0,1,1,1,35.0,1,1,1,2.0,1.0,199.0,0.546,0.321,,0,,,0,,0,0,0,0,0,0,0,0,0,,0,0,0,0,0,0,,,,0,0,0,,0,0,0,0,0,0,0,,,0,0,,0,0,0,0,0,0,0,0,0,0,0,,,0,0,0,,,0,,0,0,0,0,0,0,0,0,,,,,,,,0,0,,,,0,0,0,0,0,0,0,0,0,,,,0,0,,0,0,0,0,,,0,0,,,0,0,,0,0,0,0,0,0,0,0,,0,0,0,0,0,0,0,,,0,0,0,0,,0,,0,0,0,,,,0,0,0,0,,0,0,0,,,,,0,0,0,0,,0,,0,,0,0,0,0,0,,0,0,0,,,0,0,0,0,0,0,0,,0,0,,0,0,,0,0,0,,,,,0,0,0,0,,0,0,0,0,0,0,0,0,1,0,0,0,0,0,0,0,0,105.0,,,551.0,,,,0,0,0,,0,0,2,0,0,0.0,3,2,0,2,0,3,0.0,0.0,0,0,0,0,0,0,0,0,0,0,0,0,0,0,0,0,0,0,0,3,0,0,0,0,0,0,2,0
https://www.beko.com.tr/ankastre-buzdolabi/b-69400-nfk-e-ankastre-buzdolabi,B 69400 NFK E Ankastre Buzdolabı,,4,Ankastre Buzdolabi,Beyaz Eşya,Buzdolabı,55.0,69.0,194.0,9.0,1,1,1,35.0,1,1,1,3.0,1.0,197.7,0.541,0.348,,0,,,0,,0,0,0,0,0,0,0,0,0,,0,0,0,0,0,0,,,,0,0,0,,0,0,0,0,0,0,0,,,0,0,,0,0,0,0,0,0,0,0,0,0,0,,,0,0,0,,,0,,0,0,0,0,0,0,0,0,,,,,,,,0,0,,,,0,0,0,0,0,0,0,0,0,,,,0,0,,0,0,0,0,,,0,0,,,0,0,,0,0,0,0,0,0,0,0,,0,0,0,0,0,0,0,,,0,0,0,0,,0,,0,0,0,,,,0,0,0,0,,0,0,0,,,,,0,0,0,0,,0,,0,,0,0,0,0,0,,0,0,0,,,0,0,0,0,0,0,0,,0,0,,0,0,,0,0,0,,,,,0,0,0,0,,0,0,0,0,0,0,0,0,0,0,0,1,0,0,0,0,0,85.0,,,370.0,,,,0,0,0,,0,0,2,0,0,0.0,2,2,0,2,0,3,0.0,0.0,0,0,0,0,0,0,0,0,0,0,0,0,0,0,0,0,0,0,0,3,0,0,0,0,0,0,2,0
https://www.beko.com.tr/no-frost-buzdolabi/983628-eb-buzdolabi,983628 EB No Frost Buzdolabı,,87,No Frost Buzdolabi,Beyaz Eşya,Buzdolabı,76.2,83.0,188.0,20.0,1,1,1,37.0,1,0,1,,1.0,317.62,0.868,0.579,,0,,,0,,0,0,0,0,0,0,0,0,0,,0,0,0,0,0,0,,,,0,0,0,,0,0,0,0,0,0,0,,,0,0,,0,0,0,0,0,0,0,0,0,0,0,,,0,0,0,,,0,,0,0,0,0,0,0,0,0,,,,,,,,0,0,,,,0,0,0,0,0,0,0,0,0,,,,0,0,,0,0,0,0,,,0,0,,,0,0,,0,0,0,0,0,0,0,0,,0,0,0,0,0,0,0,,,0,0,0,0,,0,,0,0,0,,,,0,0,0,0,,0,0,0,,,,,0,0,0,0,,0,,0,,0,0,0,0,0,,0,0,0,,,0,0,0,0,0,0,0,,0,0,,0,0,,0,0,0,,,,,0,0,0,0,,0,0,0,0,0,0,0,0,0,0,0,1,0,0,0,0,0,105.0,,,630.0,,,,0,0,0,,0,0,2,0,0,0.0,1,1,0,2,0,2,0.0,0.0,0,0,0,0,0,0,0,0,0,0,0,0,0,0,0,0,0,0,0,3,0,0,0,0,0,0,2,0
https://www.beko.com.tr/no-frost-buzdolabi/983628-ei-buzdolabi,983628 EI No Frost Buzdolabı,,38,No Frost Buzdolabi,Beyaz Eşya,Buzdolabı,76.2,83.0,188.0,20.0,1,1,1,37.0,1,0,1,,1.0,317.62,0.868,0.579,,0,,,0,,0,0,0,0,0,0,0,0,0,,0,0,0,0,0,0,,,,0,0,0,,0,0,0,0,0,0,0,,,0,0,,0,0,0,0,0,0,0,0,0,0,0,,,0,0,0,,,0,,0,0,0,0,0,0,0,0,,,,,,,,0,0,,,,0,0,0,0,0,0,0,0,0,,,,0,0,,0,0,0,0,,,0,0,,,0,0,,0,0,0,0,0,0,0,0,,0,0,0,0,0,0,0,,,0,0,0,0,,0,,0,0,0,,,,0,0,0,0,,0,0,0,,,,,0,0,0,0,,0,,0,,0,0,0,0,0,,0,0,0,,,0,0,0,0,0,0,0,,0,0,,0,0,,0,0,0,,,,,0,0,0,0,,0,0,0,0,0,0,0,0,1,0,0,0,0,0,0,0,0,110.0,,,630.0,,,,0,0,0,,0,0,2,0,0,0.0,1,1,0,3,0,2,0.0,0.0,0,0,0,0,0,0,0,0,0,0,0,0,0,0,0,0,0,0,0,3,0,0,0,0,0,0,2,0
https://www.beko.com.tr/no-frost-buzdolabi/970476-mg-buzdolabi,970476 MG No Frost Buzdolabı,,23,No Frost Buzdolabi,Beyaz Eşya,Buzdolabı,74.6,70.0,187.0,15.0,1,0,1,38.0,1,0,1,,1.0,274.2,0.74,0.438,,0,,,0,,0,0,0,0,0,0,0,0,0,,0,0,0,0,0,0,,,,0,0,0,,0,0,0,0,0,0,0,,,0,0,,0,0,0,0,0,0,0,0,0,0,0,,,0,0,0,,,0,,0,0,0,0,0,0,0,0,,,,,,,,0,0,,,,0,0,0,0,0,0,0,0,0,,,,0,0,,0,0,0,0,,,0,0,,,0,0,,0,0,0,0,0,0,0,0,,0,0,0,0,0,0,0,,,0,0,0,0,,0,,0,0,0,,,,0,0,0,0,,0,0,0,,,,,0,0,0,0,,0,,0,,0,0,0,0,0,,0,0,0,,,0,0,0,0,0,0,0,,0,0,,0,0,,0,0,0,,,,,0,0,0,0,,0,0,0,0,0,0,0,0,1,0,0,0,0,0,0,0,0,81.0,,,477.0,,,,0,0,0,,0,0,2,0,0,0.0,1,1,0,2,0,2,0.0,0.0,0,0,0,0,0,0,0,0,0,0,0,0,0,0,0,0,0,0,0,3,0,0,0,0,0,0,2,0
https://www.beko.com.tr/no-frost-buzdolabi/670475-mg-buzdolabi,670475 MG No Frost Buzdolabı,,59,No Frost Buzdolabi,Beyaz Eşya,Buzdolabı,74.5,70.0,187.0,15.0,1,0,1,36.0,1,0,1,2.0,2.0,284.7,0.78,0.48,,0,,,0,,0,0,0,0,0,0,0,0,0,,0,0,0,0,0,0,,,,0,0,0,,0,0,0,0,0,0,0,,,0,0,,0,0,0,0,0,0,0,0,0,0,0,,,0,0,0,,,0,,0,0,0,0,0,0,0,0,,,,,,,,0,0,,,,0,0,0,0,0,0,0,0,0,,,,0,0,,0,0,0,0,,,0,0,,,0,0,,0,0,0,0,0,0,0,0,,0,0,0,0,0,0,0,,,0,0,0,0,,0,,0,0,0,,,,0,0,0,0,,0,0,0,,,,,0,0,0,0,,0,,0,,0,0,0,0,0,,0,0,0,,,0,0,0,0,0,0,0,,0,0,,0,0,,0,0,0,,,,,0,0,0,0,,0,0,0,0,0,0,0,0,1,0,0,0,0,0,0,0,0,87.5,,,475.0,,,,0,0,0,,0,0,2,0,0,0.0,1,2,0,2,0,2,0.0,0.0,0,0,0,0,0,0,0,0,0,0,0,0,0,0,0,0,0,0,0,3,0,0,0,0,0,0,2,0
https://www.beko.com.tr/7-bolmeli-derin-dondurucu/7071-nfb-derin-dondurucu,7071 NFB 7 Bölmeli Derin Dondurucu,,58,7 Bolmeli Derin Dondurucu,Beyaz Eşya,Derin Dondurucu,75.4,60.0,171.0,11.0,0,1,1,38.0,0,0,0,5.0,,241.89,0.595,0.38,0.0,0,7.0,,0,,0,0,0,0,0,0,0,0,0,,0,0,0,0,0,0,,,,0,0,0,,0,0,0,0,0,0,0,,,0,0,,0,0,0,0,0,0,0,0,0,0,0,,,0,0,0,,,0,,0,0,0,0,0,0,0,0,,,,,,,,0,0,,,,0,0,0,0,0,0,0,0,0,,,,0,0,,0,0,0,0,,,0,0,,,0,0,,0,0,0,0,0,0,0,0,,0,0,0,0,0,0,0,,,0,0,0,0,,0,,0,0,0,,,,0,0,0,0,,0,0,0,,,,,0,0,0,0,,0,,0,,0,0,0,0,0,,0,0,0,,,0,0,0,0,0,0,0,,0,0,,0,0,,0,0,0,,,,,0,0,0,0,,0,0,0,0,0,0,0,0,0,0,0,1,0,0,0,0,0,61.0,,,260.0,,,,0,0,0,,0,0,2,0,0,0.0,1,2,0,2,0,2,0.0,0.0,0,0,0,0,0,0,0,0,0,0,0,0,0,0,0,0,0,0,0,3,0,0,0,0,0,0,2,0
https://www.beko.com.tr/3-bolmeli-derin-dondurucu/7032-mb-derin-dondurucu,7032 MB 3 Bölmeli Derin Dondurucu,15159.0,21,3 Bolmeli Derin Dondurucu,Beyaz Eşya,Derin Dondurucu,59.0,54.0,84.0,12.0,0,0,1,35.0,0,0,0,1.0,,167.7,0.413,0.262,,0,3.0,2.0,1,,0,0,0,0,0,0,0,0,0,,0,0,0,0,0,0,,,,0,0,0,,0,0,0,0,0,0,0,,,0,0,,0,0,0,0,0,0,0,0,0,0,0,,,0,0,0,,,0,,0,0,0,0,0,0,0,0,,,,,,,,0,0,,,,0,0,0,0,0,0,0,0,0,,,,0,0,,0,0,0,0,,,0,0,,,0,0,,0,0,0,0,0,0,0,0,,0,0,0,0,0,0,0,,,0,0,0,0,,0,,0,0,0,,,,0,0,0,0,,0,0,0,,,,,0,0,0,0,,0,,0,,0,0,0,0,0,,0,0,0,,,0,0,0,0,0,0,0,,0,0,,0,0,,0,0,0,,,,,0,0,0,0,,0,0,0,0,0,0,0,0,0,0,0,1,0,0,0,0,0,26.0,,,95.0,,,,0,0,0,,0,0,2,0,0,0.0,1,2,0,0,0,3,0.0,0.0,0,0,0,0,1,0,0,0,0,0,0,0,0,0,0,0,0,0,0,1,0,0,0,0,0,0,2,0
https://www.beko.com.tr/8-bolmeli-derin-dondurucu-/7783-deb-derin-dondurucu,7783 DEB Yapay Zeka Teknolojili 8 Bölmeli Derin Dondurucu,57969.0,9,8 Bolmeli Derin Dondurucu,Beyaz Eşya,Derin Dondurucu,81.3,70.0,191.0,11.0,0,1,1,38.0,0,0,0,6.0,,233.0,0.575,0.378,,0,8.0,,1,,0,0,0,0,0,0,0,0,0,,0,0,0,0,0,0,,,,0,0,0,,0,0,0,0,0,0,0,,,0,0,,0,0,0,0,0,0,0,0,0,0,0,,,0,0,0,,,0,,0,0,0,0,0,0,0,0,,,,,,,,0,0,,,,0,0,0,0,0,0,0,0,0,,,,0,0,,0,0,0,0,,,0,0,,,0,0,,0,0,0,0,0,0,0,0,,0,0,0,0,0,0,0,,,0,0,0,0,,0,,0,0,0,,,,0,0,0,0,,0,0,0,,,,,0,0,0,0,,0,,0,,0,0,0,0,0,,0,0,0,,,0,0,0,0,0,0,0,,0,0,,0,0,,0,0,0,,,,,0,0,0,0,,0,0,0,0,0,0,0,0,0,0,0,1,0,0,0,0,0,89.0,,,404.0,,,,0,0,0,,0,0,2,0,0,0.0,2,2,0,2,0,2,0.0,0.0,0,0,0,0,0,0,0,0,0,0,0,0,0,0,0,0,0,0,0,3,0,0,0,0,0,0,2,0
https://www.beko.com.tr/cekmeceli-derin-dondurucu/7032-nfb-derin-dondurucu,7032 NFB Çekmeceli Derin Dondurucu,22189.0,5,Cekmeceli Derin Dondurucu,Beyaz Eşya,Derin Dondurucu,59.0,54.0,84.0,8.0,0,0,1,39.0,0,0,0,2.0,,181.28,0.447,0.274,,0,,1.0,1,,0,0,0,0,0,0,0,0,0,,0,0,0,0,0,0,,,,0,0,0,,0,0,0,0,0,0,0,,,0,0,,0,0,0,0,0,0,0,0,0,0,0,,,0,0,0,,,0,,0,0,0,0,0,0,0,0,,,,,,,,0,0,,,,0,0,0,0,0,0,0,0,0,,,,0,0,,0,0,0,0,,,0,0,,,0,0,,0,0,0,0,0,0,0,0,,0,0,0,0,0,0,0,,,0,0,0,0,,0,,0,0,0,,,,0,0,0,0,,0,0,0,,,,,0,0,0,0,,0,,0,,0,0,0,0,0,,0,0,0,,,0,0,0,0,0,0,0,,0,0,,0,0,,0,0,0,,,,,0,0,0,0,,0,0,0,0,0,0,0,0,0,0,0,1,0,0,0,0,0,32.0,,,86.0,,,,0,0,0,,0,0,2,0,0,0.0,1,2,0,1,0,2,0.0,0.0,0,0,0,0,1,0,0,0,0,0,0,0,0,0,0,0,0,0,0,2,0,0,0,0,0,0,2,0
https://www.beko.com.tr/5-bolmeli-derin-dondurucu/7053-nfb-derin-dondurucu,7053 NFB 5 Bölmeli Derin Dondurucu,34829.0,3,5 Bolmeli Derin Dondurucu,Beyaz Eşya,Derin Dondurucu,57.5,54.0,146.0,9.0,0,0,1,40.0,0,0,0,4.0,,210.5,0.519,0.377,,0,5.0,1.0,0,,0,0,0,0,0,0,0,0,0,,0,0,0,0,0,0,,,,0,0,0,,0,0,0,0,0,0,0,,,0,0,,0,0,0,0,0,0,0,0,0,0,0,,,0,0,0,,,0,,0,0,0,0,0,0,0,0,,,,,,,,0,0,,,,0,0,0,0,0,0,0,0,0,,,,0,0,,0,0,0,0,,,0,0,,,0,0,,0,0,0,0,0,0,0,0,,0,0,0,0,0,0,0,,,0,0,0,0,,0,,0,0,0,,,,0,0,0,0,,0,0,0,,,,,0,0,0,0,,0,,0,,0,0,0,0,0,,0,0,0,,,0,0,0,0,0,0,0,,0,0,,0,0,,0,0,0,,,,,0,0,0,0,,0,0,0,0,0,0,0,0,0,0,0,1,0,0,0,0,0,45.0,,,177.0,,,,0,0,0,,0,0,2,0,0,0.0,1,2,0,1,0,2,0.0,0.0,0,0,0,0,0,0,0,0,0,0,0,0,0,0,0,0,0,0,0,3,0,0,0,0,0,0,2,0
https://www.beko.com.tr/5-bolmeli-derin-dondurucu/7053-mb-derin-dondurucu,7053 MB 5 Bölmeli Derin Dondurucu,19749.0,13,5 Bolmeli Derin Dondurucu,Beyaz Eşya,Derin Dondurucu,57.5,54.0,146.0,15.0,0,0,1,37.0,0,0,0,4.0,,197.0,0.486,0.34,,0,5.0,1.0,0,,0,0,0,0,0,0,0,0,0,,0,0,0,0,0,0,,,,0,0,0,,0,0,0,0,0,0,0,,,0,0,,0,0,0,0,0,0,0,0,0,0,0,,,0,0,0,,,0,,0,0,0,0,0,0,0,0,,,,,,,,0,0,,,,0,0,0,0,0,0,0,0,0,,,,0,0,,0,0,0,0,,,0,0,,,0,0,,0,0,0,0,0,0,0,0,,0,0,0,0,0,0,0,,,0,0,0,0,,0,,0,0,0,,,,0,0,0,0,,0,0,0,,,,,0,0,0,0,,0,,0,,0,0,0,0,0,,0,0,0,,,0,0,0,0,0,0,0,,0,0,,0,0,,0,0,0,,,,,0,0,0,0,,0,0,0,0,0,0,0,0,0,0,0,1,0,0,0,0,0,45.0,,,196.0,,,,0,0,0,,0,0,2,0,0,0.0,1,2,0,1,0,2,0.0,0.0,0,0,0,0,0,0,0,0,0,0,0,0,0,0,0,0,0,0,0,3,0,0,0,0,0,0,2,0
https://www.beko.com.tr/8-bolmeli-derin-dondurucu-/7083-multimode-ei-derin-dondurucu,7083 MultiMode EI 8 Bölmeli Derin Dondurucu,59129.0,13,8 Bolmeli Derin Dondurucu,Beyaz Eşya,Derin Dondurucu,70.0,60.0,185.0,20.0,0,1,1,39.0,0,0,0,4.0,1.0,234.41,0.578,0.4,,1,8.0,,0,,0,0,0,0,0,0,0,0,0,,0,0,0,0,0,0,,,,0,0,0,,0,0,0,0,0,0,0,,,0,0,,0,0,0,0,0,0,0,0,0,0,0,,,0,0,0,,,0,,0,0,0,0,0,0,0,0,,,,,,,,0,0,,,,0,0,0,0,0,0,0,0,0,,,,0,0,,0,0,0,0,,,0,0,,,0,0,,0,0,0,0,0,0,0,0,,0,0,0,0,0,0,0,,,0,0,0,0,,0,,0,0,0,,,,0,0,0,0,,0,0,0,,,,,0,0,0,0,,0,,0,,0,0,0,0,0,,0,0,0,,,0,0,0,0,0,0,0,,0,0,,0,0,,0,0,0,,,,,0,0,0,0,,0,0,0,0,0,0,0,0,1,0,0,0,0,0,0,0,0,70.0,,,240.0,,,,0,0,0,,0,0,2,0,0,0.0,1,2,0,1,0,2,0.0,0.0,0,0,0,0,0,0,0,0,0,0,0,0,0,0,0,0,0,0,0,3,0,0,0,0,0,0,2,0
https://www.beko.com.tr/6-bolmeli-derin-dondurucu/7063-mb-derin-dondurucu,7063 MB 6 Bölmeli Derin Dondurucu,28279.0,28,6 Bolmeli Derin Dondurucu,Beyaz Eşya,Derin Dondurucu,57.5,54.0,146.0,15.0,0,0,1,37.0,0,0,0,4.0,,197.0,0.486,0.34,,0,6.0,2.0,0,,0,0,0,0,0,0,0,0,0,,0,0,0,0,0,0,,,,0,0,0,,0,0,0,0,0,0,0,,,0,0,,0,0,0,0,0,0,0,0,0,0,0,,,0,0,0,,,0,,0,0,0,0,0,0,0,0,,,,,,,,0,0,,,,0,0,0,0,0,0,0,0,0,,,,0,0,,0,0,0,0,,,0,0,,,0,0,,0,0,0,0,0,0,0,0,,0,0,0,0,0,0,0,,,0,0,0,0,,0,,0,0,0,,,,0,0,0,0,,0,0,0,,,,,0,0,0,0,,0,,0,,0,0,0,0,0,,0,0,0,,,0,0,0,0,0,0,0,,0,0,,0,0,,0,0,0,,,,,0,0,0,0,,0,0,0,0,0,0,0,0,0,0,0,1,0,0,0,0,0,45.0,,,196.0,,,,0,0,0,,0,0,2,0,0,0.0,1,2,0,1,0,2,0.0,0.0,0,0,0,0,0,0,0,0,0,0,0,0,0,0,0,0,0,0,0,3,0,0,0,0,0,0,2,0
https://www.beko.com.tr/sandik-tipi-derin-dondurucu/3104-e-derin-dondurucu,3104 E Sandık Tipi Derin Dondurucu,18899.0,6,Sandik Tipi Derin Dondurucu,Beyaz Eşya,Derin Dondurucu,58.5,54.0,86.0,12.0,0,0,0,35.0,0,0,0,,,170.0,0.419,0.293,,0,,,0,,0,0,0,0,0,0,0,0,0,,0,0,0,0,0,0,,,,0,0,0,,0,0,0,0,0,0,0,,,0,0,,0,0,0,0,0,0,0,0,0,0,0,,,0,0,0,,,0,,0,0,0,0,0,0,0,0,,,,,,,,0,0,,,,0,0,0,0,0,0,0,0,0,,,,0,0,,0,0,0,0,,,0,0,,,0,0,,0,0,0,0,0,0,0,0,,0,0,0,0,0,0,0,,,0,0,0,0,,0,,0,0,0,,,,0,0,0,0,,0,0,0,,,,,0,0,0,0,,0,,0,,0,0,0,0,0,,0,0,0,,,0,0,0,0,0,0,0,,0,0,,0,0,,0,0,0,,,,,0,0,0,0,,0,0,0,0,0,0,0,0,0,0,0,1,0,0,0,0,0,23.0,,,104.0,,,,0,0,0,,0,0,2,0,0,0.0,1,1,0,0,0,3,0.0,0.0,0,0,0,0,0,0,0,0,0,0,0,0,0,0,0,0,0,0,0,1,0,0,0,0,0,0,2,0
https://www.beko.com.tr/sandik-tipi-derin-dondurucu/3451-e-derin-dondurucu,3451 E Sandık Tipi Derin Dondurucu,42409.0,6,Sandik Tipi Derin Dondurucu,Beyaz Eşya,Derin Dondurucu,67.5,156.0,86.0,36.0,0,0,0,36.0,0,0,0,,,279.0,0.688,0.346,1.0,0,,,0,,0,0,0,0,0,0,0,0,0,,0,0,0,0,0,0,,,,0,0,0,,0,0,0,0,0,0,0,,,0,0,,0,0,0,0,0,0,0,0,0,0,0,,,0,0,0,,,0,,0,0,0,0,0,0,0,0,,,,,,,,0,0,,,,0,0,0,0,0,0,0,0,0,,,,0,0,,0,0,0,0,,,0,0,,,0,0,,0,0,0,0,0,0,0,0,,0,0,0,0,0,0,0,,,0,0,0,0,,0,,0,0,0,,,,0,0,0,0,,0,0,0,,,,,0,0,0,0,,0,,0,,0,0,0,0,0,,0,0,0,,,0,0,0,0,0,0,0,,0,0,,0,0,,0,0,0,,,,,0,0,0,0,,0,0,0,0,0,0,0,0,0,0,0,1,0,0,0,0,0,51.0,,,451.0,,,,0,0,0,,0,0,2,0,0,0.0,1,1,0,0,0,2,0.0,0.0,0,0,0,0,0,0,0,0,0,0,0,0,0,0,0,0,0,0,0,1,0,0,0,0,0,0,2,0
https://www.beko.com.tr/7-bolmeli-derin-dondurucu/7375-jei-derin-dondurucu,7375 JEI 7 Bölmeli Derin Dondurucu,48579.0,12,7 Bolmeli Derin Dondurucu,Beyaz Eşya,Derin Dondurucu,75.4,60.0,171.0,11.0,0,1,1,38.0,0,0,0,5.0,,241.89,0.595,0.38,,1,7.0,,0,,0,0,0,0,0,0,0,0,0,,0,0,0,0,0,0,,,,0,0,0,,0,0,0,0,0,0,0,,,0,0,,0,0,0,0,0,0,0,0,0,0,0,,,0,0,0,,,0,,0,0,0,0,0,0,0,0,,,,,,,,0,0,,,,0,0,0,0,0,0,0,0,0,,,,0,0,,0,0,0,0,,,0,0,,,0,0,,0,0,0,0,0,0,0,0,,0,0,0,0,0,0,0,,,0,0,0,0,,0,,0,0,0,,,,0,0,0,0,,0,0,0,,,,,0,0,0,0,,0,,0,,0,0,0,0,0,,0,0,0,,,0,0,0,0,0,0,0,,0,0,,0,0,,0,0,0,,,,,0,0,0,0,,0,0,0,0,0,0,0,0,1,0,0,0,0,0,0,0,0,69.0,,,260.0,,,,0,0,0,,0,0,2,0,0,0.0,1,2,0,2,0,2,0.0,0.0,0,0,0,0,0,0,0,0,0,0,0,0,0,0,0,0,0,0,0,3,0,0,0,0,0,0,2,0
https://www.beko.com.tr/4-bolmeli-derin-dondurucu/7043-mb-derin-dondurucu,7043 MB 4 Bölmeli Derin Dondurucu,22989.0,10,4 Bolmeli Derin Dondurucu,Beyaz Eşya,Derin Dondurucu,63.8,54.0,102.0,14.0,0,0,1,38.0,0,0,0,3.0,,174.0,0.429,0.284,0.0,0,4.0,,1,,0,0,0,0,0,0,0,0,0,,0,0,0,0,0,0,,,,0,0,0,,0,0,0,0,0,0,0,,,0,0,,0,0,0,0,0,0,0,0,0,0,0,,,0,0,0,,,0,,0,0,0,0,0,0,0,0,,,,,,,,0,0,,,,0,0,0,0,0,0,0,0,0,,,,0,0,,0,0,0,0,,,0,0,,,0,0,,0,0,0,0,0,0,0,0,,0,0,0,0,0,0,0,,,0,0,0,0,,0,,0,0,0,,,,0,0,0,0,,0,0,0,,,,,0,0,0,0,,0,,0,,0,0,0,0,0,,0,0,0,,,0,0,0,0,0,0,0,,0,0,,0,0,,0,0,0,,,,,0,0,0,0,,0,0,0,0,0,0,0,0,0,0,0,1,0,0,0,0,0,36.0,,,117.0,,,,0,0,0,,0,0,2,0,0,0.0,1,2,0,1,0,2,0.0,0.0,0,0,0,0,0,0,0,0,0,0,0,0,0,0,0,0,0,0,0,2,0,0,0,0,0,0,2,0
https://www.beko.com.tr/7-bolmeli-derin-dondurucu/7375-jeb-derin-dondurucu,7375 JEB 7 Bölmeli Derin Dondurucu,47839.0,15,7 Bolmeli Derin Dondurucu,Beyaz Eşya,Derin Dondurucu,75.4,60.0,171.0,11.0,0,1,1,38.0,0,0,0,5.0,,241.89,0.595,0.38,,1,7.0,,0,,0,0,0,0,0,0,0,0,0,,0,0,0,0,0,0,,,,0,0,0,,0,0,0,0,0,0,0,,,0,0,,0,0,0,0,0,0,0,0,0,0,0,,,0,0,0,,,0,,0,0,0,0,0,0,0,0,,,,,,,,0,0,,,,0,0,0,0,0,0,0,0,0,,,,0,0,,0,0,0,0,,,0,0,,,0,0,,0,0,0,0,0,0,0,0,,0,0,0,0,0,0,0,,,0,0,0,0,,0,,0,0,0,,,,0,0,0,0,,0,0,0,,,,,0,0,0,0,,0,,0,,0,0,0,0,0,,0,0,0,,,0,0,0,0,0,0,0,,0,0,,0,0,,0,0,0,,,,,0,0,0,0,,0,0,0,0,0,0,0,0,0,0,0,1,0,0,0,0,0,69.0,,,260.0,,,,0,0,0,,0,0,2,0,0,0.0,1,2,0,2,0,2,0.0,0.0,0,0,0,0,0,0,0,0,0,0,0,0,0,0,0,0,0,0,0,3,0,0,0,0,0,0,2,0
https://www.beko.com.tr/sandik-tipi-derin-dondurucu/3298-jem-derin-dondurucu,3298 JEM Sandık Tipi Derin Dondurucu,34129.0,11,Sandik Tipi Derin Dondurucu,Beyaz Eşya,Derin Dondurucu,68.5,111.0,86.0,30.0,0,0,0,36.0,0,0,0,,,231.0,0.57,0.382,1.0,0,,,0,,0,0,0,0,0,0,0,0,0,,0,0,0,0,0,0,,,,0,0,0,,0,0,0,0,0,0,0,,,0,0,,0,0,0,0,0,0,0,0,0,0,0,,,0,0,0,,,0,,0,0,0,0,0,0,0,0,,,,,,,,0,0,,,,0,0,0,0,0,0,0,0,0,,,,0,0,,0,0,0,0,,,0,0,,,0,0,,0,0,0,0,0,0,0,0,,0,0,0,0,0,0,0,,,0,0,0,0,,0,,0,0,0,,,,0,0,0,0,,0,0,0,,,,,0,0,0,0,,0,,0,,0,0,0,0,0,,0,0,0,,,0,0,0,0,0,0,0,,0,0,,0,0,,0,0,0,,,,,0,0,0,0,,0,0,0,0,0,0,0,0,0,0,0,1,0,0,0,0,0,44.5,,,298.0,,,,0,0,0,,0,0,2,0,0,0.0,1,3,0,0,0,2,0.0,0.0,0,0,0,0,0,0,0,0,0,0,0,0,0,0,0,0,0,0,0,1,0,0,0,0,0,0,2,0
https://www.beko.com.tr/sandik-tipi-derin-dondurucu/3205-jem-derin-dondurucu,3205 JEM Sandık Tipi Derin Dondurucu,31389.0,2,Sandik Tipi Derin Dondurucu,Beyaz Eşya,Derin Dondurucu,67.5,76.0,91.0,23.0,0,0,0,36.0,0,0,0,,,202.0,0.498,0.349,,0,,,0,,0,0,0,0,0,0,0,0,0,,0,0,0,0,0,0,,,,0,0,0,,0,0,0,0,0,0,0,,,0,0,,0,0,0,0,0,0,0,0,0,0,0,,,0,0,0,,,0,,0,0,0,0,0,0,0,0,,,,,,,,0,0,,,,0,0,0,0,0,0,0,0,0,,,,0,0,,0,0,0,0,,,0,0,,,0,0,,0,0,0,0,0,0,0,0,,0,0,0,0,0,0,0,,,0,0,0,0,,0,,0,0,0,,,,0,0,0,0,,0,0,0,,,,,0,0,0,0,,0,,0,,0,0,0,0,0,,0,0,0,,,0,0,0,0,0,0,0,,0,0,,0,0,,0,0,0,,,,,0,0,0,0,,0,0,0,0,0,0,0,0,0,0,0,1,0,0,0,0,0,35.0,,,205.0,,,,0,0,0,,0,0,2,0,0,0.0,1,3,0,0,0,2,0.0,0.0,0,0,0,0,0,0,0,0,0,0,0,0,0,0,0,0,0,0,0,1,0,0,0,0,0,0,2,0
https://www.beko.com.tr/sandik-tipi-derin-dondurucu/3360-jem-derin-dondurucu,3360 JEM Sandık Tipi Derin Dondurucu,39449.0,9,Sandik Tipi Derin Dondurucu,Beyaz Eşya,Derin Dondurucu,68.5,129.0,86.0,30.0,0,0,0,36.0,0,0,0,,,251.0,0.619,0.415,1.0,0,,,0,,0,0,0,0,0,0,0,0,0,,0,0,0,0,0,0,,,,0,0,0,,0,0,0,0,0,0,0,,,0,0,,0,0,0,0,0,0,0,0,0,0,0,,,0,0,0,,,0,,0,0,0,0,0,0,0,0,,,,,,,,0,0,,,,0,0,0,0,0,0,0,0,0,,,,0,0,,0,0,0,0,,,0,0,,,0,0,,0,0,0,0,0,0,0,0,,0,0,0,0,0,0,0,,,0,0,0,0,,0,,0,0,0,,,,0,0,0,0,,0,0,0,,,,,0,0,0,0,,0,,0,,0,0,0,0,0,,0,0,0,,,0,0,0,0,0,0,0,,0,0,,0,0,,0,0,0,,,,,0,0,0,0,,0,0,0,0,0,0,0,0,0,0,0,1,0,0,0,0,0,49.0,,,360.0,,,,0,0,0,,0,0,2,0,0,0.0,1,3,0,0,0,2,0.0,0.0,0,0,0,0,0,0,0,0,0,0,0,0,0,0,0,0,0,0,0,1,0,0,0,0,0,0,2,0
https://www.beko.com.tr/sandik-tipi-derin-dondurucu/3298-jemg-derin-dondurucu,3298 JEMG Sandık Tipi Derin Dondurucu,35829.0,1,Sandik Tipi Derin Dondurucu,Beyaz Eşya,Derin Dondurucu,68.5,111.0,86.0,30.0,0,0,0,36.0,0,0,0,,,231.0,0.57,0.382,1.0,0,,,0,,0,0,0,0,0,0,0,0,0,,0,0,0,0,0,0,,,,0,0,0,,0,0,0,0,0,0,0,,,0,0,,0,0,0,0,0,0,0,0,0,0,0,,,0,0,0,,,0,,0,0,0,0,0,0,0,0,,,,,,,,0,0,,,,0,0,0,0,0,0,0,0,0,,,,0,0,,0,0,0,0,,,0,0,,,0,0,,0,0,0,0,0,0,0,0,,0,0,0,0,0,0,0,,,0,0,0,0,,0,,0,0,0,,,,0,0,0,0,,0,0,0,,,,,0,0,0,0,,0,,0,,0,0,0,0,0,,0,0,0,,,0,0,0,0,0,0,0,,0,0,,0,0,,0,0,0,,,,,0,0,0,0,,0,0,0,0,0,0,0,0,1,0,0,0,0,0,0,0,0,44.5,,,298.0,,,,0,0,0,,0,0,2,0,0,0.0,1,3,0,0,0,2,0.0,0.0,0,0,0,0,0,0,0,0,0,0,0,0,0,0,0,0,0,0,0,1,0,0,0,0,0,0,2,0
https://www.beko.com.tr/8-bolmeli-derin-dondurucu-/7681-eb-derin-dondurucu,7681 EB 8 Bölmeli Derin Dondurucu,50489.0,12,8 Bolmeli Derin Dondurucu,Beyaz Eşya,Derin Dondurucu,70.9,60.0,187.0,9.0,0,1,1,38.0,0,0,0,5.0,,250.23,0.617,0.403,,0,,,0,,0,0,0,0,0,0,0,0,0,,0,0,0,0,0,0,,,,0,0,0,,0,0,0,0,0,0,0,,,0,0,,0,0,0,0,0,0,0,0,0,0,0,,,0,0,0,,,0,,0,0,0,0,0,0,0,0,,,,,,,,0,0,,,,0,0,0,0,0,0,0,0,0,,,,0,0,,0,0,0,0,,,0,0,,,0,0,,0,0,0,0,0,0,0,0,,0,0,0,0,0,0,0,,,0,0,0,0,,0,,0,0,0,,,,0,0,0,0,,0,0,0,,,,,0,0,0,0,,0,,0,,0,0,0,0,0,,0,0,0,,,0,0,0,0,0,0,0,,0,0,,0,0,,0,0,0,,,,,0,0,0,0,,0,0,0,0,0,0,0,0,0,0,0,1,0,0,0,0,0,69.0,,,286.0,,,,0,0,0,,0,0,2,0,0,0.0,1,2,0,2,0,2,0.0,0.0,0,0,0,0,0,0,0,0,0,0,0,0,0,0,0,0,0,0,0,3,0,0,0,0,0,0,2,0
https://www.beko.com.tr/10-kg-camasir-makinesi/cmx-10120-camasir-makinesi,CMX 10120 10 Kg Çamaşır Makinesi,36029.0,268,10 Kg Camasir Makinesi,Beyaz Eşya,Çamaşır Makinesi,58.0,60.0,85.0,,0,0,0,,0,0,0,,,,,,,0,,,0,10.0,1,1,1,1,1,1,1,1,1,51000.0,0,0,0,0,0,0,,,51.0,0,0,0,,0,0,0,0,0,0,0,,,0,0,,0,0,0,0,0,0,0,0,0,0,0,,,0,0,0,,,0,,0,0,0,0,0,0,0,0,,,,,,,,0,0,,,,0,0,0,0,0,0,0,0,0,,,,0,0,,0,0,0,0,,,0,0,,,0,0,,0,0,0,0,0,0,0,0,,0,0,0,0,0,0,0,,,0,0,0,0,,0,,0,0,0,,,,0,0,0,0,,0,0,0,,,,,0,0,0,0,,0,,0,,0,0,0,0,0,,0,0,0,,,0,0,0,0,0,0,0,,0,0,,0,0,,0,0,0,,,,,0,0,0,0,,0,0,0,0,0,0,0,0,0,0,0,1,0,0,0,0,0,71.0,,,,,,1200.0,18,0,0,,0,0,0,0,0,0.0,5,0,0,0,3,0,0.0,0.0,0,0,0,0,0,0,0,0,0,0,0,0,0,0,0,0,0,0,0,0,0,0,0,0,1,0,28,0
https://www.beko.com.tr/camasir-makinesi/cmxd-9120-camasir-makinesi,CMXD 9120 Çamaşır Makinesi,33839.0,118,Camasir Makinesi,Beyaz Eşya,Çamaşır Makinesi,58.0,60.0,85.0,,0,0,0,,0,0,0,,,,,,,0,,,0,9.0,1,1,1,1,1,1,1,1,1,49000.0,1,0,0,0,0,0,,,49.0,0,0,0,,0,0,0,0,0,0,0,,,0,0,,0,0,0,0,0,0,0,0,0,0,0,,,0,0,0,,,0,,0,0,0,0,0,0,0,0,,,,,,,,0,0,,,,0,0,0,0,0,0,0,0,0,,,,0,0,,0,0,0,0,,,0,0,,,0,0,,0,0,0,0,0,0,0,0,,0,0,0,0,0,0,0,,,0,0,0,0,,0,,0,0,0,,,,0,0,0,0,,0,0,0,,,,,0,0,0,0,,0,,0,,0,0,0,0,0,,0,0,0,,,0,0,0,0,0,0,0,,0,0,,0,0,,0,0,0,,,,,0,0,0,0,,0,0,0,0,0,0,0,0,0,0,0,1,0,0,0,0,0,71.0,,,,,,1200.0,18,0,0,,0,0,0,0,0,0.0,5,0,0,0,3,0,0.0,0.0,0,0,0,0,0,0,0,0,0,0,0,0,0,0,0,0,0,0,0,0,0,0,0,0,1,0,28,0
https://www.beko.com.tr/10-kg-camasir-makinesi/cmx-10120-s-camasir-makinesi,CMX 10120 S 10 Kg Çamaşır Makinesi,36809.0,133,10 Kg Camasir Makinesi,Beyaz Eşya,Çamaşır Makinesi,58.0,60.0,85.0,,0,0,0,,0,0,0,,,,,,,0,,,0,10.0,1,1,1,1,1,1,1,1,1,51000.0,1,0,0,0,0,0,,,51.0,0,0,0,,0,0,0,0,0,0,0,,,0,0,,0,0,0,0,0,0,0,0,0,0,0,,,0,0,0,,,0,,0,0,0,0,0,0,0,0,,,,,,,,0,0,,,,0,0,0,0,0,0,0,0,0,,,,0,0,,0,0,0,0,,,0,0,,,0,0,,0,0,0,0,0,0,0,0,,0,0,0,0,0,0,0,,,0,0,0,0,,0,,0,0,0,,,,0,0,0,0,,0,0,0,,,,,0,0,0,0,,0,,0,,0,0,0,0,0,,0,0,0,,,0,0,0,0,0,0,0,,0,0,,0,0,,0,0,0,,,,,0,0,0,0,,0,0,0,0,0,0,0,0,1,0,0,0,0,0,0,0,0,71.0,,,,,,1200.0,18,0,0,,0,0,0,0,0,0.0,5,0,0,0,3,0,0.0,0.0,0,0,0,0,0,0,0,0,0,0,0,0,0,0,0,0,0,0,0,0,0,0,0,0,1,0,28,0
https://www.beko.com.tr/9-kg-camasir-makinesi/cmb-9120-o-camasir-makinesi,CMB 9120 O 9 Kg Çamaşır Makinesi,36809.0,31,9 Kg Camasir Makinesi,Beyaz Eşya,Çamaşır Makinesi,58.0,60.0,85.0,,0,0,0,,0,0,0,,,,,,,0,,,0,9.0,1,1,1,1,1,1,1,1,1,44000.0,0,0,0,0,0,0,,,44.0,0,0,0,,0,0,0,0,0,0,0,,,0,0,,0,0,0,0,0,0,0,0,0,0,0,,,0,0,0,,,0,,0,0,0,0,0,0,0,0,,,,,,,,0,0,,,,0,0,0,0,0,0,0,0,0,,,,0,0,,0,0,0,0,,,0,0,,,0,0,,0,0,0,0,0,0,0,0,,0,0,0,0,0,0,0,,,0,0,0,0,,0,,0,0,0,,,,0,0,0,0,,0,0,0,,,,,0,0,0,0,,0,,0,,0,0,0,0,0,,0,0,0,,,0,0,0,0,0,0,0,,0,0,,0,0,,0,0,0,,,,,0,0,0,0,,0,0,0,0,0,0,0,0,0,0,0,1,0,0,0,0,0,71.0,,,,,,1200.0,18,1,0,,0,0,0,0,0,0.0,5,0,0,0,3,0,0.0,0.0,0,0,0,0,0,0,0,0,0,0,0,0,0,0,0,0,0,0,0,0,0,0,0,0,1,0,35,0
https://www.beko.com.tr/9-kg-camasir-makinesi/cmb-9120-og-camasir-makinesi,CMB 9120 OG 9 Kg Çamaşır Makinesi,37769.0,16,9 Kg Camasir Makinesi,Beyaz Eşya,Çamaşır Makinesi,58.0,60.0,85.0,,0,0,0,,0,0,0,,,,,,,0,,,0,9.0,1,1,1,1,1,1,1,1,1,44000.0,0,0,0,0,0,0,,,44.0,0,0,0,,0,0,0,0,0,0,0,,,0,0,,0,0,0,0,0,0,0,0,0,0,0,,,0,0,0,,,0,,0,0,0,0,0,0,0,0,,,,,,,,0,0,,,,0,0,0,0,0,0,0,0,0,,,,0,0,,0,0,0,0,,,0,0,,,0,0,,0,0,0,0,0,0,0,0,,0,0,0,0,0,0,0,,,0,0,0,0,,0,,0,0,0,,,,0,0,0,0,,0,0,0,,,,,0,0,0,0,,0,,0,,0,0,0,0,0,,0,0,0,,,0,0,0,0,0,0,0,,0,0,,0,0,,0,0,0,,,,,0,0,0,0,,0,0,0,0,0,0,0,0,1,0,0,0,0,0,0,0,0,70.0,,,,,,1200.0,18,1,0,,0,0,0,0,0,0.0,5,0,0,0,3,0,0.0,0.0,0,0,0,0,0,0,0,0,0,0,0,0,0,0,0,0,0,0,0,0,0,0,0,0,1,0,35,0
https://www.beko.com.tr/9-kg-camasir-makinesi/cmxd-9100-camasir-makinesi,CMXD 9100 9 Kg Çamaşır Makinesi,33869.0,201,9 Kg Camasir Makinesi,Beyaz Eşya,Çamaşır Makinesi,58.0,60.0,85.0,,0,0,0,,0,0,0,,,,,,,0,,,0,9.0,1,1,1,1,1,1,1,1,1,49000.0,1,0,0,0,0,0,,,49.0,0,0,0,,0,0,0,0,0,0,0,,,0,0,,0,0,0,0,0,0,0,0,0,0,0,,,0,0,0,,,0,,0,0,0,0,0,0,0,0,,,,,,,,0,0,,,,0,0,0,0,0,0,0,0,0,,,,0,0,,0,0,0,0,,,0,0,,,0,0,,0,0,0,0,0,0,0,0,,0,0,0,0,0,0,0,,,0,0,0,0,,0,,0,0,0,,,,0,0,0,0,,0,0,0,,,,,0,0,0,0,,0,,0,,0,0,0,0,0,,0,0,0,,,0,0,0,0,0,0,0,,0,0,,0,0,,0,0,0,,,,,0,0,0,0,,0,0,0,0,0,0,0,0,0,0,0,1,0,0,0,0,0,71.0,,,,,,1000.0,18,0,0,,0,0,0,0,0,0.0,5,0,0,0,3,0,0.0,0.0,0,0,0,0,0,0,0,0,0,0,0,0,0,0,0,0,0,0,0,0,0,0,0,0,1,0,28,0
https://www.beko.com.tr/12-kg-camasir-makinesi/cmx-12140-a-camasir-makinesi,CMX 12140 A 12 Kg Çamaşır Makinesi,40619.0,48,12 Kg Camasir Makinesi,Beyaz Eşya,Çamaşır Makinesi,63.0,60.0,85.0,,0,0,0,,0,0,0,,,,,,,0,,,0,12.0,1,1,1,1,1,1,1,1,1,54000.0,0,0,0,0,0,0,,,56.0,0,0,0,,0,0,0,0,0,0,0,,,0,0,,0,0,0,0,0,0,0,0,0,0,0,,,0,0,0,,,0,,0,0,0,0,0,0,0,0,,,,,,,,0,0,,,,0,0,0,0,0,0,0,0,0,,,,0,0,,0,0,0,0,,,0,0,,,0,0,,0,0,0,0,0,0,0,0,,0,0,0,0,0,0,0,,,0,0,0,0,,0,,0,0,0,,,,0,0,0,0,,0,0,0,,,,,0,0,0,0,,0,,0,,0,0,0,0,0,,0,0,0,,,0,0,0,0,0,0,0,,0,0,,0,0,,0,0,0,,,,,0,0,0,0,,0,0,0,0,0,0,0,1,0,0,0,0,0,0,0,0,0,78.0,,,,,,1400.0,18,1,0,,0,0,0,0,0,0.0,5,0,0,0,3,0,0.0,0.0,0,0,0,0,0,0,0,0,0,0,0,0,0,0,0,0,0,0,0,0,0,0,0,0,1,0,31,0
https://www.beko.com.tr/10-kg-camasir-makinesi/cmb-10140-o-camasir-makinesi,CMB 10140 O 10 Kg Çamaşır Makinesi,39809.0,61,10 Kg Camasir Makinesi,Beyaz Eşya,Çamaşır Makinesi,58.0,60.0,85.0,,0,0,0,,0,0,0,,,,,,,0,,,0,10.0,1,1,1,1,1,1,1,1,1,46000.0,0,0,0,0,0,0,,,52.0,0,0,0,,0,0,0,0,0,0,0,,,0,0,,0,0,0,0,0,0,0,0,0,0,0,,,0,0,0,,,0,,0,0,0,0,0,0,0,0,,,,,,,,0,0,,,,0,0,0,0,0,0,0,0,0,,,,0,0,,0,0,0,0,,,0,0,,,0,0,,0,0,0,0,0,0,0,0,,0,0,0,0,0,0,0,,,0,0,0,0,,0,,0,0,0,,,,0,0,0,0,,0,0,0,,,,,0,0,0,0,,0,,0,,0,0,0,0,0,,0,0,0,,,0,0,0,0,0,0,0,,0,0,,0,0,,0,0,0,,,,,0,0,0,0,,0,0,0,0,0,0,0,0,0,0,0,1,0,0,0,0,0,71.0,,,,,,1400.0,18,1,0,,0,0,0,0,0,0.0,5,0,0,0,3,0,0.0,0.0,0,0,0,0,0,0,0,0,0,0,0,0,0,0,0,0,0,0,0,0,0,0,0,0,1,0,35,0
https://www.beko.com.tr/9-kg-camasir-makinesi/cmxt-9120-camasir-makinesi,CMXT 9120 9 Kg Çamaşır Makinesi,29489.0,71,9 Kg Camasir Makinesi,Beyaz Eşya,Çamaşır Makinesi,54.6,60.0,85.0,,0,0,0,,0,0,0,,,,,,,0,,,0,9.0,1,1,1,1,1,1,1,1,1,49000.0,0,0,0,0,0,0,,,49.0,0,0,0,,0,0,0,0,0,0,0,,,0,0,,0,0,0,0,0,0,0,0,0,0,0,,,0,0,0,,,0,,0,0,0,0,0,0,0,0,,,,,,,,0,0,,,,0,0,0,0,0,0,0,0,0,,,,0,0,,0,0,0,0,,,0,0,,,0,0,,0,0,0,0,0,0,0,0,,0,0,0,0,0,0,0,,,0,0,0,0,,0,,0,0,0,,,,0,0,0,0,,0,0,0,,,,,0,0,0,0,,0,,0,,0,0,0,0,0,,0,0,0,,,0,0,0,0,0,0,0,,0,0,,0,0,,0,0,0,,,,,0,0,0,0,,0,0,0,0,0,0,0,0,0,0,0,1,0,0,0,0,0,63.0,,,,,,1200.0,18,0,0,,0,0,0,0,0,0.0,5,0,0,0,3,0,0.0,0.0,0,0,0,0,0,0,0,0,0,0,0,0,0,0,0,0,0,0,0,0,0,0,0,0,1,0,26,0
https://www.beko.com.tr/9-kg-camasir-makinesi/cmb-9140-og-camasir-makinesi,CMB 9140 OG 9 Kg Çamaşır Makinesi,38639.0,20,9 Kg Camasir Makinesi,Beyaz Eşya,Çamaşır Makinesi,58.0,60.0,85.0,,0,0,0,,0,0,0,,,,,,,0,,,0,9.0,1,1,1,1,1,1,1,1,1,24000.0,1,0,0,0,0,0,,,40.0,0,0,0,,0,0,0,0,0,0,0,,,0,0,,0,0,0,0,0,0,0,0,0,0,0,,,0,0,0,,,0,,0,0,0,0,0,0,0,0,,,,,,,,0,0,,,,0,0,0,0,0,0,0,0,0,,,,0,0,,0,0,0,0,,,0,0,,,0,0,,0,0,0,0,0,0,0,0,,0,0,0,0,0,0,0,,,0,0,0,0,,0,,0,0,0,,,,0,0,0,0,,0,0,0,,,,,0,0,0,0,,0,,0,,0,0,0,0,0,,0,0,0,,,0,0,0,0,0,0,0,,0,0,,0,0,,0,0,0,,,,,0,0,0,0,,0,0,0,0,0,0,0,0,1,0,0,0,0,0,0,0,0,72.0,,,,,,1400.0,18,1,0,,0,0,0,0,0,0.0,5,0,0,0,3,0,0.0,0.0,0,0,0,0,0,0,0,0,0,0,0,0,0,0,0,0,0,0,0,0,0,0,0,0,1,0,35,0
https://www.beko.com.tr/10-kg-camasir-makinesi/cmb-10120-ob-camasir-makinesi,CMB 10120 OB 10 Kg Çamaşır Makinesi,40259.0,0,10 Kg Camasir Makinesi,Beyaz Eşya,Çamaşır Makinesi,58.0,60.0,85.0,,0,0,0,,0,0,0,,,,,,,0,,,0,10.0,1,1,1,1,1,1,1,1,1,46000.0,1,0,0,0,0,0,,,52.0,0,0,0,,0,0,0,0,0,0,0,,,0,0,,0,0,0,0,0,0,0,0,0,0,0,,,0,0,0,,,0,,0,0,0,0,0,0,0,0,,,,,,,,0,0,,,,0,0,0,0,0,0,0,0,0,,,,0,0,,0,0,0,0,,,0,0,,,0,0,,0,0,0,0,0,0,0,0,,0,0,0,0,0,0,0,,,0,0,0,0,,0,,0,0,0,,,,0,0,0,0,,0,0,0,,,,,0,0,0,0,,0,,0,,0,0,0,0,0,,0,0,0,,,0,0,0,0,0,0,0,,0,0,,0,0,,0,0,0,,,,,0,0,0,0,,0,0,0,0,0,0,0,1,0,0,0,0,0,0,0,0,0,70.0,,,,,,1200.0,18,1,0,,0,0,0,0,0,0.0,5,0,0,0,3,0,0.0,0.0,0,0,0,0,0,0,0,0,0,0,0,0,0,0,0,0,0,0,0,0,0,0,0,0,1,0,35,0
https://www.beko.com.tr/8-kg-camasir-makinesi/cmx-8100-camasir-makinesi,CMX 8100 8 Kg Çamaşır Makinesi,32189.0,89,8 Kg Camasir Makinesi,Beyaz Eşya,Çamaşır Makinesi,54.6,60.0,85.0,,0,0,0,,0,0,0,,,,,,,0,,,0,8.0,0,1,1,1,1,1,1,1,1,47000.0,1,0,0,0,0,0,,,45.0,0,0,0,,0,0,0,0,0,0,0,,,0,0,,0,0,0,0,0,0,0,0,0,0,0,,,0,0,0,,,0,,0,0,0,0,0,0,0,0,,,,,,,,0,0,,,,0,0,0,0,0,0,0,0,0,,,,0,0,,0,0,0,0,,,0,0,,,0,0,,0,0,0,0,0,0,0,0,,0,0,0,0,0,0,0,,,0,0,0,0,,0,,0,0,0,,,,0,0,0,0,,0,0,0,,,,,0,0,0,0,,0,,0,,0,0,0,0,0,,0,0,0,,,0,0,0,0,0,0,0,,0,0,,0,0,,0,0,0,,,,,0,0,0,0,,0,0,0,0,0,0,0,0,0,0,0,1,0,0,0,0,0,64.0,,,,,,1000.0,17,1,0,,0,0,0,0,0,0.0,5,0,0,0,3,0,0.0,0.0,0,0,0,0,0,0,0,0,0,0,0,0,0,0,0,0,0,0,0,0,0,0,0,0,1,0,24,0
https://www.beko.com.tr/camasir-makinesi/cmxd-9120-s-camasir-makinesi,CMXD 9120 S Çamaşır Makinesi,35279.0,79,Camasir Makinesi,Beyaz Eşya,Çamaşır Makinesi,58.0,60.0,85.0,,0,0,0,,0,0,0,,,,,,,0,,,0,9.0,1,1,1,1,1,1,1,1,1,49000.0,1,0,0,0,0,0,,,49.0,0,0,0,,0,0,0,0,0,0,0,,,0,0,,0,0,0,0,0,0,0,0,0,0,0,,,0,0,0,,,0,,0,0,0,0,0,0,0,0,,,,,,,,0,0,,,,0,0,0,0,0,0,0,0,0,,,,0,0,,0,0,0,0,,,0,0,,,0,0,,0,0,0,0,0,0,0,0,,0,0,0,0,0,0,0,,,0,0,0,0,,0,,0,0,0,,,,0,0,0,0,,0,0,0,,,,,0,0,0,0,,0,,0,,0,0,0,0,0,,0,0,0,,,0,0,0,0,0,0,0,,0,0,,0,0,,0,0,0,,,,,0,0,0,0,,0,0,0,0,0,0,0,0,1,0,0,0,0,0,0,0,0,71.0,,,,,,1200.0,18,0,0,,0,0,0,0,0,0.0,5,0,0,0,3,0,0.0,0.0,0,0,0,0,0,0,0,0,0,0,0,0,0,0,0,0,0,0,0,0,0,0,0,0,1,0,28,0
https://www.beko.com.tr/camasir-makinesi/cm-10140-sw-camasir-makinesi,CM 10140 SW Çamaşır Makinesi,46799.0,42,Camasir Makinesi,Beyaz Eşya,Çamaşır Makinesi,58.0,60.0,85.0,,0,0,0,,0,0,0,,,,,,,0,,,0,10.0,1,1,1,1,1,1,1,1,1,51000.0,1,0,0,0,0,0,,,51.0,0,0,0,,0,0,0,0,0,0,0,,,0,0,,0,0,0,0,0,0,0,0,0,0,0,,,0,0,0,,,0,,0,0,0,0,0,0,0,0,,,,,,,,0,0,,,,0,0,0,0,0,0,0,0,0,,,,0,0,,0,0,0,0,,,0,0,,,0,0,,0,0,0,0,0,0,0,0,,0,0,0,0,0,0,0,,,0,0,0,0,,0,,0,0,0,,,,0,0,0,0,,0,0,0,,,,,0,0,0,0,,0,,0,,0,0,0,0,0,,0,0,0,,,0,0,0,0,0,0,0,,0,0,,0,0,,0,0,0,,,,,0,0,0,0,,0,0,0,0,0,0,0,0,0,0,0,1,0,0,0,0,0,72.0,,,,,,1400.0,17,1,0,,0,0,0,0,1,0.0,5,0,0,0,3,0,0.0,0.0,0,0,0,0,0,0,0,0,0,0,0,0,0,0,0,0,0,0,0,0,0,0,0,0,1,0,23,0
https://www.beko.com.tr/camasir-makinesi/cmxd-9100-cm-camasir-makinesi,CMXD 9100 CM Çamaşır Makinesi,33869.0,52,Camasir Makinesi,Beyaz Eşya,Çamaşır Makinesi,58.0,60.0,85.0,,0,0,0,,0,0,0,,,,,,,0,,,0,9.0,1,1,1,1,1,1,1,1,1,49000.0,0,0,0,0,0,0,,,49.0,0,0,0,,0,0,0,0,0,0,0,,,0,0,,0,0,0,0,0,0,0,0,0,0,0,,,0,0,0,,,0,,0,0,0,0,0,0,0,0,,,,,,,,0,0,,,,0,0,0,0,0,0,0,0,0,,,,0,0,,0,0,0,0,,,0,0,,,0,0,,0,0,0,0,0,0,0,0,,0,0,0,0,0,0,0,,,0,0,0,0,,0,,0,0,0,,,,0,0,0,0,,0,0,0,,,,,0,0,0,0,,0,,0,,0,0,0,0,0,,0,0,0,,,0,0,0,0,0,0,0,,0,0,,0,0,,0,0,0,,,,,0,0,0,0,,0,0,0,0,0,0,0,0,0,0,0,1,0,0,0,0,0,71.0,,,,,,1000.0,18,0,0,,0,0,0,0,0,0.0,5,0,0,0,3,0,0.0,0.0,0,0,0,0,0,0,0,0,0,0,0,0,0,0,0,0,0,0,0,0,0,0,0,0,1,0,28,0
https://www.beko.com.tr/12-kg-camasir-makinesi/cmx-12140-camasir-makinesi,CMX 12140 12 Kg Çamaşır Makinesi,39959.0,120,12 Kg Camasir Makinesi,Beyaz Eşya,Çamaşır Makinesi,63.0,60.0,85.0,,0,0,0,,0,0,0,,,,,,,0,,,0,12.0,1,1,1,1,1,1,1,1,1,54000.0,1,0,0,0,0,0,,,56.0,0,0,0,,0,0,0,0,0,0,0,,,0,0,,0,0,0,0,0,0,0,0,0,0,0,,,0,0,0,,,0,,0,0,0,0,0,0,0,0,,,,,,,,0,0,,,,0,0,0,0,0,0,0,0,0,,,,0,0,,0,0,0,0,,,0,0,,,0,0,,0,0,0,0,0,0,0,0,,0,0,0,0,0,0,0,,,0,0,0,0,,0,,0,0,0,,,,0,0,0,0,,0,0,0,,,,,0,0,0,0,,0,,0,,0,0,0,0,0,,0,0,0,,,0,0,0,0,0,0,0,,0,0,,0,0,,0,0,0,,,,,0,0,0,0,,0,0,0,0,0,0,0,0,0,0,0,1,0,0,0,0,0,80.0,,,,,,1400.0,18,1,0,,0,0,0,0,0,0.0,5,0,0,0,3,0,0.0,0.0,0,0,0,0,0,0,0,0,0,0,0,0,0,0,0,0,0,0,0,0,0,0,0,0,1,0,31,0
https://www.beko.com.tr/11-kg-camasir-makinesi/cmx-11140-camasir-makinesi,CMX 11140 11 Kg Çamaşır Makinesi,37649.0,60,11 Kg Camasir Makinesi,Beyaz Eşya,Çamaşır Makinesi,63.0,60.0,85.0,,0,0,0,,0,0,0,,,,,,,0,,,0,11.0,1,1,1,1,1,1,1,1,1,53000.0,0,0,0,0,0,0,,,54.0,0,0,0,,0,0,0,0,0,0,0,,,0,0,,0,0,0,0,0,0,0,0,0,0,0,,,0,0,0,,,0,,0,0,0,0,0,0,0,0,,,,,,,,0,0,,,,0,0,0,0,0,0,0,0,0,,,,0,0,,0,0,0,0,,,0,0,,,0,0,,0,0,0,0,0,0,0,0,,0,0,0,0,0,0,0,,,0,0,0,0,,0,,0,0,0,,,,0,0,0,0,,0,0,0,,,,,0,0,0,0,,0,,0,,0,0,0,0,0,,0,0,0,,,0,0,0,0,0,0,0,,0,0,,0,0,,0,0,0,,,,,0,0,0,0,,0,0,0,0,0,0,0,0,0,0,0,1,0,0,0,0,0,77.0,,,,,,1400.0,18,0,0,,0,0,0,0,0,0.0,5,0,0,0,3,0,0.0,0.0,0,0,0,0,0,0,0,0,0,0,0,0,0,0,0,0,0,0,0,0,0,0,0,0,1,0,28,0
https://www.beko.com.tr/10-kg-camasir-makinesi/cmb-10140-og-camasir-makinesi,CMB 10140 OG 10 Kg Çamaşır Makinesi,41069.0,34,10 Kg Camasir Makinesi,Beyaz Eşya,Çamaşır Makinesi,58.0,60.0,85.0,,0,0,0,,0,0,0,,,,,,,0,,,0,10.0,1,1,1,1,1,1,1,1,1,46000.0,0,0,0,0,0,0,,,52.0,0,0,0,,0,0,0,0,0,0,0,,,0,0,,0,0,0,0,0,0,0,0,0,0,0,,,0,0,0,,,0,,0,0,0,0,0,0,0,0,,,,,,,,0,0,,,,0,0,0,0,0,0,0,0,0,,,,0,0,,0,0,0,0,,,0,0,,,0,0,,0,0,0,0,0,0,0,0,,0,0,0,0,0,0,0,,,0,0,0,0,,0,,0,0,0,,,,0,0,0,0,,0,0,0,,,,,0,0,0,0,,0,,0,,0,0,0,0,0,,0,0,0,,,0,0,0,0,0,0,0,,0,0,,0,0,,0,0,0,,,,,0,0,0,0,,0,0,0,0,0,0,0,0,1,0,0,0,0,0,0,0,0,70.0,,,,,,1400.0,18,1,0,,0,0,0,0,0,0.0,5,0,0,0,3,0,0.0,0.0,0,0,0,0,0,0,0,0,0,0,0,0,0,0,0,0,0,0,0,0,0,0,0,0,1,0,35,0
https://www.beko.com.tr/11-kg-camasir-makinesi/cmx-11140-a-camasir-makinesi,CMX 11140 A 11 Kg Çamaşır Makinesi,38489.0,20,11 Kg Camasir Makinesi,Beyaz Eşya,Çamaşır Makinesi,63.0,60.0,85.0,,0,0,0,,0,0,0,,,,,,,0,,,0,11.0,1,1,1,1,1,1,1,1,1,53000.0,0,0,0,0,0,0,,,54.0,0,0,0,,0,0,0,0,0,0,0,,,0,0,,0,0,0,0,0,0,0,0,0,0,0,,,0,0,0,,,0,,0,0,0,0,0,0,0,0,,,,,,,,0,0,,,,0,0,0,0,0,0,0,0,0,,,,0,0,,0,0,0,0,,,0,0,,,0,0,,0,0,0,0,0,0,0,0,,0,0,0,0,0,0,0,,,0,0,0,0,,0,,0,0,0,,,,0,0,0,0,,0,0,0,,,,,0,0,0,0,,0,,0,,0,0,0,0,0,,0,0,0,,,0,0,0,0,0,0,0,,0,0,,0,0,,0,0,0,,,,,0,0,0,0,,0,0,0,0,0,0,0,1,0,0,0,0,0,0,0,0,0,79.0,,,,,,1400.0,18,0,0,,0,0,0,0,0,0.0,5,0,0,0,3,0,0.0,0.0,0,0,0,0,0,0,0,0,0,0,0,0,0,0,0,0,0,0,0,0,0,0,0,0,1,0,28,0
https://www.beko.com.tr/4-programli-bulasik-makinesi/bm-4144-ok-bulasik-makinesi,BM 4144 OK 4 Programlı Bulaşık Makinesi,24479.0,134,4 Programli Bulasik Makinesi,Beyaz Eşya,Bulaşık Makinesi,60.0,60.0,85.0,,0,0,0,47.0,0,0,0,,,,,,,0,,,0,14.0,0,1,0,0,0,0,0,0,0,,0,1,1,1,1,1,2.0,0.849,11.5,1,1,0,,0,0,0,0,0,0,0,,,0,0,,0,0,0,0,0,0,0,0,0,0,0,,,0,0,0,,,0,,0,0,0,0,0,0,0,0,,,,,,,,0,0,,,,0,0,0,0,0,0,0,0,0,,,,0,0,,0,0,0,0,,,0,0,,,0,0,,0,0,0,0,0,0,0,0,,0,0,0,0,0,0,0,,,0,0,0,0,,0,,0,0,0,,,,0,0,0,0,,0,0,0,,,,,0,0,0,0,,0,,0,,0,0,0,0,0,,0,0,0,,,0,0,0,0,0,0,0,,0,0,,0,0,,0,0,0,,,,,0,0,0,0,,0,0,0,0,0,0,0,0,0,0,0,1,0,0,0,0,0,43.2,,2100.0,,,,,3,6,0,,0,0,0,0,0,0.0,2,0,0,0,1,0,0.0,0.0,0,0,0,0,0,0,0,0,0,0,0,0,0,0,0,0,0,0,0,0,0,0,0,0,0,1,10,1
https://www.beko.com.tr/4-programli-bulasik-makinesi/bm-4144-ok-i-bulasik-makinesi,BM 4144 OK I 4 Programlı Bulaşık Makinesi,25979.0,123,4 Programli Bulasik Makinesi,Beyaz Eşya,Bulaşık Makinesi,60.0,60.0,85.0,,0,0,0,47.0,0,0,0,,,,,,,0,,,0,14.0,0,1,0,0,0,0,0,0,0,,0,1,1,1,1,1,2.0,0.849,11.5,1,1,0,,0,0,0,0,0,0,0,,,0,0,,0,0,0,0,0,0,0,0,0,0,0,,,0,0,0,,,0,,0,0,0,0,0,0,0,0,,,,,,,,0,0,,,,0,0,0,0,0,0,0,0,0,,,,0,0,,0,0,0,0,,,0,0,,,0,0,,0,0,0,0,0,0,0,0,,0,0,0,0,0,0,0,,,0,0,0,0,,0,,0,0,0,,,,0,0,0,0,,0,0,0,,,,,0,0,0,0,,0,,0,,0,0,0,0,0,,0,0,0,,,0,0,0,0,0,0,0,,0,0,,0,0,,0,0,0,,,,,0,0,0,0,,0,0,0,0,0,0,0,0,1,0,0,0,0,0,0,0,0,43.1,,2100.0,,,,,3,6,0,,0,0,0,0,0,0.0,2,0,0,0,1,0,0.0,0.0,0,0,0,0,0,0,0,0,0,0,0,0,0,0,0,0,0,0,0,0,0,0,0,0,0,1,10,1
https://www.beko.com.tr/elite-serisi-solo-bulasik-makinesi/b-710-gc-bulasik-makinesi,B 710 gc Elite Serisi Solo Bulaşık Makinesi,28079.0,4,Elite Serisi Solo Bulasik Makinesi,Beyaz Eşya,Bulaşık Makinesi,60.0,60.0,85.0,,0,0,0,46.0,0,0,0,,,,,,,0,,,0,14.0,0,1,0,0,0,0,0,0,0,,0,1,1,0,1,1,2.0,0.645,10.9,1,1,0,,0,0,0,0,0,0,0,,,0,0,,0,0,0,0,0,0,0,0,0,0,0,,,0,0,0,,,0,,0,0,0,0,0,0,0,0,,,,,,,,0,0,,,,0,0,0,0,0,0,0,0,0,,,,0,0,,0,0,0,0,,,0,0,,,0,0,,0,0,0,0,0,0,0,0,,0,0,0,0,0,0,0,,,0,0,0,0,,0,,0,0,0,,,,0,0,0,0,,0,0,0,,,,,0,0,0,0,,0,,0,,0,0,0,0,0,,0,0,0,,,0,0,0,0,0,0,0,,0,0,,0,0,,0,0,0,,,,,0,0,0,0,,0,0,0,0,0,0,0,0,1,0,0,0,0,0,0,0,0,50.1,,2100.0,,,,,4,4,0,,0,0,0,0,1,0.0,4,0,0,0,1,0,0.0,0.0,0,0,0,0,0,0,0,0,0,0,0,0,0,0,0,0,0,0,0,0,0,0,0,0,0,1,13,1
https://www.beko.com.tr/elite-serisi-solo-bulasik-makinesi/b-710-bc-bulasik-makinesi,B 710 bc Elite Serisi Solo Bulaşık Makinesi,28079.0,5,Elite Serisi Solo Bulasik Makinesi,Beyaz Eşya,Bulaşık Makinesi,60.0,60.0,85.0,,0,0,0,46.0,0,0,0,,,,,,,0,,,0,14.0,0,1,0,0,0,0,0,0,0,,0,1,1,0,1,1,2.0,0.645,10.9,1,1,0,,0,0,0,0,0,0,0,,,0,0,,0,0,0,0,0,0,0,0,0,0,0,,,0,0,0,,,0,,0,0,0,0,0,0,0,0,,,,,,,,0,0,,,,0,0,0,0,0,0,0,0,0,,,,0,0,,0,0,0,0,,,0,0,,,0,0,,0,0,0,0,0,0,0,0,,0,0,0,0,0,0,0,,,0,0,0,0,,0,,0,0,0,,,,0,0,0,0,,0,0,0,,,,,0,0,0,0,,0,,0,,0,0,0,0,0,,0,0,0,,,0,0,0,0,0,0,0,,0,0,,0,0,,0,0,0,,,,,0,0,0,0,,0,0,0,0,0,0,0,0,0,0,0,1,0,0,0,0,0,50.1,,2100.0,,,,,4,4,0,,0,0,0,0,1,0.0,4,0,0,0,1,0,0.0,0.0,0,0,0,0,0,0,0,0,0,0,0,0,0,0,0,0,0,0,0,0,0,0,0,0,0,1,13,1
https://www.beko.com.tr/4-programli-bulasik-makinesi/bm-4144-wf-bulasik-makinesi,BM 4144 WF 4 Programlı Bulaşık Makinesi,23729.0,52,4 Programli Bulasik Makinesi,Beyaz Eşya,Bulaşık Makinesi,60.0,60.0,85.0,,0,0,0,47.0,0,0,0,,,,,,,0,,,0,13.0,0,1,0,0,0,0,0,0,0,,0,1,0,1,1,1,2.0,0.836,12.9,1,1,0,,0,0,0,0,0,0,0,,,0,0,,0,0,0,0,0,0,0,0,0,0,0,,,0,0,0,,,0,,0,0,0,0,0,0,0,0,,,,,,,,0,0,,,,0,0,0,0,0,0,0,0,0,,,,0,0,,0,0,0,0,,,0,0,,,0,0,,0,0,0,0,0,0,0,0,,0,0,0,0,0,0,0,,,0,0,0,0,,0,,0,0,0,,,,0,0,0,0,,0,0,0,,,,,0,0,0,0,,0,,0,,0,0,0,0,0,,0,0,0,,,0,0,0,0,0,0,0,,0,0,,0,0,,0,0,0,,,,,0,0,0,0,,0,0,0,0,0,0,0,0,0,0,0,1,0,0,0,0,0,42.9,,2100.0,,,,,4,6,0,,0,0,0,0,1,0.0,2,0,0,0,1,0,0.0,0.0,0,0,0,0,0,0,0,0,0,0,0,0,0,0,0,0,0,0,0,0,0,0,0,0,0,1,18,1
https://www.beko.com.tr/6-programli-bulasik-makinesi/bm-6247-wf-bulasik-makinesi,BM 6247 WF 6 Programlı Bulaşık Makinesi,34859.0,65,6 Programli Bulasik Makinesi,Beyaz Eşya,Bulaşık Makinesi,60.0,60.0,85.0,,0,0,0,41.0,0,0,0,,,,,,,0,,,0,15.0,0,1,0,0,0,0,0,0,0,,0,1,1,1,1,1,2.0,0.654,9.9,1,1,1,,0,0,0,0,0,0,0,,,0,0,,0,0,0,0,0,0,0,0,0,0,0,,,0,0,0,,,0,,0,0,0,0,0,0,0,0,,,,,,,,0,0,,,,0,0,0,0,0,0,0,0,0,,,,0,0,,0,0,0,0,,,0,0,,,0,0,,0,0,0,0,0,0,0,0,,0,0,0,0,0,0,0,,,0,0,0,0,,0,,0,0,0,,,,0,0,0,0,,0,0,0,,,,,0,0,0,0,,0,,0,,0,0,0,0,0,,0,0,0,,,0,0,0,0,0,0,0,,0,0,,0,0,,0,0,0,,,,,0,0,0,0,,0,0,0,0,0,0,0,0,0,0,0,1,0,0,0,0,0,49.4,,2400.0,,,,,4,8,0,,0,0,0,0,1,0.0,4,0,0,0,3,0,0.0,0.0,0,0,0,0,0,0,0,0,0,0,0,0,0,0,0,0,0,0,0,0,0,0,0,0,0,2,20,2
https://www.beko.com.tr/6-programli-bulasik-makinesi/bm-6146-bulasik-makinesi,BM 6146 6 Programlı Bulaşık Makinesi,24029.0,72,6 Programli Bulasik Makinesi,Beyaz Eşya,Bulaşık Makinesi,60.0,60.0,85.0,,0,0,0,48.0,0,0,0,,,,,,,0,,,0,14.0,0,1,0,0,0,0,0,0,0,,0,1,1,1,1,1,2.0,0.747,10.9,1,1,0,,0,0,0,0,0,0,0,,,0,0,,0,0,0,0,0,0,0,0,0,0,0,,,0,0,0,,,0,,0,0,0,0,0,0,0,0,,,,,,,,0,0,,,,0,0,0,0,0,0,0,0,0,,,,0,0,,0,0,0,0,,,0,0,,,0,0,,0,0,0,0,0,0,0,0,,0,0,0,0,0,0,0,,,0,0,0,0,,0,,0,0,0,,,,0,0,0,0,,0,0,0,,,,,0,0,0,0,,0,,0,,0,0,0,0,0,,0,0,0,,,0,0,0,0,0,0,0,,0,0,,0,0,,0,0,0,,,,,0,0,0,0,,0,0,0,0,0,0,0,0,0,0,0,1,0,0,0,0,0,42.8,,2100.0,,,,,4,6,0,,0,0,0,0,0,0.0,3,0,0,0,1,0,0.0,0.0,0,0,0,0,0,0,0,0,0,0,0,0,0,0,0,0,0,0,0,0,0,0,0,0,0,1,12,1
https://www.beko.com.tr/6-programli-bulasik-makinesi/bm-6147-wf-sc-bulasik-makinesi,BM 6147 WF SC 6 Programlı Bulaşık Makinesi,33569.0,38,6 Programli Bulasik Makinesi,Beyaz Eşya,Bulaşık Makinesi,60.0,60.0,85.0,,0,0,0,44.0,0,0,0,,,,,,,0,,,0,16.0,0,1,0,0,0,0,0,0,0,,0,1,1,1,1,1,2.0,0.768,9.5,1,1,1,,0,0,0,0,0,0,0,,,0,0,,0,0,0,0,0,0,0,0,0,0,0,,,0,0,0,,,0,,0,0,0,0,0,0,0,0,,,,,,,,0,0,,,,0,0,0,0,0,0,0,0,0,,,,0,0,,0,0,0,0,,,0,0,,,0,0,,0,0,0,0,0,0,0,0,,0,0,0,0,0,0,0,,,0,0,0,0,,0,,0,0,0,,,,0,0,0,0,,0,0,0,,,,,0,0,0,0,,0,,0,,0,0,0,0,0,,0,0,0,,,0,0,0,0,0,0,0,,0,0,,0,0,,0,0,0,,,,,0,0,0,0,,0,0,0,0,0,0,0,1,0,0,0,0,0,0,0,0,0,54.1,,2100.0,,,,,5,8,0,,0,0,0,0,1,0.0,3,0,0,0,3,0,0.0,0.0,0,0,0,0,0,0,0,0,0,0,0,0,0,0,0,0,0,0,0,0,0,0,0,0,0,2,22,1
https://www.beko.com.tr/6-programli-bulasik-makinesi/bm-6147-wf-bulasik-makinesi,BM 6147 WF 6 Programlı Bulaşık Makinesi,29699.0,87,6 Programli Bulasik Makinesi,Beyaz Eşya,Bulaşık Makinesi,60.0,60.0,85.0,,0,0,0,44.0,0,0,0,,,,,,,0,,,0,16.0,0,1,0,0,0,0,0,0,0,,0,1,1,1,1,1,2.0,0.768,9.5,1,1,1,,0,0,0,0,0,0,0,,,0,0,,0,0,0,0,0,0,0,0,0,0,0,,,0,0,0,,,0,,0,0,0,0,0,0,0,0,,,,,,,,0,0,,,,0,0,0,0,0,0,0,0,0,,,,0,0,,0,0,0,0,,,0,0,,,0,0,,0,0,0,0,0,0,0,0,,0,0,0,0,0,0,0,,,0,0,0,0,,0,,0,0,0,,,,0,0,0,0,,0,0,0,,,,,0,0,0,0,,0,,0,,0,0,0,0,0,,0,0,0,,,0,0,0,0,0,0,0,,0,0,,0,0,,0,0,0,,,,,0,0,0,0,,0,0,0,0,0,0,0,0,0,0,0,1,0,0,0,0,0,47.8,,2100.0,,,,,4,8,0,,0,0,0,0,1,0.0,3,0,0,0,3,0,0.0,0.0,0,0,0,0,0,0,0,0,0,0,0,0,0,0,0,0,0,0,0,0,0,0,0,0,0,2,21,1
https://www.beko.com.tr/classic-serisi-solo-bulasik-makinesi/b-600-b-bulasik-makinesi,B 600 b Classic Serisi Solo Bulaşık Makinesi,21179.0,7,Classic Serisi Solo Bulasik Makinesi,Beyaz Eşya,Bulaşık Makinesi,60.0,60.0,85.0,,0,0,0,47.0,0,0,0,,,,,,,0,,,0,14.0,0,1,0,0,0,0,0,0,0,,0,1,1,0,1,1,2.0,0.645,10.9,1,1,0,,0,0,0,0,0,0,0,,,0,0,,0,0,0,0,0,0,0,0,0,0,0,,,0,0,0,,,0,,0,0,0,0,0,0,0,0,,,,,,,,0,0,,,,0,0,0,0,0,0,0,0,0,,,,0,0,,0,0,0,0,,,0,0,,,0,0,,0,0,0,0,0,0,0,0,,0,0,0,0,0,0,0,,,0,0,0,0,,0,,0,0,0,,,,0,0,0,0,,0,0,0,,,,,0,0,0,0,,0,,0,,0,0,0,0,0,,0,0,0,,,0,0,0,0,0,0,0,,0,0,,0,0,,0,0,0,,,,,0,0,0,0,,0,0,0,0,0,0,0,0,0,0,0,1,0,0,0,0,0,42.7,,2100.0,,,,,3,1,0,,0,0,0,0,0,0.0,4,0,0,0,1,0,0.0,0.0,0,0,0,0,0,0,0,0,0,0,0,0,0,0,0,0,0,0,0,0,0,0,0,0,0,1,3,1
https://www.beko.com.tr/elite-serisi-solo-bulasik-makinesi/b-710-si-bulasik-makinesi,B 710 si Elite Serisi Solo Bulaşık Makinesi,23579.0,2,Elite Serisi Solo Bulasik Makinesi,Beyaz Eşya,Bulaşık Makinesi,60.0,60.0,85.0,,0,0,0,46.0,0,0,0,,,,,,,0,,,0,14.0,0,1,0,0,0,0,0,0,0,,0,1,1,0,1,1,2.0,0.645,10.9,1,1,0,,0,0,0,0,0,0,0,,,0,0,,0,0,0,0,0,0,0,0,0,0,0,,,0,0,0,,,0,,0,0,0,0,0,0,0,0,,,,,,,,0,0,,,,0,0,0,0,0,0,0,0,0,,,,0,0,,0,0,0,0,,,0,0,,,0,0,,0,0,0,0,0,0,0,0,,0,0,0,0,0,0,0,,,0,0,0,0,,0,,0,0,0,,,,0,0,0,0,,0,0,0,,,,,0,0,0,0,,0,,0,,0,0,0,0,0,,0,0,0,,,0,0,0,0,0,0,0,,0,0,,0,0,,0,0,0,,,,,0,0,0,0,,0,0,0,0,0,0,0,0,0,0,0,0,0,0,0,0,0,42.4,,2100.0,,,,,4,4,0,,0,0,0,0,1,0.0,4,0,0,0,1,0,0.0,0.0,0,0,0,0,0,0,0,0,0,0,0,0,0,0,0,0,0,0,0,0,0,0,0,0,0,1,13,1
https://www.beko.com.tr/5-programli-bulasik-makinesi/bm-5145-wf-bulasik-makinesi,BM 5145 WF 5 Programlı Bulaşık Makinesi,26549.0,48,5 Programli Bulasik Makinesi,Beyaz Eşya,Bulaşık Makinesi,60.0,60.0,85.0,,0,0,0,46.0,0,0,0,,,,,,,0,,,0,14.0,0,1,0,0,0,0,0,0,0,,0,1,1,1,1,1,2.0,0.849,9.9,1,1,0,,0,0,0,0,0,0,0,,,0,0,,0,0,0,0,0,0,0,0,0,0,0,,,0,0,0,,,0,,0,0,0,0,0,0,0,0,,,,,,,,0,0,,,,0,0,0,0,0,0,0,0,0,,,,0,0,,0,0,0,0,,,0,0,,,0,0,,0,0,0,0,0,0,0,0,,0,0,0,0,0,0,0,,,0,0,0,0,,0,,0,0,0,,,,0,0,0,0,,0,0,0,,,,,0,0,0,0,,0,,0,,0,0,0,0,0,,0,0,0,,,0,0,0,0,0,0,0,,0,0,,0,0,,0,0,0,,,,,0,0,0,0,,0,0,0,0,0,0,0,0,0,0,0,1,0,0,0,0,0,46.9,,2100.0,,,,,4,6,0,,0,0,0,0,1,0.0,2,0,0,0,1,0,0.0,0.0,0,0,0,0,0,0,0,0,0,0,0,0,0,0,0,0,0,0,0,0,0,0,0,0,0,1,18,1
https://www.beko.com.tr/6-programli-bulasik-makinesi/bm-6247-wf-i-bulasik-makinesi,BM 6247 WF I 6 Programlı Bulaşık Makinesi,36149.0,37,6 Programli Bulasik Makinesi,Beyaz Eşya,Bulaşık Makinesi,60.0,60.0,85.0,,0,0,0,41.0,0,0,0,,,,,,,0,,,0,15.0,0,1,0,0,0,0,0,0,0,,0,1,1,1,1,1,2.0,0.654,9.9,1,1,1,,0,0,0,0,0,0,0,,,0,0,,0,0,0,0,0,0,0,0,0,0,0,,,0,0,0,,,0,,0,0,0,0,0,0,0,0,,,,,,,,0,0,,,,0,0,0,0,0,0,0,0,0,,,,0,0,,0,0,0,0,,,0,0,,,0,0,,0,0,0,0,0,0,0,0,,0,0,0,0,0,0,0,,,0,0,0,0,,0,,0,0,0,,,,0,0,0,0,,0,0,0,,,,,0,0,0,0,,0,,0,,0,0,0,0,0,,0,0,0,,,0,0,0,0,0,0,0,,0,0,,0,0,,0,0,0,,,,,0,0,0,0,,0,0,0,0,0,0,0,0,1,0,0,0,0,0,0,0,0,49.4,,2400.0,,,,,5,8,0,,0,0,0,0,1,0.0,4,0,0,0,3,0,0.0,0.0,0,0,0,0,0,0,0,0,0,0,0,0,0,0,0,0,0,0,0,0,0,0,0,0,0,2,21,2
https://www.beko.com.tr/6-programli-bulasik-makinesi/bm-6147-wf-i-bulasik-makinesi,BM 6147 WF I 6 Programlı Bulaşık Makinesi,30989.0,52,6 Programli Bulasik Makinesi,Beyaz Eşya,Bulaşık Makinesi,60.0,60.0,85.0,,0,0,0,44.0,0,0,0,,,,,,,0,,,0,16.0,0,1,0,0,0,0,0,0,0,,0,1,1,1,1,1,2.0,0.768,9.5,1,1,1,,0,0,0,0,0,0,0,,,0,0,,0,0,0,0,0,0,0,0,0,0,0,,,0,0,0,,,0,,0,0,0,0,0,0,0,0,,,,,,,,0,0,,,,0,0,0,0,0,0,0,0,0,,,,0,0,,0,0,0,0,,,0,0,,,0,0,,0,0,0,0,0,0,0,0,,0,0,0,0,0,0,0,,,0,0,0,0,,0,,0,0,0,,,,0,0,0,0,,0,0,0,,,,,0,0,0,0,,0,,0,,0,0,0,0,0,,0,0,0,,,0,0,0,0,0,0,0,,0,0,,0,0,,0,0,0,,,,,0,0,0,0,,0,0,0,0,0,0,0,0,1,0,0,0,0,0,0,0,0,47.5,,2100.0,,,,,5,8,0,,0,0,0,0,1,0.0,3,0,0,0,3,0,0.0,0.0,0,0,0,0,0,0,0,0,0,0,0,0,0,0,0,0,0,0,0,0,0,0,0,0,0,2,22,1
https://www.beko.com.tr/6-programli-bulasik-makinesi/bm-6347-wf-i-bulasik-makinesi,BM 6347 WF I 6 Programlı Bulaşık Makinesi,36869.0,112,6 Programli Bulasik Makinesi,Beyaz Eşya,Bulaşık Makinesi,60.0,60.0,85.0,,0,0,0,42.0,0,0,0,,,,,,,0,,,0,15.0,0,0,0,0,0,0,0,0,0,,0,1,1,1,1,1,2.0,0.551,9.9,1,1,1,,0,0,0,0,0,0,0,,,0,0,,0,0,0,0,0,0,0,0,0,0,0,,,0,0,0,,,0,,0,0,0,0,0,0,0,0,,,,,,,,0,0,,,,0,0,0,0,0,0,0,0,0,,,,0,0,,0,0,0,0,,,0,0,,,0,0,,0,0,0,0,0,0,0,0,,0,0,0,0,0,0,0,,,0,0,0,0,,0,,0,0,0,,,,0,0,0,0,,0,0,0,,,,,0,0,0,0,,0,,0,,0,0,0,0,0,,0,0,0,,,0,0,0,0,0,0,0,,0,0,,0,0,,0,0,0,,,,,0,0,0,0,,0,0,0,0,0,0,0,0,1,0,0,0,0,0,0,0,0,50.1,,2100.0,,,,,6,9,0,,0,0,0,0,1,0.0,5,0,0,0,3,0,0.0,0.0,0,0,0,0,0,0,0,0,0,0,0,0,0,0,0,0,0,0,0,0,0,0,0,0,0,2,21,2
https://www.beko.com.tr/4-programli-bulasik-makinesi/bm-4144-bulasik-makinesi,BM 4144 4 Programlı Bulaşık Makinesi,23369.0,154,4 Programli Bulasik Makinesi,Beyaz Eşya,Bulaşık Makinesi,60.0,60.0,85.0,,0,0,0,49.0,0,0,0,,,,,,,0,,,0,13.0,0,1,0,0,0,0,0,0,0,,0,1,0,1,1,1,2.0,0.836,12.9,1,1,0,,0,0,0,0,0,0,0,,,0,0,,0,0,0,0,0,0,0,0,0,0,0,,,0,0,0,,,0,,0,0,0,0,0,0,0,0,,,,,,,,0,0,,,,0,0,0,0,0,0,0,0,0,,,,0,0,,0,0,0,0,,,0,0,,,0,0,,0,0,0,0,0,0,0,0,,0,0,0,0,0,0,0,,,0,0,0,0,,0,,0,0,0,,,,0,0,0,0,,0,0,0,,,,,0,0,0,0,,0,,0,,0,0,0,0,0,,0,0,0,,,0,0,0,0,0,0,0,,0,0,,0,0,,0,0,0,,,,,0,0,0,0,,0,0,0,0,0,0,0,0,0,0,0,1,0,0,0,0,0,42.58,,2100.0,,,,,3,6,0,,0,0,0,0,0,0.0,2,0,0,0,1,0,0.0,0.0,0,0,0,0,0,0,0,0,0,0,0,0,0,0,0,0,0,0,0,0,0,0,0,0,0,1,9,1
https://www.beko.com.tr/3-programli-bulasik-makinesi/bm-3143-bulasik-makinesi,BM 3143 3 Programlı Bulaşık Makinesi,21089.0,106,3 Programli Bulasik Makinesi,Beyaz Eşya,Bulaşık Makinesi,60.0,60.0,85.0,,0,0,0,49.0,0,0,0,,,,,,,0,,,0,13.0,0,1,0,0,0,0,0,0,0,,0,1,0,1,1,1,2.0,0.836,12.9,1,1,0,,0,0,0,0,0,0,0,,,0,0,,0,0,0,0,0,0,0,0,0,0,0,,,0,0,0,,,0,,0,0,0,0,0,0,0,0,,,,,,,,0,0,,,,0,0,0,0,0,0,0,0,0,,,,0,0,,0,0,0,0,,,0,0,,,0,0,,0,0,0,0,0,0,0,0,,0,0,0,0,0,0,0,,,0,0,0,0,,0,,0,0,0,,,,0,0,0,0,,0,0,0,,,,,0,0,0,0,,0,,0,,0,0,0,0,0,,0,0,0,,,0,0,0,0,0,0,0,,0,0,,0,0,,0,0,0,,,,,0,0,0,0,,0,0,0,0,0,0,0,0,0,0,0,1,0,0,0,0,0,41.0,,2100.0,,,,,3,5,0,,0,0,0,0,0,0.0,2,0,0,0,1,0,0.0,0.0,0,0,0,0,0,0,0,0,0,0,0,0,0,0,0,0,0,0,0,0,0,0,0,0,0,1,4,1
https://www.beko.com.tr/4-programli-bulasik-makinesi/bm-4144-ok-a-bulasik-makinesi,BM 4144 OK A 4 Programlı Bulaşık Makinesi,25979.0,44,4 Programli Bulasik Makinesi,Beyaz Eşya,Bulaşık Makinesi,60.0,60.0,85.0,,0,0,0,47.0,0,0,0,,,,,,,0,,,0,14.0,0,1,0,0,0,0,0,0,0,,0,1,1,1,1,1,2.0,0.849,11.5,1,1,0,,0,0,0,0,0,0,0,,,0,0,,0,0,0,0,0,0,0,0,0,0,0,,,0,0,0,,,0,,0,0,0,0,0,0,0,0,,,,,,,,0,0,,,,0,0,0,0,0,0,0,0,0,,,,0,0,,0,0,0,0,,,0,0,,,0,0,,0,0,0,0,0,0,0,0,,0,0,0,0,0,0,0,,,0,0,0,0,,0,,0,0,0,,,,0,0,0,0,,0,0,0,,,,,0,0,0,0,,0,,0,,0,0,0,0,0,,0,0,0,,,0,0,0,0,0,0,0,,0,0,,0,0,,0,0,0,,,,,0,0,0,0,,0,0,0,0,0,0,0,1,0,0,0,0,0,0,0,0,0,43.4,,2100.0,,,,,3,6,0,,0,0,0,0,0,0.0,2,0,0,0,1,0,0.0,0.0,0,0,0,0,0,0,0,0,0,0,0,0,0,0,0,0,0,0,0,0,0,0,0,0,0,1,10,1
https://www.beko.com.tr/5-programli-bulasik-makinesi/bm-5145-wf-i-bulasik-makinesi,BM 5145 WF I 5 Programlı Bulaşık Makinesi,27899.0,53,5 Programli Bulasik Makinesi,Beyaz Eşya,Bulaşık Makinesi,60.0,60.0,85.0,,0,0,0,46.0,0,0,0,,,,,,,0,,,0,14.0,0,1,0,0,0,0,0,0,0,,0,1,1,1,1,1,2.0,0.849,9.9,1,1,0,,0,0,0,0,0,0,0,,,0,0,,0,0,0,0,0,0,0,0,0,0,0,,,0,0,0,,,0,,0,0,0,0,0,0,0,0,,,,,,,,0,0,,,,0,0,0,0,0,0,0,0,0,,,,0,0,,0,0,0,0,,,0,0,,,0,0,,0,0,0,0,0,0,0,0,,0,0,0,0,0,0,0,,,0,0,0,0,,0,,0,0,0,,,,0,0,0,0,,0,0,0,,,,,0,0,0,0,,0,,0,,0,0,0,0,0,,0,0,0,,,0,0,0,0,0,0,0,,0,0,,0,0,,0,0,0,,,,,0,0,0,0,,0,0,0,0,0,0,0,0,1,0,0,0,0,0,0,0,0,46.5,,2100.0,,,,,4,6,0,,0,0,0,0,1,0.0,2,0,0,0,1,0,0.0,0.0,0,0,0,0,0,0,0,0,0,0,0,0,0,0,0,0,0,0,0,0,0,0,0,0,0,1,18,1
https://www.beko.com.tr/5-programli-bulasik-makinesi/bm-5145-wf-mg-bulasik-makinesi,BM 5145 WF MG 5 Programlı Bulaşık Makinesi,27209.0,41,5 Programli Bulasik Makinesi,Beyaz Eşya,Bulaşık Makinesi,60.0,60.0,85.0,,0,0,0,46.0,0,0,0,,,,,,,0,,,0,14.0,0,1,0,0,0,0,0,0,0,,0,1,1,1,1,1,2.0,0.849,9.9,1,1,0,,0,0,0,0,0,0,0,,,0,0,,0,0,0,0,0,0,0,0,0,0,0,,,0,0,0,,,0,,0,0,0,0,0,0,0,0,,,,,,,,0,0,,,,0,0,0,0,0,0,0,0,0,,,,0,0,,0,0,0,0,,,0,0,,,0,0,,0,0,0,0,0,0,0,0,,0,0,0,0,0,0,0,,,0,0,0,0,,0,,0,0,0,,,,0,0,0,0,,0,0,0,,,,,0,0,0,0,,0,,0,,0,0,0,0,0,,0,0,0,,,0,0,0,0,0,0,0,,0,0,,0,0,,0,0,0,,,,,0,0,0,0,,0,0,0,0,0,0,0,0,1,0,0,0,0,0,0,0,0,46.9,,2100.0,,,,,4,6,0,,0,0,0,0,1,0.0,2,0,0,0,1,0,0.0,0.0,0,0,0,0,0,0,0,0,0,0,0,0,0,0,0,0,0,0,0,0,0,0,0,0,0,1,18,1
https://www.beko.com.tr/elite-serisi-solo-bulasik-makinesi/b-710-b-bulasik-makinesi,B 710 b Elite Serisi Solo Bulaşık Makinesi,21869.0,16,Elite Serisi Solo Bulasik Makinesi,Beyaz Eşya,Bulaşık Makinesi,60.0,60.0,85.0,,0,0,0,46.0,0,0,0,,,,,,,0,,,0,14.0,0,1,0,0,0,0,0,0,0,,0,1,1,0,1,1,2.0,0.645,10.9,1,1,0,,0,0,0,0,0,0,0,,,0,0,,0,0,0,0,0,0,0,0,0,0,0,,,0,0,0,,,0,,0,0,0,0,0,0,0,0,,,,,,,,0,0,,,,0,0,0,0,0,0,0,0,0,,,,0,0,,0,0,0,0,,,0,0,,,0,0,,0,0,0,0,0,0,0,0,,0,0,0,0,0,0,0,,,0,0,0,0,,0,,0,0,0,,,,0,0,0,0,,0,0,0,,,,,0,0,0,0,,0,,0,,0,0,0,0,0,,0,0,0,,,0,0,0,0,0,0,0,,0,0,,0,0,,0,0,0,,,,,0,0,0,0,,0,0,0,0,0,0,0,0,0,0,0,1,0,0,0,0,0,42.4,,2100.0,,,,,4,4,0,,0,0,0,0,1,0.0,4,0,0,0,1,0,0.0,0.0,0,0,0,0,0,0,0,0,0,0,0,0,0,0,0,0,0,0,0,0,0,0,0,0,0,1,13,1
https://www.beko.com.tr/elite-serisi-solo-bulasik-makinesi/b-710-i-bulasik-makinesi,B 710 i Elite Serisi Solo Bulaşık Makinesi,23579.0,16,Elite Serisi Solo Bulasik Makinesi,Beyaz Eşya,Bulaşık Makinesi,60.0,60.0,85.0,,0,0,0,46.0,0,0,0,,,,,,,0,,,0,14.0,0,1,0,0,0,0,0,0,0,,0,1,1,0,1,1,2.0,0.645,10.9,1,1,0,,0,0,0,0,0,0,0,,,0,0,,0,0,0,0,0,0,0,0,0,0,0,,,0,0,0,,,0,,0,0,0,0,0,0,0,0,,,,,,,,0,0,,,,0,0,0,0,0,0,0,0,0,,,,0,0,,0,0,0,0,,,0,0,,,0,0,,0,0,0,0,0,0,0,0,,0,0,0,0,0,0,0,,,0,0,0,0,,0,,0,0,0,,,,0,0,0,0,,0,0,0,,,,,0,0,0,0,,0,,0,,0,0,0,0,0,,0,0,0,,,0,0,0,0,0,0,0,,0,0,,0,0,,0,0,0,,,,,0,0,0,0,,0,0,0,0,0,0,0,0,1,0,0,0,0,0,0,0,0,42.4,,2100.0,,,,,4,4,0,,0,0,0,0,1,0.0,4,0,0,0,1,0,0.0,0.0,0,0,0,0,0,0,0,0,0,0,0,0,0,0,0,0,0,0,0,0,0,0,0,0,0,1,13,1
https://www.beko.com.tr/elite-serisi-solo-bulasik-makinesi/b-710-sc-bulasik-makinesi,B 710 sc Elite Serisi Solo Bulaşık Makinesi,28079.0,4,Elite Serisi Solo Bulasik Makinesi,Beyaz Eşya,Bulaşık Makinesi,60.0,60.0,85.0,,0,0,0,46.0,0,0,0,,,,,,,0,,,0,14.0,0,1,0,0,0,0,0,0,0,,0,1,1,0,1,1,2.0,0.746,10.9,1,1,0,,0,0,0,0,0,0,0,,,0,0,,0,0,0,0,0,0,0,0,0,0,0,,,0,0,0,,,0,,0,0,0,0,0,0,0,0,,,,,,,,0,0,,,,0,0,0,0,0,0,0,0,0,,,,0,0,,0,0,0,0,,,0,0,,,0,0,,0,0,0,0,0,0,0,0,,0,0,0,0,0,0,0,,,0,0,0,0,,0,,0,0,0,,,,0,0,0,0,,0,0,0,,,,,0,0,0,0,,0,,0,,0,0,0,0,0,,0,0,0,,,0,0,0,0,0,0,0,,0,0,,0,0,,0,0,0,,,,,0,0,0,0,,0,0,0,0,0,0,0,1,0,0,0,0,0,0,0,0,0,50.1,,2100.0,,,,,4,4,0,,0,0,0,0,1,0.0,4,0,0,0,1,0,0.0,0.0,0,0,0,0,0,0,0,0,0,0,0,0,0,0,0,0,0,0,0,0,0,0,0,0,0,1,13,1
https://www.beko.com.tr/10-kg-kurutma-makinesi/kmx-1001-kurutma-makinesi,KMX 1001 10 Kg Kurutma Makinesi,38999.0,117,10 Kg Kurutma Makinesi,Beyaz Eşya,Kurutma Makinesi,60.7,60.0,85.0,,0,0,0,64.0,0,0,0,,,306600.0,,,,0,,,0,,0,1,0,0,0,1,0,0,0,,0,0,0,0,0,0,,,,0,0,0,10.0,1,1,1,1,1,1,1,110.0,,0,0,,0,0,0,0,0,0,0,0,0,0,0,,,0,0,0,,,0,,0,0,0,0,0,0,0,0,,,,,,,,0,0,,,,0,0,0,0,0,0,0,0,0,,,,0,0,,0,0,0,0,,,0,0,,,0,0,,0,0,0,0,0,0,0,0,,0,0,0,0,0,0,0,,,0,0,0,0,,0,,0,0,0,,,,0,0,0,0,,0,0,0,,,,,0,0,0,0,,0,,0,,0,0,0,0,0,,0,0,0,,,0,0,0,0,0,0,0,,0,0,,0,0,,0,0,0,,,,,0,0,0,0,,0,0,0,0,0,0,0,0,0,0,0,1,0,0,0,0,0,41.0,,,,,,,18,1,0,,0,0,0,0,0,0.0,1,0,0,0,0,0,0.0,0.0,0,0,0,0,0,0,0,0,0,0,0,0,0,0,0,0,0,0,0,0,0,0,0,0,0,0,17,0
https://www.beko.com.tr/9-kg-kurutma-makinesi/kmb-901-i-kurutma-makinesi,KMB 901 I 9 Kg Kurutma Makinesi,39479.0,95,9 Kg Kurutma Makinesi,Beyaz Eşya,Kurutma Makinesi,60.5,60.0,85.0,,0,0,0,64.0,0,0,0,,,239400.0,,,,0,,,0,,0,1,0,0,0,1,0,0,0,,0,0,0,0,0,0,,,,0,0,0,9.0,1,1,1,1,1,1,1,110.0,,0,0,,0,0,0,0,0,0,0,0,0,0,0,,,0,0,0,,,0,,0,0,0,0,0,0,0,0,,,,,,,,0,0,,,,0,0,0,0,0,0,0,0,0,,,,0,0,,0,0,0,0,,,0,0,,,0,0,,0,0,0,0,0,0,0,0,,0,0,0,0,0,0,0,,,0,0,0,0,,0,,0,0,0,,,,0,0,0,0,,0,0,0,,,,,0,0,0,0,,0,,0,,0,0,0,0,0,,0,0,0,,,0,0,0,0,0,0,0,,0,0,,0,0,,0,0,0,,,,,0,0,0,0,,0,0,0,0,0,0,0,0,0,0,0,1,0,0,0,0,0,43.5,,,,,,,18,1,0,,0,0,0,0,0,0.0,2,0,0,0,0,0,0.0,0.0,0,0,0,0,0,0,0,0,0,0,0,0,0,0,0,0,0,0,0,0,0,0,0,0,0,0,21,0
https://www.beko.com.tr/9-kg-kurutma-makinesi/kmb-901-ig-kurutma-makinesi,KMB 901 IG 9 Kg Kurutma Makinesi,40379.0,21,9 Kg Kurutma Makinesi,Beyaz Eşya,Kurutma Makinesi,60.5,60.0,85.0,,0,0,0,64.0,0,0,0,,,239400.0,,,,0,,,0,,0,1,0,0,0,1,0,0,0,,0,0,0,0,0,0,,,,0,0,0,9.0,1,1,1,1,1,1,1,110.0,,0,0,,0,0,0,0,0,0,0,0,0,0,0,,,0,0,0,,,0,,0,0,0,0,0,0,0,0,,,,,,,,0,0,,,,0,0,0,0,0,0,0,0,0,,,,0,0,,0,0,0,0,,,0,0,,,0,0,,0,0,0,0,0,0,0,0,,0,0,0,0,0,0,0,,,0,0,0,0,,0,,0,0,0,,,,0,0,0,0,,0,0,0,,,,,0,0,0,0,,0,,0,,0,0,0,0,0,,0,0,0,,,0,0,0,0,0,0,0,,0,0,,0,0,,0,0,0,,,,,0,0,0,0,,0,0,0,0,0,0,0,0,1,0,0,0,0,0,0,0,0,44.5,,,,,,,18,1,0,,0,0,0,0,0,0.0,2,0,0,0,0,0,0.0,0.0,0,0,0,0,0,0,0,0,0,0,0,0,0,0,0,0,0,0,0,0,0,0,0,0,0,0,21,0
https://www.beko.com.tr/10-kg-kurutma-makinesi/kmb-1001-hb-kurutma-makinesi,KMB 1001 HB 10 Kg Kurutma Makinesi,39719.0,21,10 Kg Kurutma Makinesi,Beyaz Eşya,Kurutma Makinesi,60.5,60.0,85.0,,0,0,0,64.0,0,0,0,,,258600.00000000003,,,,0,,,0,,0,1,0,0,0,1,0,0,0,,0,0,0,0,0,0,,,,0,0,0,10.0,1,1,1,1,1,1,1,110.0,,0,0,,0,0,0,0,0,0,0,0,0,0,0,,,0,0,0,,,0,,0,0,0,0,0,0,0,0,,,,,,,,0,0,,,,0,0,0,0,0,0,0,0,0,,,,0,0,,0,0,0,0,,,0,0,,,0,0,,0,0,0,0,0,0,0,0,,0,0,0,0,0,0,0,,,0,0,0,0,,0,,0,0,0,,,,0,0,0,0,,0,0,0,,,,,0,0,0,0,,0,,0,,0,0,0,0,0,,0,0,0,,,0,0,0,0,0,0,0,,0,0,,0,0,,0,0,0,,,,,0,0,0,0,,0,0,0,0,0,0,0,1,0,0,0,0,0,0,0,0,0,42.5,,,,,,,18,1,0,,0,0,0,0,0,0.0,2,0,0,0,0,0,0.0,0.0,0,0,0,0,0,0,0,0,0,0,0,0,0,0,0,0,0,0,0,0,0,0,0,0,0,0,20,0
https://www.beko.com.tr/kurutma-makinesi/cmb-1280-ykig-kurutma-makinesi,CMB 1280 YKIG Kurutma Makinesi,45329.0,4,Kurutma Makinesi,Beyaz Eşya,Kurutma Makinesi,65.0,60.0,85.0,,0,0,0,,0,0,0,,,,,,,0,,,0,,0,0,0,0,0,0,0,0,0,,0,0,0,0,0,0,,,,0,0,0,,0,0,0,0,0,0,0,,,0,0,,0,0,0,0,0,0,0,0,0,0,0,,,0,0,0,,,0,,0,0,0,0,0,0,0,0,,,,,,,,0,0,,,,0,0,0,0,0,0,0,0,0,,,,0,0,,0,0,0,0,,,0,0,,,0,0,,0,0,0,0,0,0,0,0,,0,0,0,0,0,0,0,,,0,0,0,0,,0,,0,0,0,,,,0,0,0,0,,0,0,0,,,,,0,0,0,0,,0,,0,,0,0,0,0,0,,0,0,0,,,0,0,0,0,0,0,0,,0,0,,0,0,,0,0,0,,,,,0,0,0,0,,0,0,0,0,0,0,0,0,0,0,0,0,0,0,0,0,0,78.0,,,,,,,1,0,0,,0,0,0,0,0,0.0,2,0,0,0,0,0,0.0,0.0,0,0,0,0,0,0,0,0,0,0,0,0,0,0,0,0,0,0,0,0,0,0,0,0,0,0,1,0
https://www.beko.com.tr/11-kg-kurutma-makinesi/kmx-1101-kurutma-makinesi,KMX 1101 11 Kg Kurutma Makinesi,40799.0,35,11 Kg Kurutma Makinesi,Beyaz Eşya,Kurutma Makinesi,67.2,60.0,85.0,,0,0,0,64.0,0,0,0,,,333800.0,,,,0,,,0,,0,1,0,0,0,1,0,0,0,,0,0,0,0,0,0,,,,0,0,0,11.0,1,1,1,1,1,1,1,127.0,,0,0,,0,0,0,0,0,0,0,0,0,0,0,,,0,0,0,,,0,,0,0,0,0,0,0,0,0,,,,,,,,0,0,,,,0,0,0,0,0,0,0,0,0,,,,0,0,,0,0,0,0,,,0,0,,,0,0,,0,0,0,0,0,0,0,0,,0,0,0,0,0,0,0,,,0,0,0,0,,0,,0,0,0,,,,0,0,0,0,,0,0,0,,,,,0,0,0,0,,0,,0,,0,0,0,0,0,,0,0,0,,,0,0,0,0,0,0,0,,0,0,,0,0,,0,0,0,,,,,0,0,0,0,,0,0,0,0,0,0,0,0,0,0,0,1,0,0,0,0,0,43.5,,,,,,,18,1,0,,0,0,0,0,0,0.0,1,0,0,0,0,0,0.0,0.0,0,0,0,0,0,0,0,0,0,0,0,0,0,0,0,0,0,0,0,0,0,0,0,0,0,0,17,0
https://www.beko.com.tr/9-kg-kurutma-makinesi/kmx-91-s-kurutma-makinesi,KMX 91 S 9 Kg Kurutma Makinesi,38249.0,28,9 Kg Kurutma Makinesi,Beyaz Eşya,Kurutma Makinesi,60.7,60.0,85.0,,0,0,0,64.0,0,0,0,,,287400.0,,,,0,,,0,,0,1,0,0,0,1,0,0,0,,0,0,0,0,0,0,,,,0,0,0,9.0,1,1,1,1,1,1,1,110.0,,0,0,,0,0,0,0,0,0,0,0,0,0,0,,,0,0,0,,,0,,0,0,0,0,0,0,0,0,,,,,,,,0,0,,,,0,0,0,0,0,0,0,0,0,,,,0,0,,0,0,0,0,,,0,0,,,0,0,,0,0,0,0,0,0,0,0,,0,0,0,0,0,0,0,,,0,0,0,0,,0,,0,0,0,,,,0,0,0,0,,0,0,0,,,,,0,0,0,0,,0,,0,,0,0,0,0,0,,0,0,0,,,0,0,0,0,0,0,0,,0,0,,0,0,,0,0,0,,,,,0,0,0,0,,0,0,0,0,0,0,0,0,1,0,0,0,0,0,0,0,0,41.0,,,,,,,18,1,0,,0,0,0,0,0,0.0,1,0,0,0,0,0,0.0,0.0,0,0,0,0,0,0,0,0,0,0,0,0,0,0,0,0,0,0,0,0,0,0,0,0,0,0,17,0
https://www.beko.com.tr/10-kg-kurutma-makinesi/kmb-1011-i-kurutma-makinesi,KMB 1011 I 10 Kg Kurutma Makinesi,35699.0,51,10 Kg Kurutma Makinesi,Beyaz Eşya,Kurutma Makinesi,60.5,60.0,85.0,,0,0,0,64.0,0,0,0,,,255400.0,,,,0,,,0,,0,1,0,0,0,1,0,0,0,,0,0,0,0,0,0,,,,0,0,0,10.0,1,1,1,1,1,1,1,110.0,,0,0,,0,0,0,0,0,0,0,0,0,0,0,,,0,0,0,,,0,,0,0,0,0,0,0,0,0,,,,,,,,0,0,,,,0,0,0,0,0,0,0,0,0,,,,0,0,,0,0,0,0,,,0,0,,,0,0,,0,0,0,0,0,0,0,0,,0,0,0,0,0,0,0,,,0,0,0,0,,0,,0,0,0,,,,0,0,0,0,,0,0,0,,,,,0,0,0,0,,0,,0,,0,0,0,0,0,,0,0,0,,,0,0,0,0,0,0,0,,0,0,,0,0,,0,0,0,,,,,0,0,0,0,,0,0,0,0,0,0,0,0,0,0,0,1,0,0,0,0,0,45.5,,,,,,,18,1,0,,0,0,0,0,0,0.0,2,0,0,0,0,0,0.0,0.0,0,0,0,0,0,0,0,0,0,0,0,0,0,0,0,0,0,0,0,0,0,0,0,0,0,0,25,0
https://www.beko.com.tr/8-kg-kurutma-makinesi/kmx-82-kurutma-makinesi,KMX 82 8 Kg Kurutma Makinesi,23999.0,51,8 Kg Kurutma Makinesi,Beyaz Eşya,Kurutma Makinesi,54.5,60.0,85.0,,0,0,0,64.0,0,0,0,,,265000.0,,,,0,,,0,,0,1,0,0,0,1,0,0,0,,0,0,0,0,0,0,,,,0,0,0,8.0,1,1,1,1,1,1,1,92.5,,0,0,,0,0,0,0,0,0,0,0,0,0,0,,,0,0,0,,,0,,0,0,0,0,0,0,0,0,,,,,,,,0,0,,,,0,0,0,0,0,0,0,0,0,,,,0,0,,0,0,0,0,,,0,0,,,0,0,,0,0,0,0,0,0,0,0,,0,0,0,0,0,0,0,,,0,0,0,0,,0,,0,0,0,,,,0,0,0,0,,0,0,0,,,,,0,0,0,0,,0,,0,,0,0,0,0,0,,0,0,0,,,0,0,0,0,0,0,0,,0,0,,0,0,,0,0,0,,,,,0,0,0,0,,0,0,0,0,0,0,0,0,0,0,0,1,0,0,0,0,0,39.5,,,,,,,17,1,0,,0,0,0,0,0,0.0,1,0,0,0,0,0,0.0,0.0,0,0,0,0,0,0,0,0,0,0,0,0,0,0,0,0,0,0,0,0,0,0,0,0,0,0,16,0
https://www.beko.com.tr/9-kg-kurutma-makinesi/kmb-911-ig-kurutma-makinesi,KMB 911 IG 9 Kg Kurutma Makinesi,44129.0,16,9 Kg Kurutma Makinesi,Beyaz Eşya,Kurutma Makinesi,67.2,60.0,85.0,,0,0,0,63.0,0,0,0,,,194400.0,,,,0,,,0,,0,1,0,0,0,1,0,0,0,,0,0,0,0,0,0,,,,0,0,0,9.0,1,1,1,1,1,1,1,127.0,,0,0,,0,0,0,0,0,0,0,0,0,0,0,,,0,0,0,,,0,,0,0,0,0,0,0,0,0,,,,,,,,0,0,,,,0,0,0,0,0,0,0,0,0,,,,0,0,,0,0,0,0,,,0,0,,,0,0,,0,0,0,0,0,0,0,0,,0,0,0,0,0,0,0,,,0,0,0,0,,0,,0,0,0,,,,0,0,0,0,,0,0,0,,,,,0,0,0,0,,0,,0,,0,0,0,0,0,,0,0,0,,,0,0,0,0,0,0,0,,0,0,,0,0,,0,0,0,,,,,0,0,0,0,,0,0,0,0,0,0,0,0,1,0,0,0,0,0,0,0,0,45.5,,,,,,,18,1,0,,0,0,0,0,0,0.0,3,0,0,0,0,0,0.0,0.0,0,0,0,0,0,0,0,0,0,0,0,0,0,0,0,0,0,0,0,0,0,0,0,0,0,0,23,0
https://www.beko.com.tr/10-kg-kurutma-makinesi/kmb-1011-ig-kurutma-makinesi,KMB 1011 IG 10 Kg Kurutma Makinesi,41849.0,27,10 Kg Kurutma Makinesi,Beyaz Eşya,Kurutma Makinesi,60.5,60.0,85.0,,0,0,0,64.0,0,0,0,,,255400.0,,,,0,,,0,,0,1,0,0,0,1,0,0,0,,0,0,0,0,0,0,,,,0,0,0,10.0,1,1,1,1,1,1,1,110.0,,0,0,,0,0,0,0,0,0,0,0,0,0,0,,,0,0,0,,,0,,0,0,0,0,0,0,0,0,,,,,,,,0,0,,,,0,0,0,0,0,0,0,0,0,,,,0,0,,0,0,0,0,,,0,0,,,0,0,,0,0,0,0,0,0,0,0,,0,0,0,0,0,0,0,,,0,0,0,0,,0,,0,0,0,,,,0,0,0,0,,0,0,0,,,,,0,0,0,0,,0,,0,,0,0,0,0,0,,0,0,0,,,0,0,0,0,0,0,0,,0,0,,0,0,,0,0,0,,,,,0,0,0,0,,0,0,0,0,0,0,0,0,1,0,0,0,0,0,0,0,0,45.5,,,,,,,18,1,0,,0,0,0,0,0,0.0,2,0,0,0,0,0,0.0,0.0,0,0,0,0,0,0,0,0,0,0,0,0,0,0,0,0,0,0,0,0,0,0,0,0,0,0,25,0
https://www.beko.com.tr/12-kg-kurutma-makinesi/kmx-1201-kurutma-makinesi,KMX 1201 12 Kg Kurutma Makinesi,43229.0,22,12 Kg Kurutma Makinesi,Beyaz Eşya,Kurutma Makinesi,67.2,60.0,85.0,,0,0,0,64.0,0,0,0,,,362500.0,,,,0,,,0,,0,1,0,0,0,1,0,0,0,,0,0,0,0,0,0,,,,0,0,0,12.0,1,1,1,1,1,1,1,127.0,,0,0,,0,0,0,0,0,0,0,0,0,0,0,,,0,0,0,,,0,,0,0,0,0,0,0,0,0,,,,,,,,0,0,,,,0,0,0,0,0,0,0,0,0,,,,0,0,,0,0,0,0,,,0,0,,,0,0,,0,0,0,0,0,0,0,0,,0,0,0,0,0,0,0,,,0,0,0,0,,0,,0,0,0,,,,0,0,0,0,,0,0,0,,,,,0,0,0,0,,0,,0,,0,0,0,0,0,,0,0,0,,,0,0,0,0,0,0,0,,0,0,,0,0,,0,0,0,,,,,0,0,0,0,,0,0,0,0,0,0,0,0,0,0,0,1,0,0,0,0,0,46.0,,,,,,,18,1,0,,0,0,0,0,0,0.0,1,0,0,0,0,0,0.0,0.0,0,0,0,0,0,0,0,0,0,0,0,0,0,0,0,0,0,0,0,0,0,0,0,0,0,0,21,0
https://www.beko.com.tr/9-kg-kurutma-makinesi/kmb-931-ig-kurutma-makinesi,KMB 931 IG 9 Kg Kurutma Makinesi,43499.0,24,9 Kg Kurutma Makinesi,Beyaz Eşya,Kurutma Makinesi,67.2,60.0,85.0,,0,0,0,60.0,0,0,0,,,148100.0,,,,0,,,0,,0,1,0,0,0,1,0,0,0,,0,0,0,0,0,0,,,,0,0,0,9.0,1,1,1,1,1,0,1,127.0,,0,0,,0,0,0,0,0,0,0,0,0,0,0,,,0,0,0,,,0,,0,0,0,0,0,0,0,0,,,,,,,,0,0,,,,0,0,0,0,0,0,0,0,0,,,,0,0,,0,0,0,0,,,0,0,,,0,0,,0,0,0,0,0,0,0,0,,0,0,0,0,0,0,0,,,0,0,0,0,,0,,0,0,0,,,,0,0,0,0,,0,0,0,,,,,0,0,0,0,,0,,0,,0,0,0,0,0,,0,0,0,,,0,0,0,0,0,0,0,,0,0,,0,0,,0,0,0,,,,,0,0,0,0,,0,0,0,0,0,0,0,0,1,0,0,0,0,0,0,0,0,47.5,,,,,,,18,1,0,,0,0,0,0,0,0.0,5,0,0,0,0,0,0.0,0.0,0,0,0,0,0,0,0,0,0,0,0,0,0,0,0,0,0,0,0,0,0,0,0,0,0,0,23,0
https://www.beko.com.tr/10-kg-kurutma-makinesi/kmx-1001-s-kurutma-makinesi,KMX 1001 S 10 Kg Kurutma Makinesi,39749.0,36,10 Kg Kurutma Makinesi,Beyaz Eşya,Kurutma Makinesi,60.7,60.0,85.0,,0,0,0,64.0,0,0,0,,,255400.0,,,,0,,,0,,0,1,0,0,0,1,0,0,0,,0,0,0,0,0,0,,,,0,0,0,10.0,1,1,1,1,1,1,1,110.0,,0,0,,0,0,0,0,0,0,0,0,0,0,0,,,0,0,0,,,0,,0,0,0,0,0,0,0,0,,,,,,,,0,0,,,,0,0,0,0,0,0,0,0,0,,,,0,0,,0,0,0,0,,,0,0,,,0,0,,0,0,0,0,0,0,0,0,,0,0,0,0,0,0,0,,,0,0,0,0,,0,,0,0,0,,,,0,0,0,0,,0,0,0,,,,,0,0,0,0,,0,,0,,0,0,0,0,0,,0,0,0,,,0,0,0,0,0,0,0,,0,0,,0,0,,0,0,0,,,,,0,0,0,0,,0,0,0,0,0,0,0,0,1,0,0,0,0,0,0,0,0,44.0,,,,,,,18,1,0,,0,0,0,0,0,0.0,2,0,0,0,0,0,0.0,0.0,0,0,0,0,0,0,0,0,0,0,0,0,0,0,0,0,0,0,0,0,0,0,0,0,0,0,17,0
https://www.beko.com.tr/9-kg-kurutma-makinesi/kmx-91-kurutma-makinesi,KMX 91 9 Kg Kurutma Makinesi,37139.0,82,9 Kg Kurutma Makinesi,Beyaz Eşya,Kurutma Makinesi,60.7,60.0,85.0,,0,0,0,64.0,0,0,0,,,287400.0,,,,0,,,0,,0,1,0,0,0,1,0,0,0,,0,0,0,0,0,0,,,,0,0,0,9.0,1,1,1,1,1,1,1,110.0,,0,0,,0,0,0,0,0,0,0,0,0,0,0,,,0,0,0,,,0,,0,0,0,0,0,0,0,0,,,,,,,,0,0,,,,0,0,0,0,0,0,0,0,0,,,,0,0,,0,0,0,0,,,0,0,,,0,0,,0,0,0,0,0,0,0,0,,0,0,0,0,0,0,0,,,0,0,0,0,,0,,0,0,0,,,,0,0,0,0,,0,0,0,,,,,0,0,0,0,,0,,0,,0,0,0,0,0,,0,0,0,,,0,0,0,0,0,0,0,,0,0,,0,0,,0,0,0,,,,,0,0,0,0,,0,0,0,0,0,0,0,0,0,0,0,1,0,0,0,0,0,41.0,,,,,,,18,1,0,,0,0,0,0,0,0.0,1,0,0,0,0,0,0.0,0.0,0,0,0,0,0,0,0,0,0,0,0,0,0,0,0,0,0,0,0,0,0,0,0,0,0,0,17,0
https://www.beko.com.tr/kurutmali-camasir-makinesi/cmx-1070-yk-i-kurutmali-camasir-makinesi,CMX 1070 YK I Kurutmalı Çamaşır Makinesi,40499.0,35,Kurutmali Camasir Makinesi,Beyaz Eşya,Çamaşır Makinesi,60.0,60.0,85.0,,0,0,0,,0,0,0,,,,,,,0,,,0,10.0,0,1,1,1,1,1,0,1,0,,0,0,0,0,0,0,,,,0,0,0,7.0,0,0,0,0,0,0,0,,,0,0,,0,0,0,0,0,0,0,0,0,0,0,,,0,0,0,,,0,,0,0,0,0,0,0,0,0,,,,,,,,0,0,,,,0,0,0,0,0,0,0,0,0,,,,0,0,,0,0,0,0,,,0,0,,,0,0,,0,0,0,0,0,0,0,0,,0,0,0,0,0,0,0,,,0,0,0,0,,0,,0,0,0,,,,0,0,0,0,,0,0,0,,,,,0,0,0,0,,0,,0,,0,0,0,0,0,,0,0,0,,,0,0,0,0,0,0,0,,0,0,,0,0,,0,0,0,,,,,0,0,0,0,,0,0,0,0,0,0,0,0,0,0,0,1,0,0,0,0,0,71.0,,,,,,1200.0,18,0,0,,0,0,0,0,0,0.0,2,0,0,0,0,0,0.0,0.0,0,0,0,0,0,0,0,0,0,0,0,0,0,0,0,0,0,0,0,0,0,0,0,0,1,0,16,0
https://www.beko.com.tr/mini-firin/bsuf-4000-meb-firin,BSUF 4000 MEB Mini Fırın,8739.0,47,Mini Firin,Beyaz Eşya,Fırın,47.8,60.0,29.0,,0,0,0,,0,0,0,,,,,,,0,,,0,,0,0,0,0,0,0,0,0,0,,0,0,0,0,0,0,,,,0,0,0,,0,0,0,0,0,0,0,,40.0,1,1,2.0,1,1,1,0,0,0,0,0,0,0,0,,,0,0,0,,,0,,0,0,0,0,0,0,0,0,,,,,,,,0,0,,,,0,0,0,0,0,0,0,0,0,,,,0,0,,0,0,0,0,,,0,0,,,0,0,,0,0,0,0,0,0,0,0,,0,0,0,0,0,0,0,,,0,0,0,0,,0,,0,0,0,,,,0,0,0,0,,0,0,0,,,,,0,0,0,0,,0,,0,,0,0,0,0,0,,0,0,0,,,0,0,0,0,0,0,0,,0,0,,0,0,,0,0,0,,,,,0,0,0,0,,0,0,0,0,0,0,0,0,0,0,0,1,0,0,0,0,0,15.0,,,,,,,0,3,0,,0,0,0,0,0,0.0,0,0,0,0,0,0,0.0,0.0,0,0,0,0,0,0,0,0,0,0,0,0,0,0,0,0,0,0,1,0,0,0,0,0,0,0,1,0
https://www.beko.com.tr/ocakli-firin/bfe-310-1-b-firin,BFE 310-1 B Ocaklı Fırın,28276.0,6,Ocakli Firin,Beyaz Eşya,Fırın,,60.0,85.0,,0,0,0,,0,0,0,,,,,,,0,,,0,,0,0,0,0,0,0,0,0,0,,0,0,0,0,0,0,,,,0,0,0,,0,0,0,0,0,0,0,,66.0,0,1,3.0,1,0,1,1,1,1,1,1,0,0,0,,,0,0,0,,,0,,0,0,0,0,0,0,0,0,,,,,,,,0,0,,,,0,0,0,0,0,0,0,0,0,,,,0,0,,0,0,0,0,,,0,0,,,0,0,,0,0,0,0,0,0,0,0,,0,0,0,0,0,0,0,,,0,0,0,0,,0,,0,0,0,,,,0,0,0,0,,0,0,0,,,,,0,0,0,0,,0,,0,,0,0,0,0,0,,0,0,0,,,0,0,0,0,0,0,0,,0,0,,0,0,,0,0,0,,,,,0,0,0,0,,0,0,0,0,0,0,0,0,0,0,0,1,0,0,0,0,0,,,,,,,,0,4,1,,0,0,0,0,0,0.0,5,0,0,0,0,0,0.0,0.0,0,0,0,0,0,0,0,0,0,1,0,0,0,0,0,0,0,0,0,0,0,0,0,1,0,0,1,0
https://www.beko.com.tr/ocakli-firin/bfm-420-ebg-firin,BFM 420 EBG Ocaklı Fırın,46466.0,5,Ocakli Firin,Beyaz Eşya,Fırın,,60.0,85.0,,0,0,0,,0,0,0,,,,,,,0,,,0,,0,0,0,0,0,0,0,0,0,,0,0,0,0,0,0,,,,0,0,0,,0,0,0,0,0,0,0,,72.0,0,1,3.0,1,0,1,1,1,1,1,1,1,1,1,,,0,0,0,,,0,,0,0,0,0,0,0,0,0,,,,,,,,0,0,,,,0,0,0,0,0,0,0,0,0,,,,0,0,,0,0,0,0,,,0,0,,,0,0,,0,0,0,0,0,0,0,0,,0,0,0,0,0,0,0,,,0,0,0,0,,0,,0,0,0,,,,0,0,0,0,,0,0,0,,,,,0,0,0,0,,0,,0,,0,0,0,0,0,,0,0,0,,,0,0,0,0,0,0,0,,0,0,,0,0,,0,0,0,,,,,0,0,0,0,,0,0,0,0,0,0,0,0,1,0,0,0,0,0,0,0,0,,,,,,,,0,5,1,,0,0,0,0,0,0.0,5,0,0,0,0,0,0.0,0.0,0,0,0,0,0,0,0,0,0,1,0,0,0,0,0,0,0,0,3,0,0,0,0,1,0,0,1,0
https://www.beko.com.tr/mini-firin/bsuf-5000-mgsi-firin,BSUF 5000 MGSI Mini Fırın,15363.0,58,Mini Firin,Beyaz Eşya,Fırın,56.0,61.0,35.0,,0,0,0,,0,0,0,,,,,,,0,,,0,,0,0,0,0,0,0,0,0,0,,0,0,0,0,0,0,,,,0,0,0,,0,0,0,0,0,0,0,,50.0,0,1,2.0,1,1,0,0,0,1,0,0,0,0,0,,,0,0,0,,,0,,0,0,0,0,0,0,0,0,,,,,,,,0,0,,,,0,0,0,0,0,0,0,0,0,,,,0,0,,0,0,0,0,,,0,0,,,0,0,,0,0,0,0,0,0,0,0,,0,0,0,0,0,0,0,,,0,0,0,0,,0,,0,0,0,,,,0,0,0,0,,0,0,0,,,,,0,0,0,0,,0,,0,,0,0,0,0,0,,0,0,0,,,0,0,0,0,0,0,0,,0,0,,0,0,,0,0,0,,,,,0,0,0,0,,0,0,0,0,0,0,0,0,1,0,0,0,0,0,0,0,0,20.8,,,,,,,0,2,0,,0,0,0,0,0,0.0,0,0,0,0,0,0,0.0,0.0,0,0,0,0,0,0,0,0,0,0,0,0,0,0,0,0,0,0,1,0,0,0,0,0,0,0,1,0
https://www.beko.com.tr/mini-firin/bsuf-5000-meb-firin,BSUF 5000 MEB Mini Fırın,12599.0,109,Mini Firin,Beyaz Eşya,Fırın,56.0,61.0,35.0,,0,0,0,,0,0,0,,,,,,,0,,,0,,0,0,0,0,0,0,0,0,0,,0,0,0,0,0,0,,,,0,0,0,,0,0,0,0,0,0,0,,50.0,0,1,2.0,1,1,1,0,0,1,0,0,0,0,0,,,0,0,0,,,0,,0,0,0,0,0,0,0,0,,,,,,,,0,0,,,,0,0,0,0,0,0,0,0,0,,,,0,0,,0,0,0,0,,,0,0,,,0,0,,0,0,0,0,0,0,0,0,,0,0,0,0,0,0,0,,,0,0,0,0,,0,,0,0,0,,,,0,0,0,0,,0,0,0,,,,,0,0,0,0,,0,,0,,0,0,0,0,0,,0,0,0,,,0,0,0,0,0,0,0,,0,0,,0,0,,0,0,0,,,,,0,0,0,0,,0,0,0,0,0,0,0,0,0,0,0,1,0,0,0,0,0,18.3,,,,,,,0,2,0,,0,0,0,0,0,0.0,0,0,0,0,0,0,0.0,0.0,0,0,0,0,0,0,0,0,0,0,0,0,0,0,0,0,0,0,1,0,0,0,0,0,0,0,1,0
https://www.beko.com.tr/ocakli-firin/bfe-400-1-g-firin,BFE 400-1 G Ocaklı Fırın,28734.0,17,Ocakli Firin,Beyaz Eşya,Fırın,,60.0,85.0,,0,0,0,,0,0,0,,,,,,,0,,,0,,0,0,0,0,0,0,0,0,0,,0,0,0,0,0,0,,,,0,0,0,,0,0,0,0,0,0,0,,66.0,0,1,3.0,1,1,0,0,1,1,1,1,0,0,0,,,0,0,0,,,0,,0,0,0,0,0,0,0,0,,,,,,,,0,0,,,,0,0,0,0,0,0,0,0,0,,,,0,0,,0,0,0,0,,,0,0,,,0,0,,0,0,0,0,0,0,0,0,,0,0,0,0,0,0,0,,,0,0,0,0,,0,,0,0,0,,,,0,0,0,0,,0,0,0,,,,,0,0,0,0,,0,,0,,0,0,0,0,0,,0,0,0,,,0,0,0,0,0,0,0,,0,0,,0,0,,0,0,0,,,,,0,0,0,0,,0,0,0,0,0,0,0,0,1,0,0,0,0,0,0,0,0,,,,,,,,0,4,1,,0,0,0,0,0,0.0,5,0,0,0,0,0,0.0,0.0,0,0,0,0,0,0,0,0,0,1,0,0,0,0,0,0,0,0,0,0,0,0,0,1,0,0,1,0
https://www.beko.com.tr/ocakli-firin/bfe-400-1-eb-firin,BFE 400-1 EB Ocaklı Fırın,40039.0,7,Ocakli Firin,Beyaz Eşya,Fırın,,60.0,85.0,,0,0,0,,0,0,0,,,,,,,0,,,0,,0,0,0,0,0,0,0,0,0,,0,0,0,0,0,0,,,,0,0,0,,0,0,0,0,0,0,0,,72.0,0,1,3.0,1,1,0,0,1,1,1,1,0,0,1,,,0,0,0,,,0,,0,0,0,0,0,0,0,0,,,,,,,,0,0,,,,0,0,0,0,0,0,0,0,0,,,,0,0,,0,0,0,0,,,0,0,,,0,0,,0,0,0,0,0,0,0,0,,0,0,0,0,0,0,0,,,0,0,0,0,,0,,0,0,0,,,,0,0,0,0,,0,0,0,,,,,0,0,0,0,,0,,0,,0,0,0,0,0,,0,0,0,,,0,0,0,0,0,0,0,,0,0,,0,0,,0,0,0,,,,,0,0,0,0,,0,0,0,0,0,0,0,0,0,0,0,1,0,0,0,0,0,,,,,,,,0,4,1,,0,0,0,0,0,0.0,5,0,0,0,0,0,0.0,0.0,0,0,0,0,0,0,0,0,0,2,0,0,0,0,0,0,0,0,3,0,0,0,0,1,0,0,1,0
https://www.beko.com.tr/ocakli-firin/bfe-400-1-b-firin,BFE 400-1 B Ocaklı Fırın,27982.0,27,Ocakli Firin,Beyaz Eşya,Fırın,,60.0,85.0,,0,0,0,,0,0,0,,,,,,,0,,,0,,0,0,0,0,0,0,0,0,0,,0,0,0,0,0,0,,,,0,0,0,,0,0,0,0,0,0,0,,66.0,0,1,3.0,1,1,0,0,1,1,1,1,0,0,0,,,0,0,0,,,0,,0,0,0,0,0,0,0,0,,,,,,,,0,0,,,,0,0,0,0,0,0,0,0,0,,,,0,0,,0,0,0,0,,,0,0,,,0,0,,0,0,0,0,0,0,0,0,,0,0,0,0,0,0,0,,,0,0,0,0,,0,,0,0,0,,,,0,0,0,0,,0,0,0,,,,,0,0,0,0,,0,,0,,0,0,0,0,0,,0,0,0,,,0,0,0,0,0,0,0,,0,0,,0,0,,0,0,0,,,,,0,0,0,0,,0,0,0,0,0,0,0,0,0,0,0,1,0,0,0,0,0,,,,,,,,0,4,1,,0,0,0,0,0,0.0,5,0,0,0,0,0,0.0,0.0,0,0,0,0,0,0,0,0,0,1,0,0,0,0,0,0,0,0,0,0,0,0,0,1,0,0,1,0
https://www.beko.com.tr/ocakli-firin/bfm-420-ebb-firin,BFM 420 EBB Ocaklı Fırın,45093.0,0,Ocakli Firin,Beyaz Eşya,Fırın,,60.0,85.0,,0,0,0,,0,0,0,,,,,,,0,,,0,,0,0,0,0,0,0,0,0,0,,0,0,0,0,0,0,,,,0,0,0,,0,0,0,0,0,0,0,,72.0,0,1,3.0,1,0,1,1,1,1,1,1,1,1,1,,,0,0,0,,,0,,0,0,0,0,0,0,0,0,,,,,,,,0,0,,,,0,0,0,0,0,0,0,0,0,,,,0,0,,0,0,0,0,,,0,0,,,0,0,,0,0,0,0,0,0,0,0,,0,0,0,0,0,0,0,,,0,0,0,0,,0,,0,0,0,,,,0,0,0,0,,0,0,0,,,,,0,0,0,0,,0,,0,,0,0,0,0,0,,0,0,0,,,0,0,0,0,0,0,0,,0,0,,0,0,,0,0,0,,,,,0,0,0,0,,0,0,0,0,0,0,0,0,0,0,0,1,0,0,0,0,0,,,,,,,,0,5,1,,0,0,0,0,0,0.0,5,0,0,0,0,0,0.0,0.0,0,0,0,0,0,0,0,0,0,1,0,0,0,0,0,0,0,0,3,0,0,0,0,1,0,0,1,0
https://www.beko.com.tr/set-ustu-ocak/bsocd-t-601-eb-set-ustu-ocak,BSOCD T 601 EB Set Üstü Ocak,15120.0,1,Set Ustu Ocak,Beyaz Eşya,Set Üstü Ocak,51.5,60.0,6.0,,0,0,0,,0,0,0,,,,,,,0,,,0,,0,0,0,0,0,0,0,0,0,,0,0,0,0,0,0,,,,0,0,0,,0,0,0,0,0,0,0,,,0,0,,0,0,0,0,0,0,1,1,0,0,0,,,0,0,0,,,0,,0,0,0,0,0,0,0,0,,,,,,,,0,0,,,,0,0,0,0,0,0,0,0,0,,,,0,0,,0,0,0,0,,,0,0,,,0,0,,0,0,0,0,0,0,0,0,,0,0,0,0,0,0,0,,,0,0,0,0,,0,,0,0,0,,,,0,0,0,0,,0,0,0,,,,,0,0,0,0,,0,,0,,0,0,0,0,0,,0,0,0,,,0,0,0,0,0,0,0,,0,0,,0,0,,0,0,0,,,,,0,0,0,0,,0,0,0,0,0,0,0,0,0,0,0,1,0,0,0,0,0,11.9,,1.0,,,,,0,0,0,,1,0,0,0,0,0.0,0,0,0,0,0,0,0.0,0.0,0,0,0,0,0,0,0,0,0,2,0,0,0,1,0,0,0,0,0,0,0,1,0,2,0,0,2,0
https://www.beko.com.tr/set-ustu-ocak/bsomd-d-611ewi-set-ustu-ocak,BSOMD D 611EWI Set Üstü Ocak,14700.0,19,Set Ustu Ocak,Beyaz Eşya,Set Üstü Ocak,51.0,61.0,6.0,,0,0,0,,0,0,0,,,,,,,0,,,0,,0,0,0,0,0,0,0,0,0,,0,0,0,0,0,0,,,,0,0,0,,0,0,0,0,0,0,0,,,0,0,,0,0,0,0,0,0,1,1,0,0,0,,,0,0,0,,,0,,0,0,0,0,0,0,0,0,,,,,,,,0,0,,,,0,0,0,0,0,0,0,0,0,,,,0,0,,0,0,0,0,,,0,0,,,0,0,,0,0,0,0,0,0,0,0,,0,0,0,0,0,0,0,,,0,0,0,0,,0,,0,0,0,,,,0,0,0,0,,0,0,0,,,,,0,0,0,0,,0,,0,,0,0,0,0,0,,0,0,0,,,0,0,0,0,0,0,0,,0,0,,0,0,,0,0,0,,,,,0,0,0,0,,0,0,0,0,0,0,0,0,1,0,0,0,0,0,0,0,0,7.7,,1.0,,,,,0,0,0,,3,0,0,0,0,0.0,0,0,0,0,0,0,0.0,0.0,0,0,0,0,0,0,0,0,0,2,0,0,0,1,0,0,0,0,0,0,0,1,0,1,0,0,2,0
https://www.beko.com.tr/set-ustu-ocak/bsomd-d-611es-set-ustu-ocak,BSOMD D 611ES Set Üstü Ocak,9540.0,12,Set Ustu Ocak,Beyaz Eşya,Set Üstü Ocak,51.0,61.0,6.0,,0,0,0,,0,0,0,,,,,,,0,,,0,,0,0,0,0,0,0,0,0,0,,0,0,0,0,0,0,,,,0,0,0,,0,0,0,0,0,0,0,,,0,0,,0,0,0,0,0,0,1,1,0,0,0,,,0,0,0,,,0,,0,0,0,0,0,0,0,0,,,,,,,,0,0,,,,0,0,0,0,0,0,0,0,0,,,,0,0,,0,0,0,0,,,0,0,,,0,0,,0,0,0,0,0,0,0,0,,0,0,0,0,0,0,0,,,0,0,0,0,,0,,0,0,0,,,,0,0,0,0,,0,0,0,,,,,0,0,0,0,,0,,0,,0,0,0,0,0,,0,0,0,,,0,0,0,0,0,0,0,,0,0,,0,0,,0,0,0,,,,,0,0,0,0,,0,0,0,0,0,0,0,1,0,0,0,0,0,0,0,0,0,8.1,,1.0,,,,,0,0,0,,3,0,0,0,0,0.0,0,0,0,0,0,0,0.0,0.0,0,0,0,0,0,0,0,0,0,2,0,0,0,1,0,0,0,0,0,0,0,1,0,1,0,0,2,0
https://www.beko.com.tr/set-ustu-ocak/bsomd-d-611ei-set-ustu-ocak,BSOMD D 611EI Set Üstü Ocak,12600.0,16,Set Ustu Ocak,Beyaz Eşya,Set Üstü Ocak,51.0,61.0,6.0,,0,0,0,,0,0,0,,,,,,,0,,,0,,0,0,0,0,0,0,0,0,0,,0,0,0,0,0,0,,,,0,0,0,,0,0,0,0,0,0,0,,,0,0,,0,0,0,0,0,0,1,1,0,0,0,,,0,0,0,,,0,,0,0,0,0,0,0,0,0,,,,,,,,0,0,,,,0,0,0,0,0,0,0,0,0,,,,0,0,,0,0,0,0,,,0,0,,,0,0,,0,0,0,0,0,0,0,0,,0,0,0,0,0,0,0,,,0,0,0,0,,0,,0,0,0,,,,0,0,0,0,,0,0,0,,,,,0,0,0,0,,0,,0,,0,0,0,0,0,,0,0,0,,,0,0,0,0,0,0,0,,0,0,,0,0,,0,0,0,,,,,0,0,0,0,,0,0,0,0,0,0,0,0,1,0,0,0,0,0,0,0,0,7.3,,1.0,,,,,0,0,0,,3,0,0,0,0,0.0,0,0,0,0,0,0,0.0,0.0,0,0,0,0,0,0,0,0,0,2,0,0,0,1,0,0,0,0,0,0,0,1,0,1,0,0,2,0
https://www.beko.com.tr/set-ustu-ocak/bsocd-t-601-es-set-ustu-ocak,BSOCD T 601 ES Set Üstü Ocak,15120.0,2,Set Ustu Ocak,Beyaz Eşya,Set Üstü Ocak,51.5,60.0,6.0,,0,0,0,,0,0,0,,,,,,,0,,,0,,0,0,0,0,0,0,0,0,0,,0,0,0,0,0,0,,,,0,0,0,,0,0,0,0,0,0,0,,,0,0,,0,0,0,0,0,0,1,1,0,0,0,,,0,0,0,,,0,,0,0,0,0,0,0,0,0,,,,,,,,0,0,,,,0,0,0,0,0,0,0,0,0,,,,0,0,,0,0,0,0,,,0,0,,,0,0,,0,0,0,0,0,0,0,0,,0,0,0,0,0,0,0,,,0,0,0,0,,0,,0,0,0,,,,0,0,0,0,,0,0,0,,,,,0,0,0,0,,0,,0,,0,0,0,0,0,,0,0,0,,,0,0,0,0,0,0,0,,0,0,,0,0,,0,0,0,,,,,0,0,0,0,,0,0,0,0,0,0,0,1,0,0,0,0,0,0,0,0,0,11.9,,1.0,,,,,0,0,0,,1,0,0,0,0,0.0,0,0,0,0,0,0,0.0,0.0,0,0,0,0,0,0,0,0,0,2,0,0,0,1,0,0,0,0,0,0,0,1,0,2,0,0,2,0
https://www.beko.com.tr/set-ustu-ocak/bstoc-828-g-set-ustu-ocak,BSTOC 828 G Set Üstü Ocak,15120.0,48,Set Ustu Ocak,Beyaz Eşya,Set Üstü Ocak,51.5,60.0,6.0,,0,0,0,,0,0,0,,,,,,,0,,,0,,0,0,0,0,0,0,0,0,0,,0,0,0,0,0,0,,,,0,0,0,,0,0,0,0,0,0,0,,,0,0,,0,0,0,0,0,0,1,1,0,0,0,,,0,0,0,,,0,,0,0,0,0,0,0,0,0,,,,,,,,0,0,,,,0,0,0,0,0,0,0,0,0,,,,0,0,,0,0,0,0,,,0,0,,,0,0,,0,0,0,0,0,0,0,0,,0,0,0,0,0,0,0,,,0,0,0,0,,0,,0,0,0,,,,0,0,0,0,,0,0,0,,,,,0,0,0,0,,0,,0,,0,0,0,0,0,,0,0,0,,,0,0,0,0,0,0,0,,0,0,,0,0,,0,0,0,,,,,0,0,0,0,,0,0,0,0,0,0,0,0,1,0,0,0,0,0,0,0,0,12.3,,1.0,,,,,0,0,0,,1,0,0,0,0,0.0,0,0,0,0,0,0,0.0,0.0,0,0,0,0,0,0,0,0,0,2,0,0,0,1,0,0,0,0,0,0,0,1,0,2,0,0,2,0
https://www.beko.com.tr/set-ustu-ocak/bstoc-827-b-set-ustu-ocak,BSTOC 827 B Set Üstü Ocak,15120.0,43,Set Ustu Ocak,Beyaz Eşya,Set Üstü Ocak,51.5,60.0,6.0,,0,0,0,,0,0,0,,,,,,,0,,,0,,0,0,0,0,0,0,0,0,0,,0,0,0,0,0,0,,,,0,0,0,,0,0,0,0,0,0,0,,,0,0,,0,0,0,0,0,0,1,1,0,0,0,,,0,0,0,,,0,,0,0,0,0,0,0,0,0,,,,,,,,0,0,,,,0,0,0,0,0,0,0,0,0,,,,0,0,,0,0,0,0,,,0,0,,,0,0,,0,0,0,0,0,0,0,0,,0,0,0,0,0,0,0,,,0,0,0,0,,0,,0,0,0,,,,0,0,0,0,,0,0,0,,,,,0,0,0,0,,0,,0,,0,0,0,0,0,,0,0,0,,,0,0,0,0,0,0,0,,0,0,,0,0,,0,0,0,,,,,0,0,0,0,,0,0,0,0,0,0,0,0,0,0,0,1,0,0,0,0,0,12.3,,1.0,,,,,0,0,0,,1,0,0,0,0,0.0,0,0,0,0,0,0,0.0,0.0,0,0,0,0,0,0,0,0,0,2,0,0,0,1,0,0,0,0,0,0,0,1,0,2,0,0,2,0
https://www.beko.com.tr/set-ustu-ocak/bstoc-826-s-set-ustu-ocak,BSTOC 826 S Set Üstü Ocak,15120.0,26,Set Ustu Ocak,Beyaz Eşya,Set Üstü Ocak,51.5,60.0,6.0,,0,0,0,,0,0,0,,,,,,,0,,,0,,0,0,0,0,0,0,0,0,0,,0,0,0,0,0,0,,,,0,0,0,,0,0,0,0,0,0,0,,,0,0,,0,0,0,0,0,0,1,1,0,0,0,,,0,0,0,,,0,,0,0,0,0,0,0,0,0,,,,,,,,0,0,,,,0,0,0,0,0,0,0,0,0,,,,0,0,,0,0,0,0,,,0,0,,,0,0,,0,0,0,0,0,0,0,0,,0,0,0,0,0,0,0,,,0,0,0,0,,0,,0,0,0,,,,0,0,0,0,,0,0,0,,,,,0,0,0,0,,0,,0,,0,0,0,0,0,,0,0,0,,,0,0,0,0,0,0,0,,0,0,,0,0,,0,0,0,,,,,0,0,0,0,,0,0,0,0,0,0,0,1,0,0,0,0,0,0,0,0,0,12.3,,1.0,,,,,0,0,0,,1,0,0,0,0,0.0,0,0,0,0,0,0,0.0,0.0,0,0,0,0,0,0,0,0,0,2,0,0,0,1,0,0,0,0,0,0,0,1,0,2,0,0,2,0
https://www.beko.com.tr/set-ustu-ocak/bsocd-t-601-eg-set-ustu-ocak,BSOCD T 601 EG Set Üstü Ocak,15120.0,1,Set Ustu Ocak,Beyaz Eşya,Set Üstü Ocak,51.5,60.0,6.0,,0,0,0,,0,0,0,,,,,,,0,,,0,,0,0,0,0,0,0,0,0,0,,0,0,0,0,0,0,,,,0,0,0,,0,0,0,0,0,0,0,,,0,0,,0,0,0,0,0,0,1,1,0,0,0,,,0,0,0,,,0,,0,0,0,0,0,0,0,0,,,,,,,,0,0,,,,0,0,0,0,0,0,0,0,0,,,,0,0,,0,0,0,0,,,0,0,,,0,0,,0,0,0,0,0,0,0,0,,0,0,0,0,0,0,0,,,0,0,0,0,,0,,0,0,0,,,,0,0,0,0,,0,0,0,,,,,0,0,0,0,,0,,0,,0,0,0,0,0,,0,0,0,,,0,0,0,0,0,0,0,,0,0,,0,0,,0,0,0,,,,,0,0,0,0,,0,0,0,0,0,0,0,0,1,0,0,0,0,0,0,0,0,11.9,,1.0,,,,,0,0,0,,1,0,0,0,0,0.0,0,0,0,0,0,0,0.0,0.0,0,0,0,0,0,0,0,0,0,2,0,0,0,1,0,0,0,0,0,0,0,1,0,2,0,0,2,0
https://www.beko.com.tr/set-ustu-ocak/bsoe-301-b-set-ustu-ocak,BSOE 301 B Set Üstü Ocak,5010.0,3,Set Ustu Ocak,Beyaz Eşya,Set Üstü Ocak,26.0,48.0,8.0,,0,0,0,,0,0,0,,,,,,,0,,,0,,0,0,0,0,0,0,0,0,0,,0,0,0,0,0,0,,,,0,0,0,,0,0,0,0,0,0,0,,,0,0,,0,0,0,0,0,0,0,0,0,0,0,,,0,0,0,,,0,,0,0,0,0,0,0,0,0,,,,,,,,0,0,,,,0,0,0,0,0,0,0,0,0,,,,0,0,,0,0,0,0,,,0,0,,,0,0,,0,0,0,0,0,0,0,0,,0,0,0,0,0,0,0,,,0,0,0,0,,0,,0,0,0,,,,0,0,0,0,,0,0,0,,,,,0,0,0,0,,0,,0,,0,0,0,0,0,,0,0,0,,,0,0,0,0,0,0,0,,0,0,,0,0,,0,0,0,,,,,0,0,0,0,,0,0,0,0,0,0,0,0,0,0,0,1,0,0,0,0,0,7.86,,,,,,,0,0,0,,0,0,0,0,0,0.0,0,0,0,0,0,0,0.0,0.0,0,0,0,0,0,0,0,0,0,0,0,0,0,0,0,0,0,0,0,0,0,2,0,1,0,0,2,0
https://www.beko.com.tr/set-ustu-ocak/bsomd-d-611eb-set-ustu-ocak,BSOMD D 611EB Set Üstü Ocak,9000.0,28,Set Ustu Ocak,Beyaz Eşya,Set Üstü Ocak,51.0,61.0,6.0,,0,0,0,,0,0,0,,,,,,,0,,,0,,0,0,0,0,0,0,0,0,0,,0,0,0,0,0,0,,,,0,0,0,,0,0,0,0,0,0,0,,,0,0,,0,0,0,0,0,0,1,1,0,0,0,,,0,0,0,,,0,,0,0,0,0,0,0,0,0,,,,,,,,0,0,,,,0,0,0,0,0,0,0,0,0,,,,0,0,,0,0,0,0,,,0,0,,,0,0,,0,0,0,0,0,0,0,0,,0,0,0,0,0,0,0,,,0,0,0,0,,0,,0,0,0,,,,0,0,0,0,,0,0,0,,,,,0,0,0,0,,0,,0,,0,0,0,0,0,,0,0,0,,,0,0,0,0,0,0,0,,0,0,,0,0,,0,0,0,,,,,0,0,0,0,,0,0,0,0,0,0,0,0,0,0,0,1,0,0,0,0,0,14.2,,1.0,,,,,0,0,0,,3,0,0,0,0,0.0,0,0,0,0,0,0,0.0,0.0,0,0,0,0,0,0,0,0,0,2,0,0,0,1,0,0,0,0,0,0,0,1,0,1,0,0,2,0
https://www.beko.com.tr/set-ustu-ocak/bsoe-601-i-set-ustu-ocak,BSOE 601 I Set Üstü Ocak,10260.0,5,Set Ustu Ocak,Beyaz Eşya,Set Üstü Ocak,51.0,61.0,4.0,,0,0,0,,0,0,0,,,,,,,0,,,0,,0,0,0,0,0,0,0,0,0,,0,0,0,0,0,0,,,,0,0,0,,0,0,0,0,0,0,0,,,0,0,,0,0,0,0,0,0,0,0,0,0,0,,,0,0,0,,,0,,0,0,0,0,0,0,0,0,,,,,,,,0,0,,,,0,0,0,0,0,0,0,0,0,,,,0,0,,0,0,0,0,,,0,0,,,0,0,,0,0,0,0,0,0,0,0,,0,0,0,0,0,0,0,,,0,0,0,0,,0,,0,0,0,,,,0,0,0,0,,0,0,0,,,,,0,0,0,0,,0,,0,,0,0,0,0,0,,0,0,0,,,0,0,0,0,0,0,0,,0,0,,0,0,,0,0,0,,,,,0,0,0,0,,0,0,0,0,0,0,0,0,1,0,0,0,0,0,0,0,0,9.7,,5000.0,,,,,0,0,0,,0,0,0,0,0,0.0,0,0,0,0,0,0,0.0,0.0,0,0,0,0,0,0,0,0,0,0,0,0,0,0,0,0,0,0,0,0,0,1,0,1,0,0,2,0
https://www.beko.com.tr/mikrodalga-firin/bmd-200-s-mikrodalga-firin,BMD 200 S Mikrodalga Fırın,5899.0,39,Mikrodalga Firin,Beyaz Eşya,Fırın,33.0,45.0,24.0,,0,0,0,,0,0,0,,,,,,,0,,,0,,0,0,0,0,0,0,0,0,0,,0,0,0,0,0,0,,,,0,0,0,,0,0,0,0,0,0,0,,,1,0,,0,0,0,0,0,0,0,0,0,0,0,,,0,0,0,,,0,,0,0,0,0,0,0,0,0,,,,,,,,0,0,,,,0,0,0,0,0,0,0,0,0,,,,0,0,,0,0,0,0,,,0,0,,,0,0,,0,0,0,0,0,0,0,0,,0,0,0,0,0,0,0,,,0,0,0,0,,0,,0,0,0,,,,0,0,0,0,,0,0,0,,,,,0,0,0,0,,0,,0,,0,0,0,0,0,,0,0,0,,,0,0,0,0,0,0,0,,0,0,,0,0,,0,0,0,,,,,0,0,0,0,,0,0,0,0,0,0,0,1,0,0,0,0,0,0,0,0,0,10.0,,1100.0,,,,,0,0,0,,0,0,0,0,0,0.0,0,0,0,0,0,0,0.0,0.0,0,0,0,0,0,0,0,0,0,0,0,0,0,0,0,0,0,0,0,0,0,0,0,0,0,0,2,0
https://www.beko.com.tr/mikrodalga-firin/bmd-200-b-mikrodalga-firin,BMD 200 B Mikrodalga Fırın,5899.0,43,Mikrodalga Firin,Beyaz Eşya,Fırın,33.0,45.0,24.0,,0,0,0,,0,0,0,,,,,,,0,,,0,,0,0,0,0,0,0,0,0,0,,0,0,0,0,0,0,,,,0,0,0,,0,0,0,0,0,0,0,,,1,0,,0,0,0,0,0,0,0,0,0,0,0,,,0,0,0,,,0,,0,0,0,0,0,0,0,0,,,,,,,,0,0,,,,0,0,0,0,0,0,0,0,0,,,,0,0,,0,0,0,0,,,0,0,,,0,0,,0,0,0,0,0,0,0,0,,0,0,0,0,0,0,0,,,0,0,0,0,,0,,0,0,0,,,,0,0,0,0,,0,0,0,,,,,0,0,0,0,,0,,0,,0,0,0,0,0,,0,0,0,,,0,0,0,0,0,0,0,,0,0,,0,0,,0,0,0,,,,,0,0,0,0,,0,0,0,0,0,0,0,0,0,0,0,1,0,0,0,0,0,10.0,,1100.0,,,,,0,0,0,,0,0,0,0,0,0.0,0,0,0,0,0,0,0.0,0.0,0,0,0,0,0,0,0,0,0,0,0,0,0,0,0,0,0,0,0,0,0,0,0,0,0,0,2,0
https://www.beko.com.tr/mikrodalga-firin/bmd-211-dg-mikrodalga-firin,BMD 211 DG Mikrodalga Fırın,7469.0,33,Mikrodalga Firin,Beyaz Eşya,Fırın,33.0,44.0,26.0,,0,0,0,,0,0,0,,,,,,,0,,,0,,0,0,0,0,0,0,0,0,0,,0,0,0,0,0,0,,,,0,0,0,,0,0,0,0,0,0,0,,,1,0,,0,0,0,0,0,0,0,0,0,0,0,,,0,0,0,,,0,,0,0,0,0,0,0,0,0,,,,,,,,0,0,,,,0,0,0,0,0,0,0,0,0,,,,0,0,,0,0,0,0,,,0,0,,,0,0,,0,0,0,0,0,0,0,0,,0,0,0,0,0,0,0,,,0,0,0,0,,0,,0,0,0,,,,0,0,0,0,,0,0,0,,,,,0,0,0,0,,0,,0,,0,0,0,0,0,,0,0,0,,,0,0,0,0,0,0,0,,0,0,,0,0,,0,0,0,,,,,0,0,0,0,,0,0,0,0,0,0,0,0,1,0,0,0,0,0,0,0,0,11.5,,1100.0,,,,,0,0,0,,0,0,0,0,0,0.0,0,0,0,0,0,0,0.0,0.0,0,0,0,0,0,0,0,0,0,0,0,0,0,0,0,0,0,0,0,0,0,0,0,0,0,0,2,0
https://www.beko.com.tr/mikrodalga-firin/bmd-200-g-mikrodalga-firin,BMD 200 G Mikrodalga Fırın,5899.0,16,Mikrodalga Firin,Beyaz Eşya,Fırın,33.0,45.0,24.0,,0,0,0,,0,0,0,,,,,,,0,,,0,,0,0,0,0,0,0,0,0,0,,0,0,0,0,0,0,,,,0,0,0,,0,0,0,0,0,0,0,,,1,0,,0,0,0,0,0,0,0,0,0,0,0,,,0,0,0,,,0,,0,0,0,0,0,0,0,0,,,,,,,,0,0,,,,0,0,0,0,0,0,0,0,0,,,,0,0,,0,0,0,0,,,0,0,,,0,0,,0,0,0,0,0,0,0,0,,0,0,0,0,0,0,0,,,0,0,0,0,,0,,0,0,0,,,,0,0,0,0,,0,0,0,,,,,0,0,0,0,,0,,0,,0,0,0,0,0,,0,0,0,,,0,0,0,0,0,0,0,,0,0,,0,0,,0,0,0,,,,,0,0,0,0,,0,0,0,0,0,0,0,0,1,0,0,0,0,0,0,0,0,10.0,,1100.0,,,,,0,0,0,,0,0,0,0,0,0.0,0,0,0,0,0,0,0.0,0.0,0,0,0,0,0,0,0,0,0,0,0,0,0,0,0,0,0,0,0,0,0,0,0,0,0,0,2,0
https://www.beko.com.tr/mikrodalga-firin/bmd-240-mikrodalga-firin,BMD 240 Mikrodalga Fırın,6599.0,20,Mikrodalga Firin,Beyaz Eşya,Fırın,37.7,47.0,28.0,,0,0,0,,0,0,0,,,,,,,0,,,0,,0,1,0,0,0,0,0,0,0,,0,0,0,0,0,0,,,,0,0,0,,0,0,0,0,0,0,0,,,1,0,,0,0,0,0,0,0,0,0,0,0,0,,,0,0,0,,,0,,0,0,0,0,0,0,0,0,,,,,,,,0,0,,,,0,0,0,0,0,0,0,0,0,,,,0,0,,0,0,0,0,,,0,0,,,0,0,,0,0,0,0,0,0,0,0,,0,0,0,0,0,0,0,,,0,0,0,0,,0,,0,0,0,,,,0,0,0,0,,0,0,0,,,,,0,0,0,0,,0,,0,,0,0,0,0,0,,0,0,0,,,0,0,0,0,0,0,0,,0,0,,0,0,,0,0,0,,,,,0,0,0,0,,0,0,0,0,0,0,0,0,0,0,0,1,0,0,0,0,0,11.67,,1250.0,,,,,0,1,0,,0,0,0,0,0,0.0,0,0,0,0,0,0,0.0,0.0,0,0,0,0,0,0,0,0,0,0,0,0,0,0,0,0,0,0,0,0,0,0,0,0,0,0,1,0
https://www.beko.com.tr/mikrodalga-firin/bmd-211-ds-mikrodalga-firin,BMD 211 DS Mikrodalga Fırın,7469.0,27,Mikrodalga Firin,Beyaz Eşya,Fırın,33.0,44.0,26.0,,0,0,0,,0,0,0,,,,,,,0,,,0,,0,0,0,0,0,0,0,0,0,,0,0,0,0,0,0,,,,0,0,0,,0,0,0,0,0,0,0,,,1,0,,0,0,0,0,0,0,0,0,0,0,0,,,0,0,0,,,0,,0,0,0,0,0,0,0,0,,,,,,,,0,0,,,,0,0,0,0,0,0,0,0,0,,,,0,0,,0,0,0,0,,,0,0,,,0,0,,0,0,0,0,0,0,0,0,,0,0,0,0,0,0,0,,,0,0,0,0,,0,,0,0,0,,,,0,0,0,0,,0,0,0,,,,,0,0,0,0,,0,,0,,0,0,0,0,0,,0,0,0,,,0,0,0,0,0,0,0,,0,0,,0,0,,0,0,0,,,,,0,0,0,0,,0,0,0,0,0,0,0,1,0,0,0,0,0,0,0,0,0,11.5,,1100.0,,,,,0,0,0,,0,0,0,0,0,0.0,0,0,0,0,0,0,0.0,0.0,0,0,0,0,0,0,0,0,0,0,0,0,0,0,0,0,0,0,0,0,0,0,0,0,0,0,2,0
https://www.beko.com.tr/mikrodalga-firin/bmd-310-ds-mikrodalga-firin,BMD 310 DS Mikrodalga Fırın,11217.0,25,Mikrodalga Firin,Beyaz Eşya,Fırın,38.2,51.0,30.0,,0,0,0,,0,0,0,,,,,,,0,,,0,,0,0,0,0,0,0,0,0,0,,0,0,0,0,0,0,,,,0,0,0,,0,0,0,0,0,0,0,,,0,0,,0,0,0,0,0,0,0,0,0,0,0,,,0,0,0,,,0,,0,0,0,0,0,0,0,0,,,,,,,,0,0,,,,0,0,0,0,0,0,0,0,0,,,,0,0,,0,0,0,0,,,0,0,,,0,0,,0,0,0,0,0,0,0,0,,0,0,0,0,0,0,0,,,0,0,0,0,,0,,0,0,0,,,,0,0,0,0,,0,0,0,,,,,0,0,0,0,,0,,0,,0,0,0,0,0,,0,0,0,,,0,0,0,0,0,0,0,,0,0,,0,0,,0,0,0,,,,,0,0,0,0,,0,0,0,0,0,0,0,0,1,0,0,0,0,0,0,0,0,14.5,,,,,,,0,0,0,,0,0,0,0,0,0.0,0,0,0,0,0,0,0.0,0.0,0,0,0,0,0,0,0,0,0,0,0,0,0,0,0,0,0,0,0,0,0,0,0,0,0,0,2,0
https://www.beko.com.tr/mikrodalga-firin/bmd-2310-s-mikrodalga-firin,BMD 2310 S Mikrodalga Fırın,8119.0,26,Mikrodalga Firin,Beyaz Eşya,Fırın,36.0,48.0,28.0,,0,0,0,,0,0,0,,,,,,,0,,,0,,0,1,0,0,0,0,0,0,0,,0,0,0,0,0,0,,,,0,0,0,,0,0,0,0,0,0,0,,,1,0,,0,0,0,0,0,0,0,0,0,0,0,,,0,0,0,,,0,,0,0,0,0,0,0,0,0,,,,,,,,0,0,,,,0,0,0,0,0,0,0,0,0,,,,0,0,,0,0,0,0,,,0,0,,,0,0,,0,0,0,0,0,0,0,0,,0,0,0,0,0,0,0,,,0,0,0,0,,0,,0,0,0,,,,0,0,0,0,,0,0,0,,,,,0,0,0,0,,0,,0,,0,0,0,0,0,,0,0,0,,,0,0,0,0,0,0,0,,0,0,,0,0,,0,0,0,,,,,0,0,0,0,,0,0,0,0,0,0,0,0,1,0,0,0,0,0,0,0,0,13.6,,1250.0,,,,,0,1,0,,0,0,0,0,0,0.0,0,0,0,0,0,0,0.0,0.0,0,0,0,0,0,0,0,0,0,0,0,0,0,0,0,0,0,0,0,0,0,0,0,0,0,0,1,0
https://www.beko.com.tr/mikrodalga-firin/bmd-260-af-db-mikrodalga-firin,BMD 260 AF DB Mikrodalga Fırın,15577.0,14,Mikrodalga Firin,Beyaz Eşya,Fırın,42.4,50.0,29.0,,0,0,0,,0,0,0,,,,,,,0,,,0,,0,1,0,0,0,0,0,0,0,,0,0,0,0,0,0,,,,0,0,0,,0,0,0,0,0,0,0,,,1,0,,0,0,0,0,0,0,0,0,0,0,0,,,0,0,0,,,0,,0,0,0,0,0,0,0,0,,,,,,,,0,0,,,,0,0,0,0,0,0,0,0,0,,,,0,0,,0,0,0,0,,,0,0,,,0,0,,0,0,0,0,0,0,0,0,,0,0,0,0,0,0,0,,,0,0,0,0,,0,,0,0,0,,,,0,0,0,0,,0,0,0,,,,,0,0,0,0,,0,,0,,0,0,0,0,0,,0,0,0,,,0,0,0,0,0,0,0,,0,0,,0,0,,0,0,0,,,,,0,0,0,0,,0,0,0,0,0,0,0,1,0,0,0,0,0,0,0,0,0,16.1,,1450.0,,,,,0,1,0,,0,0,0,0,0,0.0,0,0,0,0,0,0,0.0,0.0,0,0,0,0,0,0,0,0,0,0,0,0,0,0,0,0,0,0,0,0,0,0,0,0,0,0,1,0
https://www.beko.com.tr/fitfry-buhar-destekli-firin/bfc-631-s-ankastre-firin,BFC 631 S FitFry Buhar Destekli Fırın,31701.0,67,Fitfry Buhar Destekli Firin,Beyaz Eşya,Fırın,57.0,59.0,60.0,,0,0,0,,0,0,0,,,,,,,0,,,0,,0,0,0,0,0,0,0,0,0,,0,0,0,0,0,0,,,,0,0,0,,0,0,0,0,0,0,0,,72.0,1,1,3.0,0,1,0,1,0,1,0,0,1,1,1,,,0,0,0,,,0,,0,0,0,0,0,0,0,0,,,,,,,,0,0,,,,0,0,0,0,0,0,0,0,0,,,,0,0,,0,0,0,0,,,0,0,,,0,0,,0,0,0,0,0,0,0,0,,0,0,0,0,0,0,0,,,0,0,0,0,,0,,0,0,0,,,,0,0,0,0,,0,0,0,,,,,0,0,0,0,,0,,0,,0,0,0,0,0,,0,0,0,,,0,0,0,0,0,0,0,,0,0,,0,0,,0,0,0,,,,,0,0,0,0,,0,0,0,0,0,0,0,1,0,0,0,0,0,0,0,0,0,,,,,,,,0,4,1,,0,0,0,0,0,0.0,6,0,0,0,0,0,0.0,0.0,0,0,0,0,0,0,0,0,0,0,0,0,0,0,0,0,0,0,3,0,0,0,0,0,0,0,1,0
https://www.beko.com.tr/ankastre-mikrodalgalar/bmc-2030-b-ankastre-mikrodalgalar,BMC 2030 B Ankastre Mikrodalgalar,21499.0,8,Ankastre Mikrodalgalar,Ankastre,Ankastre Mikrodalgalar,34.4,60.0,39.0,,0,0,0,,0,0,0,,,,,,,0,,,0,,0,1,0,0,0,0,0,0,0,,0,0,0,0,0,0,,,,0,0,0,,0,0,0,0,0,0,0,,,1,0,,0,0,0,0,0,0,0,0,0,0,0,,,0,0,0,,,0,,0,0,0,0,0,0,0,0,,,,,,,,0,0,,,,0,0,0,0,0,0,0,0,0,,,,0,0,,0,0,0,0,,,0,0,,,0,0,,0,0,0,0,0,0,0,0,,0,0,0,0,0,0,0,,,0,0,0,0,,0,,0,0,0,,,,0,0,0,0,,0,0,0,,,,,0,0,0,0,,0,,0,,0,0,0,0,0,,0,0,0,,,0,0,0,0,0,0,0,,0,0,,0,0,,0,0,0,,,,,0,0,0,0,,0,0,0,0,0,0,0,0,0,0,0,1,0,0,0,0,0,18.5,,1450.0,,,,,0,1,0,,0,0,0,0,0,0.0,0,0,0,0,0,0,0.0,0.0,0,0,0,1,0,0,0,0,0,0,0,0,0,0,0,0,0,0,0,0,0,0,0,0,0,0,1,0
https://www.beko.com.tr/cok-amacli-pisirici/mc-5251-pisirici,MC 5251 ExpertChef® Pro Çok Amaçlı Pişirici,12999.0,71,Cok Amacli Pisirici,Küçük Ev Aletleri,Pişirici,35.0,34.0,32.0,,0,0,0,,0,0,0,,,,,,,0,,,0,,0,0,0,0,0,0,0,0,0,,0,0,0,0,0,0,,,,0,0,0,,0,0,0,0,0,0,0,,,0,0,,0,0,0,0,0,0,0,0,0,0,0,1.0,1.0,1,1,1,,,0,,0,0,0,0,0,0,0,0,,,,,,,,0,0,,,,0,0,0,0,0,0,0,0,0,,,,0,0,,0,0,0,0,,,0,0,,,0,0,,0,0,0,0,0,0,0,0,,0,0,0,0,0,0,0,,,0,0,0,0,,0,,0,0,0,,,,0,0,0,0,,0,0,0,,,,,0,0,0,0,,0,,0,,0,0,0,0,0,,0,0,0,,,0,0,0,0,0,0,0,,0,0,,0,0,,0,0,0,,,,,0,0,0,0,,0,0,0,0,0,0,0,0,0,0,0,0,0,0,0,0,0,,,1100.0,,,,,0,10,0,,0,0,0,0,0,0.0,0,0,0,0,0,0,0.0,0.0,0,0,0,0,0,0,0,0,0,0,0,0,2,0,0,0,0,0,0,0,0,0,0,0,0,0,1,0
https://www.beko.com.tr/su-sebili/5500-bu-su-sebili,5500 BU Su Sebili,7749.0,8,Su Sebili,Beyaz Eşya,Su Sebili,32.0,31.0,93.0,,0,0,0,,0,0,0,,,,,,,0,,,0,,0,0,0,0,0,0,0,0,0,,0,0,0,0,0,0,,,,0,0,0,,0,0,0,0,0,0,0,,,0,0,,0,0,0,0,0,0,0,0,0,0,0,,,0,0,0,2,,0,,0,0,0,0,0,0,0,0,,,,,,,,0,0,,,,0,0,0,0,0,0,0,0,0,,,,0,0,,0,0,0,0,,,0,0,,,0,0,,0,0,0,0,0,0,0,0,,0,0,0,0,0,0,0,,,0,0,0,0,,0,,0,0,0,,,,0,0,0,0,,0,0,0,,,,,0,0,0,0,,0,,0,,0,0,0,0,0,,0,0,0,,,0,0,0,0,0,0,0,,0,0,,0,0,,0,0,0,,,,,0,0,0,0,,0,0,0,0,0,0,0,0,0,0,0,1,0,0,0,0,0,10.6,,,3.0,,,,0,0,0,,0,1,0,0,0,0.0,0,0,0,0,0,0,0.0,0.0,1,1,0,0,0,0,0,0,0,0,0,0,0,0,0,0,0,0,0,0,0,0,0,0,0,0,2,0
https://www.beko.com.tr/su-sebili/5550-bu-su-sebili,5550 BU Su Sebili,9949.0,3,Su Sebili,Beyaz Eşya,Su Sebili,32.0,31.0,93.0,,0,0,0,,0,0,0,,,,,,,0,,,0,,0,0,0,0,0,0,0,0,0,,0,0,0,0,0,0,,,,0,0,0,,0,0,0,0,0,0,0,,,0,0,,0,0,0,0,0,0,0,0,0,0,0,,,0,0,0,2,,0,,0,0,0,0,0,0,0,0,,,,,,,,0,0,,,,0,0,0,0,0,0,0,0,0,,,,0,0,,0,0,0,0,,,0,0,,,0,0,,0,0,0,0,0,0,0,0,,0,0,0,0,0,0,0,,,0,0,0,0,,0,,0,0,0,,,,0,0,0,0,,0,0,0,,,,,0,0,0,0,,0,,0,,0,0,0,0,0,,0,0,0,,,0,0,0,0,0,0,0,,0,0,,0,0,,0,0,0,,,,,0,0,0,0,,0,0,0,0,0,0,0,0,0,0,0,1,0,0,0,0,0,11.2,,,3.0,,,,0,0,0,,0,1,0,0,0,0.0,0,0,0,0,0,0,0.0,0.0,1,0,1,0,0,0,0,0,0,0,0,0,0,0,0,0,0,0,0,0,0,0,0,0,0,0,2,0
https://www.beko.com.tr/su-sebili/6600-bg-su-sebili,6600 BG Su Sebili,12399.0,22,Su Sebili,Beyaz Eşya,Su Sebili,36.0,31.0,104.0,,0,0,0,,0,0,0,,,,,,,0,,,0,,0,0,0,0,0,0,0,0,0,,0,0,0,0,0,0,,,,0,0,0,,0,0,0,0,0,0,0,,,0,0,,0,0,0,0,0,0,0,0,0,0,0,,,0,0,0,2,,0,,0,0,0,0,0,0,0,0,,,,,,,,0,0,,,,0,0,0,0,0,0,0,0,0,,,,0,0,,0,0,0,0,,,0,0,,,0,0,,0,0,0,0,0,0,0,0,,0,0,0,0,0,0,0,,,0,0,0,0,,0,,0,0,0,,,,0,0,0,0,,0,0,0,,,,,0,0,0,0,,0,,0,,0,0,0,0,0,,0,0,0,,,0,0,0,0,0,0,0,,0,0,,0,0,,0,0,0,,,,,0,0,0,0,,0,0,0,0,0,0,0,0,0,0,0,1,0,0,0,0,0,14.8,,,3.6,,,,0,0,0,,0,2,0,0,0,0.0,0,0,0,0,0,0,0.0,0.0,1,1,0,0,0,0,0,0,0,0,0,0,0,0,0,0,0,0,0,0,0,0,0,0,0,0,2,0
https://www.beko.com.tr/su-sebili/6610-sg-su-sebili,6610 SG Su Sebili,12399.0,8,Su Sebili,Beyaz Eşya,Su Sebili,36.0,31.0,104.0,,0,0,0,,0,0,0,,,,,,,0,,,0,,0,0,0,0,0,0,0,0,0,,0,0,0,0,0,0,,,,0,0,0,,0,0,0,0,0,0,0,,,0,0,,0,0,0,0,0,0,0,0,0,0,0,,,0,0,0,2,,0,,0,0,0,0,0,0,0,0,,,,,,,,0,0,,,,0,0,0,0,0,0,0,0,0,,,,0,0,,0,0,0,0,,,0,0,,,0,0,,0,0,0,0,0,0,0,0,,0,0,0,0,0,0,0,,,0,0,0,0,,0,,0,0,0,,,,0,0,0,0,,0,0,0,,,,,0,0,0,0,,0,,0,,0,0,0,0,0,,0,0,0,,,0,0,0,0,0,0,0,,0,0,,0,0,,0,0,0,,,,,0,0,0,0,,0,0,0,0,0,0,0,1,0,0,0,0,0,0,0,0,0,14.8,,,3.6,,,,0,0,0,,0,2,0,0,0,0.0,0,0,0,0,0,0,0.0,0.0,1,1,0,0,0,0,0,0,0,0,0,0,0,0,0,0,0,0,0,0,0,0,0,0,0,0,2,0
https://www.beko.com.tr/su-sebili/6650-gg-su-sebili,6650 GG Su Sebili,16849.0,15,Su Sebili,Beyaz Eşya,Su Sebili,36.0,31.0,104.0,,0,0,0,,0,0,0,,,,,,,0,,,0,,0,0,0,0,0,0,0,0,0,,0,0,0,0,0,0,,,,0,0,0,,0,0,0,0,0,0,0,,,0,0,,0,0,0,0,0,0,0,0,0,0,0,,,0,0,0,2,,0,,0,0,0,0,0,0,0,0,,,,,,,,0,0,,,,0,0,0,0,0,0,0,0,0,,,,0,0,,0,0,0,0,,,0,0,,,0,0,,0,0,0,0,0,0,0,0,,0,0,0,0,0,0,0,,,0,0,0,0,,0,,0,0,0,,,,0,0,0,0,,0,0,0,,,,,0,0,0,0,,0,,0,,0,0,0,0,0,,0,0,0,,,0,0,0,0,0,0,0,,0,0,,0,0,,0,0,0,,,,,0,0,0,0,,0,0,0,0,0,0,0,0,1,0,0,0,0,0,0,0,0,14.8,,,3.6,,,,0,0,0,,0,2,0,0,0,0.0,0,0,0,0,0,0,0.0,0.0,1,1,1,0,0,0,0,0,0,0,0,0,0,0,0,0,0,0,0,0,0,0,0,0,0,0,2,0
https://www.beko.com.tr/su-sebili/6620-gg-su-sebili,6620 GG Su Sebili,12399.0,8,Su Sebili,Beyaz Eşya,Su Sebili,36.0,31.0,104.0,,0,0,0,,0,0,0,,,,,,,0,,,0,,0,0,0,0,0,0,0,0,0,,0,0,0,0,0,0,,,,0,0,0,,0,0,0,0,0,0,0,,,0,0,,0,0,0,0,0,0,0,0,0,0,0,,,0,0,0,2,,0,,0,0,0,0,0,0,0,0,,,,,,,,0,0,,,,0,0,0,0,0,0,0,0,0,,,,0,0,,0,0,0,0,,,0,0,,,0,0,,0,0,0,0,0,0,0,0,,0,0,0,0,0,0,0,,,0,0,0,0,,0,,0,0,0,,,,0,0,0,0,,0,0,0,,,,,0,0,0,0,,0,,0,,0,0,0,0,0,,0,0,0,,,0,0,0,0,0,0,0,,0,0,,0,0,,0,0,0,,,,,0,0,0,0,,0,0,0,0,0,0,0,0,1,0,0,0,0,0,0,0,0,14.8,,,3.6,,,,0,0,0,,0,2,0,0,0,0.0,0,0,0,0,0,0,0.0,0.0,1,1,0,0,0,0,0,0,0,0,0,0,0,0,0,0,0,0,0,0,0,0,0,0,0,0,2,0
https://www.beko.com.tr/beyaz-esya-yedek-parca-ve-aksesuarlari/filtre-gr-komple-ral-7037-beyaz-esya-yedek-parca-ve-aksesuarlari,Filtre Komple Beyaz Eşya Yedek Parça ve Aksesuarları,525.0,1,Beyaz Esya Yedek Parca Ve Aksesuarlari,Beyaz Eşya,Beyaz Eşya Yedek Parça ve Aksesuarları,,,,,0,0,0,,0,0,0,,,,,,,0,,,0,,0,0,0,0,0,0,0,0,0,,0,0,0,0,0,0,,,,0,0,0,,0,0,0,0,0,0,0,,,0,0,,0,0,0,0,0,0,0,0,0,0,0,,,0,0,0,,,0,,0,0,0,0,0,0,0,0,,,,,,,,0,0,,,,0,0,0,0,0,0,0,0,0,,,,0,0,,0,0,0,0,,,0,0,,,0,0,,0,0,0,0,0,0,0,0,,0,0,0,0,0,0,0,,,0,0,0,0,,0,,0,0,0,,,,0,0,0,0,,0,0,0,,,,,0,0,0,0,,0,,0,,0,0,0,0,0,,0,0,0,,,0,0,0,0,0,0,0,,0,0,,0,0,,0,0,0,,,,,0,0,0,0,,0,0,0,0,0,0,0,0,0,0,0,0,0,0,0,0,0,,,,,,,,0,0,0,,0,0,0,0,0,0.0,0,0,0,0,0,0,0.0,0.0,0,0,0,0,0,0,0,0,0,0,0,0,0,0,0,0,0,0,0,0,0,0,0,0,0,0,2,0
https://www.beko.com.tr/beyaz-esya-yedek-parca-ve-aksesuarlari/55mm-kapi-rafi-70cm-baskisiz-sef-gri-286-beyaz-esya-yedek-parca-ve-aksesuarlari,Kapı Rafı Gri 70 cm Beyaz Eşya Yedek Parça ve Aksesuarları,260.0,0,Beyaz Esya Yedek Parca Ve Aksesuarlari,Beyaz Eşya,Beyaz Eşya Yedek Parça ve Aksesuarları,,,,,0,0,0,,0,0,0,,,,,,,0,,,0,,0,0,0,0,0,0,0,0,0,,0,0,0,0,0,0,,,,0,0,0,,0,0,0,0,0,0,0,,,0,0,,0,0,0,0,0,0,0,0,0,0,0,,,0,0,0,,,0,,0,0,0,0,0,0,0,0,,,,,,,,0,0,,,,0,0,0,0,0,0,0,0,0,,,,0,0,,0,0,0,0,,,0,0,,,0,0,,0,0,0,0,0,0,0,0,,0,0,0,0,0,0,0,,,0,0,0,0,,0,,0,0,0,,,,0,0,0,0,,0,0,0,,,,,0,0,0,0,,0,,0,,0,0,0,0,0,,0,0,0,,,0,0,0,0,0,0,0,,0,0,,0,0,,0,0,0,,,,,0,0,0,0,,0,0,0,0,0,0,0,0,0,0,0,0,0,0,0,0,0,,,,,,,,0,0,0,,0,0,0,0,0,0.0,0,0,0,0,0,0,0.0,0.0,0,0,0,0,0,0,0,0,0,0,0,0,0,0,0,0,0,0,0,0,0,0,0,0,0,0,2,0
https://www.beko.com.tr/beyaz-esya-yedek-parca-ve-aksesuarlari/arcelik-yeni-yumurtalik-sef286-demode-beyaz-esya-yedek-parca-ve-aksesuarlari,Yumuttalık Şeffaf Beyaz Eşya Yedek Parça ve Aksesuarları,260.0,0,Beyaz Esya Yedek Parca Ve Aksesuarlari,Beyaz Eşya,Beyaz Eşya Yedek Parça ve Aksesuarları,,,,,0,0,0,,0,0,0,,,,,,,0,,,0,,0,0,0,0,0,0,0,0,0,,0,0,0,0,0,0,,,,0,0,0,,0,0,0,0,0,0,0,,,0,0,,0,0,0,0,0,0,0,0,0,0,0,,,0,0,0,,,0,,0,0,0,0,0,0,0,0,,,,,,,,0,0,,,,0,0,0,0,0,0,0,0,0,,,,0,0,,0,0,0,0,,,0,0,,,0,0,,0,0,0,0,0,0,0,0,,0,0,0,0,0,0,0,,,0,0,0,0,,0,,0,0,0,,,,0,0,0,0,,0,0,0,,,,,0,0,0,0,,0,,0,,0,0,0,0,0,,0,0,0,,,0,0,0,0,0,0,0,,0,0,,0,0,,0,0,0,,,,,0,0,0,0,,0,0,0,0,0,0,0,0,0,0,0,0,0,0,0,0,0,,,,,,,,0,0,0,,0,0,0,0,0,0.0,0,0,0,0,0,0,0.0,0.0,0,0,0,0,0,0,0,0,0,0,0,0,0,0,0,0,0,0,0,0,0,0,0,0,0,0,2,0
https://www.beko.com.tr/beyaz-esya-yedek-parca-ve-aksesuarlari/mikrofiltre-gr-alt-0-ral-7037-beyaz-esya-yedek-parca-ve-aksesuarlari,Mikrofiltre Grubu Beyaz Eşya Yedek Parça ve Aksesuarları,525.0,0,Beyaz Esya Yedek Parca Ve Aksesuarlari,Beyaz Eşya,Beyaz Eşya Yedek Parça ve Aksesuarları,,,,,0,0,0,,0,0,0,,,,,,,0,,,0,,0,0,0,0,0,0,0,0,0,,0,0,0,0,0,0,,,,0,0,0,,0,0,0,0,0,0,0,,,0,0,,0,0,0,0,0,0,0,0,0,0,0,,,0,0,0,,,0,,0,0,0,0,0,0,0,0,,,,,,,,0,0,,,,0,0,0,0,0,0,0,0,0,,,,0,0,,0,0,0,0,,,0,0,,,0,0,,0,0,0,0,0,0,0,0,,0,0,0,0,0,0,0,,,0,0,0,0,,0,,0,0,0,,,,0,0,0,0,,0,0,0,,,,,0,0,0,0,,0,,0,,0,0,0,0,0,,0,0,0,,,0,0,0,0,0,0,0,,0,0,,0,0,,0,0,0,,,,,0,0,0,0,,0,0,0,0,0,0,0,0,0,0,0,0,0,0,0,0,0,,,,,,,,0,0,0,,0,0,0,0,0,0.0,0,0,0,0,0,0,0.0,0.0,0,0,0,0,0,0,0,0,0,0,0,0,0,0,0,0,0,0,0,0,0,0,0,0,0,0,2,0
https://www.beko.com.tr/beyaz-esya-yedek-parca-ve-aksesuarlari/mikrofiltre-gr-3ringsizral-7037-beyaz-esya-yedek-parca-ve-aksesuarlari,Mikrofiltre Grubu Ringsiz Beyaz Eşya Yedek Parça ve Aksesuarları,525.0,0,Beyaz Esya Yedek Parca Ve Aksesuarlari,Beyaz Eşya,Beyaz Eşya Yedek Parça ve Aksesuarları,,,,,0,0,0,,0,0,0,,,,,,,0,,,0,,0,0,0,0,0,0,0,0,0,,0,0,0,0,0,0,,,,0,0,0,,0,0,0,0,0,0,0,,,0,0,,0,0,0,0,0,0,0,0,0,0,0,,,0,0,0,,,0,,0,0,0,0,0,0,0,0,,,,,,,,0,0,,,,0,0,0,0,0,0,0,0,0,,,,0,0,,0,0,0,0,,,0,0,,,0,0,,0,0,0,0,0,0,0,0,,0,0,0,0,0,0,0,,,0,0,0,0,,0,,0,0,0,,,,0,0,0,0,,0,0,0,,,,,0,0,0,0,,0,,0,,0,0,0,0,0,,0,0,0,,,0,0,0,0,0,0,0,,0,0,,0,0,,0,0,0,,,,,0,0,0,0,,0,0,0,0,0,0,0,0,0,0,0,0,0,0,0,0,0,,,,,,,,0,0,0,,0,0,0,0,0,0.0,0,0,0,0,0,0,0.0,0.0,0,0,0,0,0,0,0,0,0,0,0,0,0,0,0,0,0,0,0,0,0,0,0,0,0,0,2,0
https://www.beko.com.tr/beyaz-esya-yedek-parca-ve-aksesuarlari/cekmece-kapak-gr-194mm-sef-gri286-sekil-beyaz-esya-yedek-parca-ve-aksesuarlari,Çekmece Kapak Grubu Şeffaf Beyaz Eşya Yedek Parça ve Aksesuarları,350.0,0,Beyaz Esya Yedek Parca Ve Aksesuarlari,Beyaz Eşya,Beyaz Eşya Yedek Parça ve Aksesuarları,,,,,0,0,0,,0,0,0,,,,,,,0,,,0,,0,0,0,0,0,0,0,0,0,,0,0,0,0,0,0,,,,0,0,0,,0,0,0,0,0,0,0,,,0,0,,0,0,0,0,0,0,0,0,0,0,0,,,0,0,0,,,0,,0,0,0,0,0,0,0,0,,,,,,,,0,0,,,,0,0,0,0,0,0,0,0,0,,,,0,0,,0,0,0,0,,,0,0,,,0,0,,0,0,0,0,0,0,0,0,,0,0,0,0,0,0,0,,,0,0,0,0,,0,,0,0,0,,,,0,0,0,0,,0,0,0,,,,,0,0,0,0,,0,,0,,0,0,0,0,0,,0,0,0,,,0,0,0,0,0,0,0,,0,0,,0,0,,0,0,0,,,,,0,0,0,0,,0,0,0,0,0,0,0,0,0,0,0,0,0,0,0,0,0,,,,,,,,0,0,0,,0,0,0,0,0,0.0,0,0,0,0,0,0,0.0,0.0,0,0,0,0,0,0,0,0,0,0,0,0,0,0,0,0,0,0,0,0,0,0,0,0,0,0,2,0
https://www.beko.com.tr/beyaz-esya-yedek-parca-ve-aksesuarlari/kapi-rafi-gr-55mm-gri-286-tampon-beyaz-esya-yedek-parca-ve-aksesuarlari,Kapı Rafı Gri 55 cm Beyaz Eşya Yedek Parça ve Aksesuarları,260.0,0,Beyaz Esya Yedek Parca Ve Aksesuarlari,Beyaz Eşya,Beyaz Eşya Yedek Parça ve Aksesuarları,,,,,0,0,0,,0,0,0,,,,,,,0,,,0,,0,0,0,0,0,0,0,0,0,,0,0,0,0,0,0,,,,0,0,0,,0,0,0,0,0,0,0,,,0,0,,0,0,0,0,0,0,0,0,0,0,0,,,0,0,0,,,0,,0,0,0,0,0,0,0,0,,,,,,,,0,0,,,,0,0,0,0,0,0,0,0,0,,,,0,0,,0,0,0,0,,,0,0,,,0,0,,0,0,0,0,0,0,0,0,,0,0,0,0,0,0,0,,,0,0,0,0,,0,,0,0,0,,,,0,0,0,0,,0,0,0,,,,,0,0,0,0,,0,,0,,0,0,0,0,0,,0,0,0,,,0,0,0,0,0,0,0,,0,0,,0,0,,0,0,0,,,,,0,0,0,0,,0,0,0,0,0,0,0,0,0,0,0,0,0,0,0,0,0,,,,,,,,0,0,0,,0,0,0,0,0,0.0,0,0,0,0,0,0,0.0,0.0,0,0,0,0,0,0,0,0,0,0,0,0,0,0,0,0,0,0,0,0,0,0,0,0,0,0,2,0
https://www.beko.com.tr/beyaz-esya-yedek-parca-ve-aksesuarlari/kapi-rafi-gr-gri-286-tampon-beyaz-esya-yedek-parca-ve-aksesuarlari,Kapı Rafı Gri Beyaz Eşya Yedek Parça ve Aksesuarları,260.0,0,Beyaz Esya Yedek Parca Ve Aksesuarlari,Beyaz Eşya,Beyaz Eşya Yedek Parça ve Aksesuarları,,,,,0,0,0,,0,0,0,,,,,,,0,,,0,,0,0,0,0,0,0,0,0,0,,0,0,0,0,0,0,,,,0,0,0,,0,0,0,0,0,0,0,,,0,0,,0,0,0,0,0,0,0,0,0,0,0,,,0,0,0,,,0,,0,0,0,0,0,0,0,0,,,,,,,,0,0,,,,0,0,0,0,0,0,0,0,0,,,,0,0,,0,0,0,0,,,0,0,,,0,0,,0,0,0,0,0,0,0,0,,0,0,0,0,0,0,0,,,0,0,0,0,,0,,0,0,0,,,,0,0,0,0,,0,0,0,,,,,0,0,0,0,,0,,0,,0,0,0,0,0,,0,0,0,,,0,0,0,0,0,0,0,,0,0,,0,0,,0,0,0,,,,,0,0,0,0,,0,0,0,0,0,0,0,0,0,0,0,0,0,0,0,0,0,,,,,,,,0,0,0,,0,0,0,0,0,0.0,0,0,0,0,0,0,0.0,0.0,0,0,0,0,0,0,0,0,0,0,0,0,0,0,0,0,0,0,0,0,0,0,0,0,0,0,2,0
https://www.beko.com.tr/beyaz-esya-yedek-parca-ve-aksesuarlari/atlantis-alt-pervane-gr-2-ral-7037-beyaz-esya-yedek-parca-ve-aksesuarlari,Alt Pervane Grubu Beyaz Eşya Yedek Parça ve Aksesuarları,300.0,0,Beyaz Esya Yedek Parca Ve Aksesuarlari,Beyaz Eşya,Beyaz Eşya Yedek Parça ve Aksesuarları,,,,,0,0,0,,0,0,0,,,,,,,0,,,0,,0,0,0,0,0,0,0,0,0,,0,0,0,0,0,0,,,,0,0,0,,0,0,0,0,0,0,0,,,0,0,,0,0,0,0,0,0,0,0,0,0,0,,,0,0,0,,,0,,0,0,0,0,0,0,0,0,,,,,,,,0,0,,,,0,0,0,0,0,0,0,0,0,,,,0,0,,0,0,0,0,,,0,0,,,0,0,,0,0,0,0,0,0,0,0,,0,0,0,0,0,0,0,,,0,0,0,0,,0,,0,0,0,,,,0,0,0,0,,0,0,0,,,,,0,0,0,0,,0,,0,,0,0,0,0,0,,0,0,0,,,0,0,0,0,0,0,0,,0,0,,0,0,,0,0,0,,,,,0,0,0,0,,0,0,0,0,0,0,0,0,0,0,0,0,0,0,0,0,0,,,,,,,,0,0,0,,0,0,0,0,0,0.0,0,0,0,0,0,0,0.0,0.0,0,0,0,0,0,0,0,0,0,0,0,0,0,0,0,0,0,0,0,0,0,0,0,0,0,0,2,0
https://www.beko.com.tr/beyaz-esya-yedek-parca-ve-aksesuarlari/ust-pervane-gr-komple-60-cm-ral-7016-beyaz-esya-yedek-parca-ve-aksesuarlari,Üst Pervane Grubu Beyaz Eşya Yedek Parça ve Aksesuarları,260.0,0,Beyaz Esya Yedek Parca Ve Aksesuarlari,Beyaz Eşya,Beyaz Eşya Yedek Parça ve Aksesuarları,,,,,0,0,0,,0,0,0,,,,,,,0,,,0,,0,0,0,0,0,0,0,0,0,,0,0,0,0,0,0,,,,0,0,0,,0,0,0,0,0,0,0,,,0,0,,0,0,0,0,0,0,0,0,0,0,0,,,0,0,0,,,0,,0,0,0,0,0,0,0,0,,,,,,,,0,0,,,,0,0,0,0,0,0,0,0,0,,,,0,0,,0,0,0,0,,,0,0,,,0,0,,0,0,0,0,0,0,0,0,,0,0,0,0,0,0,0,,,0,0,0,0,,0,,0,0,0,,,,0,0,0,0,,0,0,0,,,,,0,0,0,0,,0,,0,,0,0,0,0,0,,0,0,0,,,0,0,0,0,0,0,0,,0,0,,0,0,,0,0,0,,,,,0,0,0,0,,0,0,0,0,0,0,0,0,0,0,0,0,0,0,0,0,0,,,,,,,,0,0,0,,0,0,0,0,0,0.0,0,0,0,0,0,0,0.0,0.0,0,0,0,0,0,0,0,0,0,0,0,0,0,0,0,0,0,0,0,0,0,0,0,0,0,0,2,0
https://www.beko.com.tr/beyaz-esya-yedek-parca-ve-aksesuarlari/posetli-cekm-kapagi-gr-4206620100-beyaz-esya-yedek-parca-ve-aksesuarlari,Çekmece Kapak Grubu Beyaz Eşya Yedek Parça ve Aksesuarları,260.0,1,Beyaz Esya Yedek Parca Ve Aksesuarlari,Beyaz Eşya,Beyaz Eşya Yedek Parça ve Aksesuarları,,,,,0,0,0,,0,0,0,,,,,,,0,,,0,,0,0,0,0,0,0,0,0,0,,0,0,0,0,0,0,,,,0,0,0,,0,0,0,0,0,0,0,,,0,0,,0,0,0,0,0,0,0,0,0,0,0,,,0,0,0,,,0,,0,0,0,0,0,0,0,0,,,,,,,,0,0,,,,0,0,0,0,0,0,0,0,0,,,,0,0,,0,0,0,0,,,0,0,,,0,0,,0,0,0,0,0,0,0,0,,0,0,0,0,0,0,0,,,0,0,0,0,,0,,0,0,0,,,,0,0,0,0,,0,0,0,,,,,0,0,0,0,,0,,0,,0,0,0,0,0,,0,0,0,,,0,0,0,0,0,0,0,,0,0,,0,0,,0,0,0,,,,,0,0,0,0,,0,0,0,0,0,0,0,0,0,0,0,0,0,0,0,0,0,,,,,,,,0,0,0,,0,0,0,0,0,0.0,0,0,0,0,0,0,0.0,0.0,0,0,0,0,0,0,0,0,0,0,0,0,0,0,0,0,0,0,0,0,0,0,0,0,0,0,2,0
https://www.beko.com.tr/beyaz-esya-yedek-parca-ve-aksesuarlari/cekmece-gr-frz-kucuk-tsiz-t215-s-hs-beyaz-esya-yedek-parca-ve-aksesuarlari,Çekmece Grubu Beyaz Eşya Yedek Parça ve Aksesuarları,750.0,0,Beyaz Esya Yedek Parca Ve Aksesuarlari,Beyaz Eşya,Beyaz Eşya Yedek Parça ve Aksesuarları,,,,,0,0,0,,0,0,0,,,,,,,0,,,0,,0,0,0,0,0,0,0,0,0,,0,0,0,0,0,0,,,,0,0,0,,0,0,0,0,0,0,0,,,0,0,,0,0,0,0,0,0,0,0,0,0,0,,,0,0,0,,,0,,0,0,0,0,0,0,0,0,,,,,,,,0,0,,,,0,0,0,0,0,0,0,0,0,,,,0,0,,0,0,0,0,,,0,0,,,0,0,,0,0,0,0,0,0,0,0,,0,0,0,0,0,0,0,,,0,0,0,0,,0,,0,0,0,,,,0,0,0,0,,0,0,0,,,,,0,0,0,0,,0,,0,,0,0,0,0,0,,0,0,0,,,0,0,0,0,0,0,0,,0,0,,0,0,,0,0,0,,,,,0,0,0,0,,0,0,0,0,0,0,0,0,0,0,0,0,0,0,0,0,0,,,,,,,,0,0,0,,0,0,0,0,0,0.0,0,0,0,0,0,0,0.0,0.0,0,0,0,0,0,0,0,0,0,0,0,0,0,0,0,0,0,0,0,0,0,0,0,0,0,0,2,0
https://www.beko.com.tr/gazli-cam-tablali-ocak/bocd-k-6510-eb-ankastre-ocak,BOCD K 6510 EB Gazlı Cam Tablalı Ocak,15240.0,38,Gazli Cam Tablali Ocak,Ankastre,Ankastre Ocaklar,52.4,65.0,5.0,,0,0,0,,0,0,0,,,,,,,0,,,0,,0,0,0,0,0,0,0,0,0,,0,0,0,0,0,0,,,,0,0,0,,0,0,0,0,0,0,0,,,0,0,,0,0,0,0,0,0,1,1,0,0,0,,,0,0,0,,,0,,0,0,0,0,0,0,0,0,,,,,,,,0,0,,,,0,0,0,0,0,0,0,0,0,,,,0,0,,0,0,0,0,,,0,0,,,0,0,,0,0,0,0,0,0,0,0,,0,0,0,0,0,0,0,,,0,0,0,0,,0,,0,0,0,,,,0,0,0,0,,0,0,0,,,,,0,0,0,0,,0,,0,,0,0,0,0,0,,0,0,0,,,0,0,0,0,0,0,0,,0,0,,0,0,,0,0,0,,,,,0,0,0,0,,0,0,0,0,0,0,0,0,0,0,0,1,0,0,0,0,0,13.0,,1.0,,,,,0,0,0,,1,0,0,0,0,0.0,0,0,0,0,0,0,0.0,0.0,0,0,0,1,0,0,0,0,0,0,0,0,0,1,0,0,0,0,0,0,0,1,0,2,0,0,2,0
https://www.beko.com.tr/gazli-cam-tablali-ocak/bocd-k-6510-dwyb-ankastre-ocak,BOCD K 6510 DWYB Gazlı Cam Tablalı Ocak,26790.0,7,Gazli Cam Tablali Ocak,Ankastre,Ankastre Ocaklar,52.4,65.0,5.0,,0,0,0,,0,0,0,,,,,,,0,,,0,,0,0,0,0,0,0,0,0,0,,0,0,0,0,0,0,,,,0,0,0,,0,0,0,0,0,0,0,,,0,0,,0,0,0,0,0,0,1,1,0,0,0,,,0,0,0,,,0,,0,0,0,0,0,0,0,0,,,,,,,,0,0,,,,0,0,0,0,0,0,0,0,0,,,,0,0,,0,0,0,0,,,0,0,,,0,0,,0,0,0,0,0,0,0,0,,0,0,0,0,0,0,0,,,0,0,0,0,,0,,0,0,0,,,,0,0,0,0,,0,0,0,,,,,0,0,0,0,,0,,0,,0,0,0,0,0,,0,0,0,,,0,0,0,0,0,0,0,,0,0,,0,0,,0,0,0,,,,,0,0,0,0,,0,0,0,0,0,0,0,0,0,0,0,1,0,0,0,0,0,14.5,,1.0,,,,,0,0,0,,2,0,0,0,0,0.0,0,0,0,0,0,0,0.0,0.0,0,0,0,1,0,0,0,0,0,0,0,0,0,0,0,0,0,0,0,0,0,1,0,2,0,0,2,0
https://www.beko.com.tr/entegre-davlumbazli-ocaklar/bdoi-802-s-ankastre-ocak,BDOI 802 S Entegre Davlumbazlı Ocaklar,98370.0,5,Entegre Davlumbazli Ocaklar,Ankastre,Ankastre Ocaklar,52.0,80.0,22.0,,0,0,0,,0,0,0,,,,,,,0,,,0,,0,0,0,0,0,0,0,0,0,,0,0,0,0,0,0,,,,0,0,0,,0,0,0,0,0,0,0,,,0,0,,0,0,0,0,0,0,0,0,0,0,1,,,0,0,0,,,0,,0,0,0,0,0,0,0,0,,,,,,,,0,0,,,,0,0,0,0,0,0,0,0,0,,,,0,0,,0,0,0,0,,,0,0,,,0,0,,0,0,0,0,0,0,0,0,,0,0,0,0,0,0,0,,,0,0,0,0,,0,,0,0,0,,,,0,0,0,0,,0,0,0,,,,,0,0,0,0,,0,,0,,0,0,0,0,0,,0,0,0,,,0,0,0,0,0,0,0,,0,0,,0,0,,0,0,0,,,,,0,0,0,0,,0,0,0,0,0,0,0,1,0,0,0,0,0,0,0,0,0,22.7,,7400.0,,,,,1,1,0,,0,0,0,0,0,0.0,5,0,0,0,0,0,0.0,0.0,0,0,0,1,0,0,0,0,0,0,0,0,0,0,0,0,0,0,0,0,0,3,0,2,0,0,0,0
https://www.beko.com.tr/entegre-davlumbazli-ocaklar/bdoi-602-s-ankastre-ocak,BDOI 602 S Entegre Davlumbazlı Ocaklar,93060.0,5,Entegre Davlumbazli Ocaklar,Ankastre,Ankastre Ocaklar,52.0,60.0,22.0,,0,0,0,,0,0,0,,,,,,,0,,,0,,0,0,0,0,0,0,0,0,0,,0,0,0,0,0,0,,,,0,0,0,,0,0,0,0,0,0,0,,,0,0,,0,0,0,0,0,0,0,0,0,0,1,,,0,0,0,,,0,,0,0,0,0,0,0,0,0,,,,,,,,0,0,,,,0,0,0,0,0,0,0,0,0,,,,0,0,,0,0,0,0,,,0,0,,,0,0,,0,0,0,0,0,0,0,0,,0,0,0,0,0,0,0,,,0,0,0,0,,0,,0,0,0,,,,0,0,0,0,,0,0,0,,,,,0,0,0,0,,0,,0,,0,0,0,0,0,,0,0,0,,,0,0,0,0,0,0,0,,0,0,,0,0,,0,0,0,,,,,0,0,0,0,,0,0,0,0,0,0,0,1,0,0,0,0,0,0,0,0,0,19.9,,7400.0,,,,,1,1,0,,0,0,0,0,0,0.0,5,0,0,0,0,0,0.0,0.0,0,0,0,1,0,0,0,0,0,0,0,0,0,0,0,0,0,0,0,0,0,3,0,2,0,0,0,0
https://www.beko.com.tr/vitroseramik-ocaklar/aov-64400-b-ankastre-ocak,AOV 64400 B Vitroseramik Ocaklar,40680.0,9,Vitroseramik Ocaklar,Ankastre,Ankastre Ocaklar,51.0,58.0,4.0,,0,0,0,,0,0,0,,,,,,,0,,,0,,0,0,0,0,0,0,0,0,0,,0,0,0,0,0,0,,,,0,0,0,,0,0,0,0,0,0,0,,,0,0,,0,0,0,0,0,0,0,0,0,0,0,,,0,0,0,,,0,,0,0,0,0,0,0,0,0,,,,,,,,0,0,,,,0,0,0,0,0,0,0,0,0,,,,0,0,,0,0,0,0,,,0,0,,,0,0,,0,0,0,0,0,0,0,0,,0,0,0,0,0,0,0,,,0,0,0,0,,0,,0,0,0,,,,0,0,0,0,,0,0,0,,,,,0,0,0,0,,0,,0,,0,0,0,0,0,,0,0,0,,,0,0,0,0,0,0,0,,0,0,,0,0,,0,0,0,,,,,0,0,0,0,,0,0,0,0,0,0,0,0,0,0,0,1,0,0,0,0,0,7.6,,6800.0,,,,,0,0,0,,0,0,0,0,0,0.0,0,0,0,0,0,0,0.0,0.0,0,0,0,1,0,0,0,0,0,0,0,0,0,0,0,0,0,0,0,0,0,3,0,2,0,0,2,0
https://www.beko.com.tr/gazli-inoks-metal-tablali-ocaklar/bomd-d-7520-dwi-ankastre-ocak,BOMD D 7520 DWI Gazlı Inoks Metal Tablalı Ocaklar,31650.0,19,Gazli Inoks Metal Tablali Ocaklar,Ankastre,Ankastre Ocaklar,51.0,75.0,5.0,,0,0,0,,0,0,0,,,,,,,0,,,0,,0,0,0,0,0,0,0,0,0,,0,0,0,0,0,0,,,,0,0,0,,0,0,0,0,0,0,0,,,0,0,,0,0,0,0,0,0,1,1,0,0,0,,,0,0,0,,,0,,0,0,0,0,0,0,0,0,,,,,,,,0,0,,,,0,0,0,0,0,0,0,0,0,,,,0,0,,0,0,0,0,,,0,0,,,0,0,,0,0,0,0,0,0,0,0,,0,0,0,0,0,0,0,,,0,0,0,0,,0,,0,0,0,,,,0,0,0,0,,0,0,0,,,,,0,0,0,0,,0,,0,,0,0,0,0,0,,0,0,0,,,0,0,0,0,0,0,0,,0,0,,0,0,,0,0,0,,,,,0,0,0,0,,0,0,0,0,0,0,0,0,1,0,0,0,0,0,0,0,0,14.7,,1.0,,,,,0,0,0,,2,0,0,0,0,0.0,0,0,0,0,0,0,0.0,0.0,0,0,0,1,0,0,0,0,0,2,0,0,0,2,0,0,0,0,0,0,0,2,0,1,0,0,2,0
https://www.beko.com.tr/gazli-cam-tablali-ocak/bocd-t-6510-dws-ankastre-ocak,BOCD T 6510 DWS Gazlı Cam Tablalı Ocak,20610.0,26,Gazli Cam Tablali Ocak,Ankastre,Ankastre Ocaklar,52.4,65.0,5.0,,0,0,0,,0,0,0,,,,,,,0,,,0,,0,0,0,0,0,0,0,0,0,,0,0,0,0,0,0,,,,0,0,0,,0,0,0,0,0,0,0,,,0,0,,0,0,0,0,0,0,1,1,0,0,0,,,0,0,0,,,0,,0,0,0,0,0,0,0,0,,,,,,,,0,0,,,,0,0,0,0,0,0,0,0,0,,,,0,0,,0,0,0,0,,,0,0,,,0,0,,0,0,0,0,0,0,0,0,,0,0,0,0,0,0,0,,,0,0,0,0,,0,,0,0,0,,,,0,0,0,0,,0,0,0,,,,,0,0,0,0,,0,,0,,0,0,0,0,0,,0,0,0,,,0,0,0,0,0,0,0,,0,0,,0,0,,0,0,0,,,,,0,0,0,0,,0,0,0,0,0,0,0,1,0,0,0,0,0,0,0,0,0,13.8,,1.0,,,,,0,0,0,,2,0,0,0,0,0.0,0,0,0,0,0,0,0.0,0.0,0,0,0,1,0,0,0,0,0,2,0,0,0,2,0,0,0,0,0,0,0,1,0,2,0,0,2,0
https://www.beko.com.tr/domino-ocaklar/bov-302-s-ankastre-ocak,BOV 302 S Domino Ocaklar,20070.0,2,Domino Ocaklar,Ankastre,Ankastre Ocaklar,4.0,29.0,51.0,,0,0,0,,0,0,0,,,,,,,0,,,0,,0,0,0,0,0,0,0,0,0,,0,0,0,0,0,0,,,,0,0,0,,0,0,0,0,0,0,0,,,0,0,,0,0,0,0,0,0,0,0,0,0,0,,,0,0,0,,,0,,0,0,0,0,0,0,0,0,,,,,,,,0,0,,,,0,0,0,0,0,0,0,0,0,,,,0,0,,0,0,0,0,,,0,0,,,0,0,,0,0,0,0,0,0,0,0,,0,0,0,0,0,0,0,,,0,0,0,0,,0,,0,0,0,,,,0,0,0,0,,0,0,0,,,,,0,0,0,0,,0,,0,,0,0,0,0,0,,0,0,0,,,0,0,0,0,0,0,0,,0,0,,0,0,,0,0,0,,,,,0,0,0,0,,0,0,0,0,0,0,0,1,0,0,0,0,0,0,0,0,0,4.8,,2900.0,,,,,0,0,0,,0,0,0,0,0,0.0,0,0,0,0,0,0,0.0,0.0,0,0,0,1,0,0,0,0,0,0,0,0,0,0,0,0,0,0,0,0,0,2,0,2,0,0,2,0
https://www.beko.com.tr/gazli-inoks-metal-tablali-ocaklar/bomd-d-6110-dwi-ankastre-ocak,BOMD D 6110 DWI Beyond Serisi Gazlı Inoks Metal Tablalı Ocaklar,18780.0,27,Gazli Inoks Metal Tablali Ocaklar,Ankastre,Ankastre Ocaklar,51.0,61.0,4.0,,0,0,0,,0,0,0,,,,,,,0,,,0,,0,0,0,0,0,0,0,0,0,,0,0,0,0,0,0,,,,0,0,0,,0,0,0,0,0,0,0,,,0,0,,0,0,0,0,0,0,1,1,0,0,0,,,0,0,0,,,0,,0,0,0,0,0,0,0,0,,,,,,,,0,0,,,,0,0,0,0,0,0,0,0,0,,,,0,0,,0,0,0,0,,,0,0,,,0,0,,0,0,0,0,0,0,0,0,,0,0,0,0,0,0,0,,,0,0,0,0,,0,,0,0,0,,,,0,0,0,0,,0,0,0,,,,,0,0,0,0,,0,,0,,0,0,0,0,0,,0,0,0,,,0,0,0,0,0,0,0,,0,0,,0,0,,0,0,0,,,,,0,0,0,0,,0,0,0,0,0,0,0,0,1,0,0,0,0,0,0,0,0,10.5,,1.0,,,,,0,0,0,,2,0,0,0,0,0.0,0,0,0,0,0,0,0.0,0.0,0,0,0,1,0,0,0,0,0,2,0,0,0,2,0,0,0,0,0,0,0,1,0,1,0,0,2,0
https://www.beko.com.tr/gazli-cam-tablali-ocak/bocd-dy-6020-ds-ankastre-ocak,BOCD DY 6020 DS Gazlı Cam Tablalı Ocak,17580.0,7,Gazli Cam Tablali Ocak,Ankastre,Ankastre Ocaklar,52.4,59.0,5.0,,0,0,0,,0,0,0,,,,,,,0,,,0,,0,0,0,0,0,0,0,0,0,,0,0,0,0,0,0,,,,0,0,0,,0,0,0,0,0,0,0,,,0,0,,0,0,0,0,0,0,1,1,0,0,0,,,0,0,0,,,0,,0,0,0,0,0,0,0,0,,,,,,,,0,0,,,,0,0,0,0,0,0,0,0,0,,,,0,0,,0,0,0,0,,,0,0,,,0,0,,0,0,0,0,0,0,0,0,,0,0,0,0,0,0,0,,,0,0,0,0,,0,,0,0,0,,,,0,0,0,0,,0,0,0,,,,,0,0,0,0,,0,,0,,0,0,0,0,0,,0,0,0,,,0,0,0,0,0,0,0,,0,0,,0,0,,0,0,0,,,,,0,0,0,0,,0,0,0,0,0,0,0,1,0,0,0,0,0,0,0,0,0,11.9,,1.0,,,,,0,0,0,,2,0,0,0,0,0.0,0,0,0,0,0,0,0.0,0.0,0,0,0,1,0,0,0,0,0,0,0,0,0,0,0,0,0,0,0,0,0,2,0,2,0,0,2,0
https://www.beko.com.tr/gazli-cam-tablali-ocak/bocd-k-6510-ewb-ankastre-ocak,BOCD K 6510 EWB Gazlı Cam Tablalı Ocak,16710.0,51,Gazli Cam Tablali Ocak,Ankastre,Ankastre Ocaklar,52.4,65.0,5.0,,0,0,0,,0,0,0,,,,,,,0,,,0,,0,0,0,0,0,0,0,0,0,,0,0,0,0,0,0,,,,0,0,0,,0,0,0,0,0,0,0,,,0,0,,0,0,0,0,0,0,1,1,0,0,0,,,0,0,0,,,0,,0,0,0,0,0,0,0,0,,,,,,,,0,0,,,,0,0,0,0,0,0,0,0,0,,,,0,0,,0,0,0,0,,,0,0,,,0,0,,0,0,0,0,0,0,0,0,,0,0,0,0,0,0,0,,,0,0,0,0,,0,,0,0,0,,,,0,0,0,0,,0,0,0,,,,,0,0,0,0,,0,,0,,0,0,0,0,0,,0,0,0,,,0,0,0,0,0,0,0,,0,0,,0,0,,0,0,0,,,,,0,0,0,0,,0,0,0,0,0,0,0,0,0,0,0,1,0,0,0,0,0,13.0,,1.0,,,,,0,0,0,,1,0,0,0,0,0.0,0,0,0,0,0,0,0.0,0.0,0,0,0,1,0,0,0,0,0,0,0,0,0,0,0,0,0,0,0,0,0,1,0,2,0,0,2,0
https://www.beko.com.tr/gazli-cam-tablali-ocak/bocd-k-6510-ewg-ankastre-ocak,BOCD K 6510 EWG Gazlı Cam Tablalı Ocak,16710.0,45,Gazli Cam Tablali Ocak,Ankastre,Ankastre Ocaklar,52.4,65.0,5.0,,0,0,0,,0,0,0,,,,,,,0,,,0,,0,0,0,0,0,0,0,0,0,,0,0,0,0,0,0,,,,0,0,0,,0,0,0,0,0,0,0,,,0,0,,0,0,0,0,0,0,1,1,0,0,0,,,0,0,0,,,0,,0,0,0,0,0,0,0,0,,,,,,,,0,0,,,,0,0,0,0,0,0,0,0,0,,,,0,0,,0,0,0,0,,,0,0,,,0,0,,0,0,0,0,0,0,0,0,,0,0,0,0,0,0,0,,,0,0,0,0,,0,,0,0,0,,,,0,0,0,0,,0,0,0,,,,,0,0,0,0,,0,,0,,0,0,0,0,0,,0,0,0,,,0,0,0,0,0,0,0,,0,0,,0,0,,0,0,0,,,,,0,0,0,0,,0,0,0,0,0,0,0,0,1,0,0,0,0,0,0,0,0,13.0,,1.0,,,,,0,0,0,,1,0,0,0,0,0.0,0,0,0,0,0,0,0.0,0.0,0,0,0,1,0,0,0,0,0,0,0,0,0,0,0,0,0,0,0,0,0,1,0,2,0,0,2,0
https://www.beko.com.tr/gazli-cam-tablali-ocak/bocd-k-6510-ews-ankastre-ocak,BOCD K 6510 EWS Gazlı Cam Tablalı Ocak,16710.0,30,Gazli Cam Tablali Ocak,Ankastre,Ankastre Ocaklar,52.4,65.0,5.0,,0,0,0,,0,0,0,,,,,,,0,,,0,,0,0,0,0,0,0,0,0,0,,0,0,0,0,0,0,,,,0,0,0,,0,0,0,0,0,0,0,,,0,0,,0,0,0,0,0,0,1,1,0,0,0,,,0,0,0,,,0,,0,0,0,0,0,0,0,0,,,,,,,,0,0,,,,0,0,0,0,0,0,0,0,0,,,,0,0,,0,0,0,0,,,0,0,,,0,0,,0,0,0,0,0,0,0,0,,0,0,0,0,0,0,0,,,0,0,0,0,,0,,0,0,0,,,,0,0,0,0,,0,0,0,,,,,0,0,0,0,,0,,0,,0,0,0,0,0,,0,0,0,,,0,0,0,0,0,0,0,,0,0,,0,0,,0,0,0,,,,,0,0,0,0,,0,0,0,0,0,0,0,1,0,0,0,0,0,0,0,0,0,13.0,,1.0,,,,,0,0,0,,1,0,0,0,0,0.0,0,0,0,0,0,0,0.0,0.0,0,0,0,1,0,0,0,0,0,0,0,0,0,0,0,0,0,0,0,0,0,1,0,2,0,0,2,0
https://www.beko.com.tr/gazli-cam-tablali-ocak/bocd-t-6510-eb-ankastre-ocak,BOCD T 6510 EB Beyond Serisi Gazlı Cam Tablalı Ocak,15240.0,176,Gazli Cam Tablali Ocak,Ankastre,Ankastre Ocaklar,52.4,65.0,5.0,,0,0,0,,0,0,0,,,,,,,0,,,0,,0,0,0,0,0,0,0,0,0,,0,0,0,0,0,0,,,,0,0,0,,0,0,0,0,0,0,0,,,0,0,,0,0,0,0,0,0,1,1,0,0,0,,,0,0,0,,,0,,0,0,0,0,0,0,0,0,,,,,,,,0,0,,,,0,0,0,0,0,0,0,0,0,,,,0,0,,0,0,0,0,,,0,0,,,0,0,,0,0,0,0,0,0,0,0,,0,0,0,0,0,0,0,,,0,0,0,0,,0,,0,0,0,,,,0,0,0,0,,0,0,0,,,,,0,0,0,0,,0,,0,,0,0,0,0,0,,0,0,0,,,0,0,0,0,0,0,0,,0,0,,0,0,,0,0,0,,,,,0,0,0,0,,0,0,0,0,0,0,0,0,0,0,0,1,0,0,0,0,0,11.8,,1.0,,,,,0,0,0,,1,0,0,0,0,0.0,0,0,0,0,0,0,0.0,0.0,0,0,0,1,0,0,0,0,0,2,0,0,0,1,0,0,0,0,0,0,0,1,0,2,0,0,2,0
https://www.beko.com.tr/gazli-cam-tablali-ocak/bocd-t-6510-eg-ankastre-ocak,BOCD T 6510 EG Beyond Serisi Gazlı Cam Tablalı Ocak,15240.0,141,Gazli Cam Tablali Ocak,Ankastre,Ankastre Ocaklar,52.4,65.0,5.0,,0,0,0,,0,0,0,,,,,,,0,,,0,,0,0,0,0,0,0,0,0,0,,0,0,0,0,0,0,,,,0,0,0,,0,0,0,0,0,0,0,,,0,0,,0,0,0,0,0,0,1,1,0,0,0,,,0,0,0,,,0,,0,0,0,0,0,0,0,0,,,,,,,,0,0,,,,0,0,0,0,0,0,0,0,0,,,,0,0,,0,0,0,0,,,0,0,,,0,0,,0,0,0,0,0,0,0,0,,0,0,0,0,0,0,0,,,0,0,0,0,,0,,0,0,0,,,,0,0,0,0,,0,0,0,,,,,0,0,0,0,,0,,0,,0,0,0,0,0,,0,0,0,,,0,0,0,0,0,0,0,,0,0,,0,0,,0,0,0,,,,,0,0,0,0,,0,0,0,0,0,0,0,0,1,0,0,0,0,0,0,0,0,10.0,,1.0,,,,,0,0,0,,1,0,0,0,0,0.0,0,0,0,0,0,0,0.0,0.0,0,0,0,1,0,0,0,0,0,2,0,0,0,1,0,0,0,0,0,0,0,1,0,2,0,0,2,0
https://www.beko.com.tr/gazli-cam-tablali-ocak/bocd-t-6510-es-ankastre-ocak,BOCD T 6510 ES Gazlı Cam Tablalı Ocak,15240.0,83,Gazli Cam Tablali Ocak,Ankastre,Ankastre Ocaklar,52.4,65.0,5.0,,0,0,0,,0,0,0,,,,,,,0,,,0,,0,0,0,0,0,0,0,0,0,,0,0,0,0,0,0,,,,0,0,0,,0,0,0,0,0,0,0,,,0,0,,0,0,0,0,0,0,1,1,0,0,0,,,0,0,0,,,0,,0,0,0,0,0,0,0,0,,,,,,,,0,0,,,,0,0,0,0,0,0,0,0,0,,,,0,0,,0,0,0,0,,,0,0,,,0,0,,0,0,0,0,0,0,0,0,,0,0,0,0,0,0,0,,,0,0,0,0,,0,,0,0,0,,,,0,0,0,0,,0,0,0,,,,,0,0,0,0,,0,,0,,0,0,0,0,0,,0,0,0,,,0,0,0,0,0,0,0,,0,0,,0,0,,0,0,0,,,,,0,0,0,0,,0,0,0,0,0,0,0,1,0,0,0,0,0,0,0,0,0,10.8,,1.0,,,,,0,0,0,,1,0,0,0,0,0.0,0,0,0,0,0,0,0.0,0.0,0,0,0,1,0,0,0,0,0,2,0,0,0,1,0,0,0,0,0,0,0,1,0,2,0,0,2,0
https://www.beko.com.tr/gazli-cam-tablali-ocak/bocd-t-6011-es-ankastre-ocak,BOCD T 6011 ES Gazlı Cam Tablalı Ocak,11340.0,29,Gazli Cam Tablali Ocak,Ankastre,Ankastre Ocaklar,52.4,59.0,5.0,,0,0,0,,0,0,0,,,,,,,0,,,0,,0,0,0,0,0,0,0,0,0,,0,0,0,0,0,0,,,,0,0,0,,0,0,0,0,0,0,0,,,0,0,,0,0,0,0,0,0,1,1,0,0,0,,,0,0,0,,,0,,0,0,0,0,0,0,0,0,,,,,,,,0,0,,,,0,0,0,0,0,0,0,0,0,,,,0,0,,0,0,0,0,,,0,0,,,0,0,,0,0,0,0,0,0,0,0,,0,0,0,0,0,0,0,,,0,0,0,0,,0,,0,0,0,,,,0,0,0,0,,0,0,0,,,,,0,0,0,0,,0,,0,,0,0,0,0,0,,0,0,0,,,0,0,0,0,0,0,0,,0,0,,0,0,,0,0,0,,,,,0,0,0,0,,0,0,0,0,0,0,0,1,0,0,0,0,0,0,0,0,0,11.255,,1.0,,,,,0,0,0,,3,0,0,0,0,0.0,0,0,0,0,0,0,0.0,0.0,0,0,0,1,0,0,0,0,0,2,0,0,0,1,0,0,0,0,0,0,0,1,0,2,0,0,2,0
https://www.beko.com.tr/gazli-cam-tablali-ocak/bocd-t-6011-ehb-ankastre-ocak,BOCD T 6011 EHB Gazlı Cam Tablalı Ocak,11340.0,50,Gazli Cam Tablali Ocak,Ankastre,Ankastre Ocaklar,52.4,59.0,5.0,,0,0,0,,0,0,0,,,,,,,0,,,0,,0,0,0,0,0,0,0,0,0,,0,0,0,0,0,0,,,,0,0,0,,0,0,0,0,0,0,0,,,0,0,,0,0,0,0,0,0,1,1,0,0,0,,,0,0,0,,,0,,0,0,0,0,0,0,0,0,,,,,,,,0,0,,,,0,0,0,0,0,0,0,0,0,,,,0,0,,0,0,0,0,,,0,0,,,0,0,,0,0,0,0,0,0,0,0,,0,0,0,0,0,0,0,,,0,0,0,0,,0,,0,0,0,,,,0,0,0,0,,0,0,0,,,,,0,0,0,0,,0,,0,,0,0,0,0,0,,0,0,0,,,0,0,0,0,0,0,0,,0,0,,0,0,,0,0,0,,,,,0,0,0,0,,0,0,0,0,0,0,0,0,0,0,0,1,0,0,0,0,0,11.2,,1.0,,,,,0,0,0,,3,0,0,0,0,0.0,0,0,0,0,0,0,0.0,0.0,0,0,0,1,0,0,0,0,0,2,0,0,0,1,0,0,0,0,0,0,0,1,0,2,0,0,2,0
https://www.beko.com.tr/gazli-cam-tablali-ocak/bocd-t-6011-eb-ankastre-ocak,BOCD T 6011 EB Gazlı Cam Tablalı Ocak,11340.0,44,Gazli Cam Tablali Ocak,Ankastre,Ankastre Ocaklar,52.4,59.0,5.0,,0,0,0,,0,0,0,,,,,,,0,,,0,,0,0,0,0,0,0,0,0,0,,0,0,0,0,0,0,,,,0,0,0,,0,0,0,0,0,0,0,,,0,0,,0,0,0,0,0,0,1,1,0,0,0,,,0,0,0,,,0,,0,0,0,0,0,0,0,0,,,,,,,,0,0,,,,0,0,0,0,0,0,0,0,0,,,,0,0,,0,0,0,0,,,0,0,,,0,0,,0,0,0,0,0,0,0,0,,0,0,0,0,0,0,0,,,0,0,0,0,,0,,0,0,0,,,,0,0,0,0,,0,0,0,,,,,0,0,0,0,,0,,0,,0,0,0,0,0,,0,0,0,,,0,0,0,0,0,0,0,,0,0,,0,0,,0,0,0,,,,,0,0,0,0,,0,0,0,0,0,0,0,0,0,0,0,1,0,0,0,0,0,11.8,,1.0,,,,,0,0,0,,3,0,0,0,0,0.0,0,0,0,0,0,0,0.0,0.0,0,0,0,1,0,0,0,0,0,2,0,0,0,1,0,0,0,0,0,0,0,1,0,2,0,0,2,0
https://www.beko.com.tr/gazli-inoks-metal-tablali-ocaklar/bomd-d-6110-ei-ankastre-ocak,BOMD D 6110 EI Gazlı Inoks Metal Tablalı Ocaklar,10500.0,55,Gazli Inoks Metal Tablali Ocaklar,Ankastre,Ankastre Ocaklar,51.0,61.0,4.0,,0,0,0,,0,0,0,,,,,,,0,,,0,,0,0,0,0,0,0,0,0,0,,0,0,0,0,0,0,,,,0,0,0,,0,0,0,0,0,0,0,,,0,0,,0,0,0,0,0,0,1,1,0,0,0,,,0,0,0,,,0,,0,0,0,0,0,0,0,0,,,,,,,,0,0,,,,0,0,0,0,0,0,0,0,0,,,,0,0,,0,0,0,0,,,0,0,,,0,0,,0,0,0,0,0,0,0,0,,0,0,0,0,0,0,0,,,0,0,0,0,,0,,0,0,0,,,,0,0,0,0,,0,0,0,,,,,0,0,0,0,,0,,0,,0,0,0,0,0,,0,0,0,,,0,0,0,0,0,0,0,,0,0,,0,0,,0,0,0,,,,,0,0,0,0,,0,0,0,0,0,0,0,0,1,0,0,0,0,0,0,0,0,7.7,,1.0,,,,,0,0,0,,1,0,0,0,0,0.0,0,0,0,0,0,0,0.0,0.0,0,0,0,1,0,0,0,0,0,2,0,0,0,1,0,0,0,0,0,0,0,1,0,1,0,0,2,0
https://www.beko.com.tr/gazli-renkli-metal-tablali-ocaklar/bomd-d-6110-eb-ankastre-ocak,BOMD D 6110 EB Gazlı Renkli Metal Tablalı Ocaklar,9840.0,40,Gazli Renkli Metal Tablali Ocaklar,Ankastre,Ankastre Ocaklar,51.0,61.0,4.0,,0,0,0,,0,0,0,,,,,,,0,,,0,,0,0,0,0,0,0,0,0,0,,0,0,0,0,0,0,,,,0,0,0,,0,0,0,0,0,0,0,,,0,0,,0,0,0,0,0,0,1,1,0,0,0,,,0,0,0,,,0,,0,0,0,0,0,0,0,0,,,,,,,,0,0,,,,0,0,0,0,0,0,0,0,0,,,,0,0,,0,0,0,0,,,0,0,,,0,0,,0,0,0,0,0,0,0,0,,0,0,0,0,0,0,0,,,0,0,0,0,,0,,0,0,0,,,,0,0,0,0,,0,0,0,,,,,0,0,0,0,,0,,0,,0,0,0,0,0,,0,0,0,,,0,0,0,0,0,0,0,,0,0,,0,0,,0,0,0,,,,,0,0,0,0,,0,0,0,0,0,0,0,0,0,0,0,1,0,0,0,0,0,7.6,,1.0,,,,,0,0,0,,1,0,0,0,0,0.0,0,0,0,0,0,0,0.0,0.0,0,0,0,1,0,0,0,0,0,2,0,0,0,1,0,0,0,0,0,0,0,1,0,1,0,0,2,0
https://www.beko.com.tr/gazli-renkli-metal-tablali-ocaklar/bomd-d-6110-es-ankastre-ocak,BOMD D 6110 ES Beyond Serisi Gazlı Renkli Metal Tablalı Ocaklar,9840.0,35,Gazli Renkli Metal Tablali Ocaklar,Ankastre,Ankastre Ocaklar,51.0,61.0,4.0,,0,0,0,,0,0,0,,,,,,,0,,,0,,0,0,0,0,0,0,0,0,0,,0,0,0,0,0,0,,,,0,0,0,,0,0,0,0,0,0,0,,,0,0,,0,0,0,0,0,0,1,1,0,0,0,,,0,0,0,,,0,,0,0,0,0,0,0,0,0,,,,,,,,0,0,,,,0,0,0,0,0,0,0,0,0,,,,0,0,,0,0,0,0,,,0,0,,,0,0,,0,0,0,0,0,0,0,0,,0,0,0,0,0,0,0,,,0,0,0,0,,0,,0,0,0,,,,0,0,0,0,,0,0,0,,,,,0,0,0,0,,0,,0,,0,0,0,0,0,,0,0,0,,,0,0,0,0,0,0,0,,0,0,,0,0,,0,0,0,,,,,0,0,0,0,,0,0,0,0,0,0,0,1,0,0,0,0,0,0,0,0,0,7.6,,1.0,,,,,0,0,0,,1,0,0,0,0,0.0,0,0,0,0,0,0,0.0,0.0,0,0,0,1,0,0,0,0,0,2,0,0,0,1,0,0,0,0,0,0,0,1,0,1,0,0,2,0
https://www.beko.com.tr/gazli-cam-tablali-ocak/bocd-t-6011-ehbd-ankastre-ocak,BOCD T 6011 EHBD Gazlı Cam Tablalı Ocak,7360.0,10,Gazli Cam Tablali Ocak,Ankastre,Ankastre Ocaklar,52.4,59.0,5.0,,0,0,0,,0,0,0,,,,,,,0,,,0,,0,0,0,0,0,0,0,0,0,,0,0,0,0,0,0,,,,0,0,0,,0,0,0,0,0,0,0,,,0,0,,0,0,0,0,0,0,1,1,0,0,0,,,0,0,0,,,0,,0,0,0,0,0,0,0,0,,,,,,,,0,0,,,,0,0,0,0,0,0,0,0,0,,,,0,0,,0,0,0,0,,,0,0,,,0,0,,0,0,0,0,0,0,0,0,,0,0,0,0,0,0,0,,,0,0,0,0,,0,,0,0,0,,,,0,0,0,0,,0,0,0,,,,,0,0,0,0,,0,,0,,0,0,0,0,0,,0,0,0,,,0,0,0,0,0,0,0,,0,0,,0,0,,0,0,0,,,,,0,0,0,0,,0,0,0,0,0,0,0,0,0,0,0,1,0,0,0,0,0,11.2,,1.0,,,,,0,0,0,,3,0,0,0,0,0.0,0,0,0,0,0,0,0.0,0.0,0,0,0,1,0,0,0,0,0,2,0,0,0,1,0,0,0,0,0,0,0,1,0,2,0,0,2,0
https://www.beko.com.tr/gazli-cam-tablali-ocak/bocd-de-6020-dws-ankastre-ocak,BOCD DE 6020 DWS Gazlı Cam Tablalı Ocak,22530.0,3,Gazli Cam Tablali Ocak,Ankastre,Ankastre Ocaklar,52.0,59.0,9.0,,0,0,0,,0,0,0,,,,,,,0,,,0,,0,0,0,0,0,0,0,0,0,,0,0,0,0,0,0,,,,0,0,0,,0,0,0,0,0,0,0,,,0,0,,0,0,0,0,0,0,1,1,0,0,0,,,0,0,0,,,0,,0,0,0,0,0,0,0,0,,,,,,,,0,0,,,,0,0,0,0,0,0,0,0,0,,,,0,0,,0,0,0,0,,,0,0,,,0,0,,0,0,0,0,0,0,0,0,,0,0,0,0,0,0,0,,,0,0,0,0,,0,,0,0,0,,,,0,0,0,0,,0,0,0,,,,,0,0,0,0,,0,,0,,0,0,0,0,0,,0,0,0,,,0,0,0,0,0,0,0,,0,0,,0,0,,0,0,0,,,,,0,0,0,0,,0,0,0,0,0,0,0,1,0,0,0,0,0,0,0,0,0,14.4,,,,,,,0,0,0,,2,0,0,0,0,0.0,0,0,0,0,0,0,0.0,0.0,0,0,0,1,0,0,0,0,0,0,0,0,0,0,0,0,0,0,0,0,0,2,0,2,0,0,2,0
https://www.beko.com.tr/gazli-cam-tablali-ocak/bocd-t-6011-eg-ankastre-ocak,BOCD T 6011 EG Gazlı Cam Tablalı Ocak,11340.0,41,Gazli Cam Tablali Ocak,Ankastre,Ankastre Ocaklar,52.4,59.0,5.0,,0,0,0,,0,0,0,,,,,,,0,,,0,,0,0,0,0,0,0,0,0,0,,0,0,0,0,0,0,,,,0,0,0,,0,0,0,0,0,0,0,,,0,0,,0,0,0,0,0,0,1,1,0,0,0,,,0,0,0,,,0,,0,0,0,0,0,0,0,0,,,,,,,,0,0,,,,0,0,0,0,0,0,0,0,0,,,,0,0,,0,0,0,0,,,0,0,,,0,0,,0,0,0,0,0,0,0,0,,0,0,0,0,0,0,0,,,0,0,0,0,,0,,0,0,0,,,,0,0,0,0,,0,0,0,,,,,0,0,0,0,,0,,0,,0,0,0,0,0,,0,0,0,,,0,0,0,0,0,0,0,,0,0,,0,0,,0,0,0,,,,,0,0,0,0,,0,0,0,0,0,0,0,0,1,0,0,0,0,0,0,0,0,11.255,,1.0,,,,,0,0,0,,3,0,0,0,0,0.0,0,0,0,0,0,0,0.0,0.0,0,0,0,1,0,0,0,0,0,0,0,0,0,1,0,0,0,0,0,0,0,1,0,2,0,0,2,0
https://www.beko.com.tr/gazli-cam-tablali-ocak/bocd-k-7520-dwb-ankastre-ocak,BOCD K 7520 DWB Gazlı Cam Tablalı Ocak,41760.0,5,Gazli Cam Tablali Ocak,Ankastre,Ankastre Ocaklar,52.4,75.0,5.0,,0,0,0,,0,0,0,,,,,,,0,,,0,,0,0,0,0,0,0,0,0,0,,0,0,0,0,0,0,,,,0,0,0,,0,0,0,0,0,0,0,,,0,0,,0,0,0,0,0,0,1,1,0,0,0,,,0,0,0,,,0,,0,0,0,0,0,0,0,0,,,,,,,,0,0,,,,0,0,0,0,0,0,0,0,0,,,,0,0,,0,0,0,0,,,0,0,,,0,0,,0,0,0,0,0,0,0,0,,0,0,0,0,0,0,0,,,0,0,0,0,,0,,0,0,0,,,,0,0,0,0,,0,0,0,,,,,0,0,0,0,,0,,0,,0,0,0,0,0,,0,0,0,,,0,0,0,0,0,0,0,,0,0,,0,0,,0,0,0,,,,,0,0,0,0,,0,0,0,0,0,0,0,0,0,0,0,1,0,0,0,0,0,17.7,,1.0,,,,,0,0,0,,2,0,0,0,0,0.0,0,0,0,0,0,0,0.0,0.0,0,0,0,1,0,0,0,0,0,0,0,0,0,2,0,0,0,0,0,0,0,2,0,2,0,0,2,0
https://www.beko.com.tr/gazli-cam-tablali-ocak/bocd-k-7520-dwg-ankastre-ocak,BOCD K 7520 DWG Gazlı Cam Tablalı Ocak,41760.0,6,Gazli Cam Tablali Ocak,Ankastre,Ankastre Ocaklar,52.4,75.0,5.0,,0,0,0,,0,0,0,,,,,,,0,,,0,,0,0,0,0,0,0,0,0,0,,0,0,0,0,0,0,,,,0,0,0,,0,0,0,0,0,0,0,,,0,0,,0,0,0,0,0,0,1,1,0,0,0,,,0,0,0,,,0,,0,0,0,0,0,0,0,0,,,,,,,,0,0,,,,0,0,0,0,0,0,0,0,0,,,,0,0,,0,0,0,0,,,0,0,,,0,0,,0,0,0,0,0,0,0,0,,0,0,0,0,0,0,0,,,0,0,0,0,,0,,0,0,0,,,,0,0,0,0,,0,0,0,,,,,0,0,0,0,,0,,0,,0,0,0,0,0,,0,0,0,,,0,0,0,0,0,0,0,,0,0,,0,0,,0,0,0,,,,,0,0,0,0,,0,0,0,0,0,0,0,0,1,0,0,0,0,0,0,0,0,17.7,,1.0,,,,,0,0,0,,2,0,0,0,0,0.0,0,0,0,0,0,0,0.0,0.0,0,0,0,1,0,0,0,0,0,0,0,0,0,2,0,0,0,0,0,0,0,2,0,2,0,0,2,0
https://www.beko.com.tr/gazli-cam-tablali-ocak/bocd-k-6510-es-ankastre-ocak,BOCD K 6510 ES Gazlı Cam Tablalı Ocak,15240.0,3,Gazli Cam Tablali Ocak,Ankastre,Ankastre Ocaklar,52.4,65.0,5.0,,0,0,0,,0,0,0,,,,,,,0,,,0,,0,0,0,0,0,0,0,0,0,,0,0,0,0,0,0,,,,0,0,0,,0,0,0,0,0,0,0,,,0,0,,0,0,0,0,0,0,1,1,0,0,0,,,0,0,0,,,0,,0,0,0,0,0,0,0,0,,,,,,,,0,0,,,,0,0,0,0,0,0,0,0,0,,,,0,0,,0,0,0,0,,,0,0,,,0,0,,0,0,0,0,0,0,0,0,,0,0,0,0,0,0,0,,,0,0,0,0,,0,,0,0,0,,,,0,0,0,0,,0,0,0,,,,,0,0,0,0,,0,,0,,0,0,0,0,0,,0,0,0,,,0,0,0,0,0,0,0,,0,0,,0,0,,0,0,0,,,,,0,0,0,0,,0,0,0,0,0,0,0,1,0,0,0,0,0,0,0,0,0,13.0,,1.0,,,,,0,0,0,,1,0,0,0,0,0.0,0,0,0,0,0,0,0.0,0.0,0,0,0,1,0,0,0,0,0,0,0,0,0,1,0,0,0,0,0,0,0,1,0,2,0,0,2,0
https://www.beko.com.tr/gazli-cam-tablali-ocak/bocd-k-6510-dwyg-ankastre-ocak,BOCD K 6510 DWYG Gazlı Cam Tablalı Ocak,26790.0,5,Gazli Cam Tablali Ocak,Ankastre,Ankastre Ocaklar,52.4,65.0,5.0,,0,0,0,,0,0,0,,,,,,,0,,,0,,0,0,0,0,0,0,0,0,0,,0,0,0,0,0,0,,,,0,0,0,,0,0,0,0,0,0,0,,,0,0,,0,0,0,0,0,0,1,1,0,0,0,,,0,0,0,,,0,,0,0,0,0,0,0,0,0,,,,,,,,0,0,,,,0,0,0,0,0,0,0,0,0,,,,0,0,,0,0,0,0,,,0,0,,,0,0,,0,0,0,0,0,0,0,0,,0,0,0,0,0,0,0,,,0,0,0,0,,0,,0,0,0,,,,0,0,0,0,,0,0,0,,,,,0,0,0,0,,0,,0,,0,0,0,0,0,,0,0,0,,,0,0,0,0,0,0,0,,0,0,,0,0,,0,0,0,,,,,0,0,0,0,,0,0,0,0,0,0,0,0,1,0,0,0,0,0,0,0,0,14.5,,1.0,,,,,0,0,0,,2,0,0,0,0,0.0,0,0,0,0,0,0,0.0,0.0,0,0,0,1,0,0,0,0,0,0,0,0,0,0,0,0,0,0,0,0,0,1,0,2,0,0,2,0
https://www.beko.com.tr/gazli-cam-tablali-ocak/bocd-k-6510-dwys-ankastre-ocak,BOCD K 6510 DWYS Gazlı Cam Tablalı Ocak,26790.0,6,Gazli Cam Tablali Ocak,Ankastre,Ankastre Ocaklar,52.4,65.0,5.0,,0,0,0,,0,0,0,,,,,,,0,,,0,,0,0,0,0,0,0,0,0,0,,0,0,0,0,0,0,,,,0,0,0,,0,0,0,0,0,0,0,,,0,0,,0,0,0,0,0,0,1,1,0,0,0,,,0,0,0,,,0,,0,0,0,0,0,0,0,0,,,,,,,,0,0,,,,0,0,0,0,0,0,0,0,0,,,,0,0,,0,0,0,0,,,0,0,,,0,0,,0,0,0,0,0,0,0,0,,0,0,0,0,0,0,0,,,0,0,0,0,,0,,0,0,0,,,,0,0,0,0,,0,0,0,,,,,0,0,0,0,,0,,0,,0,0,0,0,0,,0,0,0,,,0,0,0,0,0,0,0,,0,0,,0,0,,0,0,0,,,,,0,0,0,0,,0,0,0,0,0,0,0,1,0,0,0,0,0,0,0,0,0,14.5,,1.0,,,,,0,0,0,,2,0,0,0,0,0.0,0,0,0,0,0,0,0.0,0.0,0,0,0,1,0,0,0,0,0,0,0,0,0,0,0,0,0,0,0,0,0,1,0,2,0,0,2,0
https://www.beko.com.tr/gazli-cam-tablali-ocak/bocd-k-6510-dwy-ms-ankastre-ocak,BOCD K 6510 DWY MS Gazlı Cam Tablalı Ocak,26790.0,0,Gazli Cam Tablali Ocak,Ankastre,Ankastre Ocaklar,52.4,65.0,5.0,,0,0,0,,0,0,0,,,,,,,0,,,0,,0,0,0,0,0,0,0,0,0,,0,0,0,0,0,0,,,,0,0,0,,0,0,0,0,0,0,0,,,0,0,,0,0,0,0,0,0,1,1,0,0,0,,,0,0,0,,,0,,0,0,0,0,0,0,0,0,,,,,,,,0,0,,,,0,0,0,0,0,0,0,0,0,,,,0,0,,0,0,0,0,,,0,0,,,0,0,,0,0,0,0,0,0,0,0,,0,0,0,0,0,0,0,,,0,0,0,0,,0,,0,0,0,,,,0,0,0,0,,0,0,0,,,,,0,0,0,0,,0,,0,,0,0,0,0,0,,0,0,0,,,0,0,0,0,0,0,0,,0,0,,0,0,,0,0,0,,,,,0,0,0,0,,0,0,0,0,0,0,0,1,0,0,0,0,0,0,0,0,0,14.6,,1.0,,,,,0,0,0,,2,0,0,0,0,0.0,0,0,0,0,0,0,0.0,0.0,0,0,0,1,0,0,0,0,0,0,0,0,0,2,0,0,0,0,0,0,0,1,0,2,0,0,2,0
https://www.beko.com.tr/induksiyonlu-ocaklar/boi-6020-ys-ankastre-ocak,BOI 6020 YS İndüksiyonlu Ocaklar,40530.0,5,Induksiyonlu Ocaklar,Ankastre,Ankastre Ocaklar,52.0,59.0,5.0,,0,0,0,,0,0,0,,,,,,,0,,,0,,0,0,0,0,0,0,0,0,0,,0,0,0,0,0,0,,,,0,0,0,,0,0,0,0,0,0,0,,,0,0,,0,0,0,0,0,0,0,0,0,0,1,,,0,0,0,,,0,,0,0,0,0,0,0,0,0,,,,,,,,0,0,,,,0,0,0,0,0,0,0,0,0,,,,0,0,,0,0,0,0,,,0,0,,,0,0,,0,0,0,0,0,0,0,0,,0,0,0,0,0,0,0,,,0,0,0,0,,0,,0,0,0,,,,0,0,0,0,,0,0,0,,,,,0,0,0,0,,0,,0,,0,0,0,0,0,,0,0,0,,,0,0,0,0,0,0,0,,0,0,,0,0,,0,0,0,,,,,0,0,0,0,,0,0,0,0,0,0,0,1,0,0,0,0,0,0,0,0,0,12.6,,7400.0,,,,,1,1,0,,0,0,0,0,0,0.0,0,0,0,0,0,0,0.0,0.0,0,0,0,1,0,0,0,0,0,0,0,0,0,0,0,0,0,0,0,0,0,3,0,2,0,0,0,0
https://www.beko.com.tr/induksiyonlu-ocaklar/boi-6022-s-ankastre-ocak,BOI 6022 S İndüksiyonlu Ocaklar,24450.0,23,Induksiyonlu Ocaklar,Ankastre,Ankastre Ocaklar,52.0,59.0,5.0,,0,0,0,,0,0,0,,,,,,,0,,,0,,0,0,0,0,0,0,0,0,0,,0,0,0,0,0,0,,,,0,0,0,,0,0,0,0,0,0,0,,,0,0,,0,0,0,0,0,0,0,0,0,0,1,,,0,0,0,,,0,,0,0,0,0,0,0,0,0,,,,,,,,0,0,,,,0,0,0,0,0,0,0,0,0,,,,0,0,,0,0,0,0,,,0,0,,,0,0,,0,0,0,0,0,0,0,0,,0,0,0,0,0,0,0,,,0,0,0,0,,0,,0,0,0,,,,0,0,0,0,,0,0,0,,,,,0,0,0,0,,0,,0,,0,0,0,0,0,,0,0,0,,,0,0,0,0,0,0,0,,0,0,,0,0,,0,0,0,,,,,0,0,0,0,,0,0,0,0,0,0,0,1,0,0,0,0,0,0,0,0,0,9.0,,5600.0,,,,,1,0,0,,0,0,0,0,0,0.0,0,0,0,0,0,0,0.0,0.0,0,0,0,1,0,0,0,0,0,0,0,0,0,0,0,0,0,0,0,0,0,3,0,2,0,0,1,0
https://www.beko.com.tr/induksiyonlu-ocaklar/boi-6021-ys-ankastre-ocak,BOI 6021 YS İndüksiyonlu Ocaklar,30230.0,6,Induksiyonlu Ocaklar,Ankastre,Ankastre Ocaklar,51.0,58.0,5.0,,0,0,0,,0,0,0,,,,,,,0,,,0,,0,0,0,0,0,0,0,0,0,,0,0,0,0,0,0,,,,0,0,0,,0,0,0,0,0,0,0,,,0,0,,0,0,0,0,0,0,0,0,0,0,1,,,0,0,0,,,0,,0,0,0,0,0,0,0,0,,,,,,,,0,0,,,,0,0,0,0,0,0,0,0,0,,,,0,0,,0,0,0,0,,,0,0,,,0,0,,0,0,0,0,0,0,0,0,,0,0,0,0,0,0,0,,,0,0,0,0,,0,,0,0,0,,,,0,0,0,0,,0,0,0,,,,,0,0,0,0,,0,,0,,0,0,0,0,0,,0,0,0,,,0,0,0,0,0,0,0,,0,0,,0,0,,0,0,0,,,,,0,0,0,0,,0,0,0,0,0,0,0,1,0,0,0,0,0,0,0,0,0,10.4,,7400.0,,,,,1,1,0,,0,0,0,0,0,0.0,0,0,0,0,0,0,0.0,0.0,0,0,0,1,0,0,0,0,0,0,0,0,0,0,0,0,0,0,0,0,0,3,0,2,0,0,0,0
https://www.beko.com.tr/gazli-cam-tablali-ocak/bocd-t-6010-esr-ankastre-ocak,BOCD T 6010 ESR Gazlı Cam Tablalı Ocak,7360.0,4,Gazli Cam Tablali Ocak,Ankastre,Ankastre Ocaklar,52.4,59.0,5.0,,0,0,0,,0,0,0,,,,,,,0,,,0,,0,0,0,0,0,0,0,0,0,,0,0,0,0,0,0,,,,0,0,0,,0,0,0,0,0,0,0,,,0,0,,0,0,0,0,0,0,1,1,0,0,0,,,0,0,0,,,0,,0,0,0,0,0,0,0,0,,,,,,,,0,0,,,,0,0,0,0,0,0,0,0,0,,,,0,0,,0,0,0,0,,,0,0,,,0,0,,0,0,0,0,0,0,0,0,,0,0,0,0,0,0,0,,,0,0,0,0,,0,,0,0,0,,,,0,0,0,0,,0,0,0,,,,,0,0,0,0,,0,,0,,0,0,0,0,0,,0,0,0,,,0,0,0,0,0,0,0,,0,0,,0,0,,0,0,0,,,,,0,0,0,0,,0,0,0,0,0,0,0,1,0,0,0,0,0,0,0,0,0,10.9,,1.0,,,,,0,0,0,,3,0,0,0,0,0.0,0,0,0,0,0,0,0.0,0.0,0,0,0,1,0,0,0,0,0,0,0,0,0,1,0,0,0,0,0,0,0,1,0,2,0,0,2,0
https://www.beko.com.tr/gazli-cam-tablali-ocak/bomd-d-6110-eid-ankastre-ocak,BOMD D 6110 EID Gazlı Cam Tablalı Ocak,7360.0,1,Gazli Cam Tablali Ocak,Ankastre,Ankastre Ocaklar,51.0,61.0,4.0,,0,0,0,,0,0,0,,,,,,,0,,,0,,0,0,0,0,0,0,0,0,0,,0,0,0,0,0,0,,,,0,0,0,,0,0,0,0,0,0,0,,,0,0,,0,0,0,0,0,0,1,1,0,0,0,,,0,0,0,,,0,,0,0,0,0,0,0,0,0,,,,,,,,0,0,,,,0,0,0,0,0,0,0,0,0,,,,0,0,,0,0,0,0,,,0,0,,,0,0,,0,0,0,0,0,0,0,0,,0,0,0,0,0,0,0,,,0,0,0,0,,0,,0,0,0,,,,0,0,0,0,,0,0,0,,,,,0,0,0,0,,0,,0,,0,0,0,0,0,,0,0,0,,,0,0,0,0,0,0,0,,0,0,,0,0,,0,0,0,,,,,0,0,0,0,,0,0,0,0,0,0,0,0,1,0,0,0,0,0,0,0,0,7.7,,1.0,,,,,0,0,0,,1,0,0,0,0,0.0,0,0,0,0,0,0,0.0,0.0,0,0,0,1,0,0,0,0,0,2,0,0,0,1,0,0,0,0,0,0,0,1,0,1,0,0,2,0
https://www.beko.com.tr/gazli-cam-tablali-ocak/bocd-da-6020-dws-ankastre-ocak,BOCD DA 6020 DWS Gazlı Cam Tablalı Ocak,22530.0,6,Gazli Cam Tablali Ocak,Ankastre,Ankastre Ocaklar,52.0,59.0,10.0,,0,0,0,,0,0,0,,,,,,,0,,,0,,0,0,0,0,0,0,0,0,0,,0,0,0,0,0,0,,,,0,0,0,,0,0,0,0,0,0,0,,,0,0,,0,0,0,0,0,0,1,1,0,0,0,,,0,0,0,,,0,,0,0,0,0,0,0,0,0,,,,,,,,0,0,,,,0,0,0,0,0,0,0,0,0,,,,0,0,,0,0,0,0,,,0,0,,,0,0,,0,0,0,0,0,0,0,0,,0,0,0,0,0,0,0,,,0,0,0,0,,0,,0,0,0,,,,0,0,0,0,,0,0,0,,,,,0,0,0,0,,0,,0,,0,0,0,0,0,,0,0,0,,,0,0,0,0,0,0,0,,0,0,,0,0,,0,0,0,,,,,0,0,0,0,,0,0,0,0,0,0,0,1,0,0,0,0,0,0,0,0,0,12.0,,,,,,,0,0,0,,2,0,0,0,0,0.0,0,0,0,0,0,0,0.0,0.0,0,0,0,1,0,0,0,0,0,0,0,0,0,2,0,0,0,0,0,0,0,2,0,2,0,0,2,0
https://www.beko.com.tr/gazli-cam-tablali-ocak/bocd-d-9020-dws-ankastre-ocak,BOCD D 9020 DWS Gazlı Cam Tablalı Ocak,44610.0,5,Gazli Cam Tablali Ocak,Ankastre,Ankastre Ocaklar,85.9,52.0,10.0,,0,0,0,,0,0,0,,,,,,,0,,,0,,0,0,0,0,0,0,0,0,0,,0,0,0,0,0,0,,,,0,0,0,,0,0,0,0,0,0,0,,,0,0,,0,0,0,0,0,0,1,1,0,0,0,,,0,0,0,,,0,,0,0,0,0,0,0,0,0,,,,,,,,0,0,,,,0,0,0,0,0,0,0,0,0,,,,0,0,,0,0,0,0,,,0,0,,,0,0,,0,0,0,0,0,0,0,0,,0,0,0,0,0,0,0,,,0,0,0,0,,0,,0,0,0,,,,0,0,0,0,,0,0,0,,,,,0,0,0,0,,0,,0,,0,0,0,0,0,,0,0,0,,,0,0,0,0,0,0,0,,0,0,,0,0,,0,0,0,,,,,0,0,0,0,,0,0,0,0,0,0,0,1,0,0,0,0,0,0,0,0,0,7.86,,,,,,,0,0,0,,2,0,0,0,0,0.0,0,0,0,0,0,0,0.0,0.0,0,0,0,1,0,0,0,0,0,0,0,0,0,2,0,0,0,0,0,0,0,2,0,2,0,0,2,0
https://www.beko.com.tr/gazli-cam-tablali-ocak/bocd-k-7520-dws-ankastre-ocak,BOCD K 7520 DWS Gazlı Cam Tablalı Ocak,41760.0,2,Gazli Cam Tablali Ocak,Ankastre,Ankastre Ocaklar,52.4,75.0,5.0,,0,0,0,,0,0,0,,,,,,,0,,,0,,0,0,0,0,0,0,0,0,0,,0,0,0,0,0,0,,,,0,0,0,,0,0,0,0,0,0,0,,,0,0,,0,0,0,0,0,0,1,1,0,0,0,,,0,0,0,,,0,,0,0,0,0,0,0,0,0,,,,,,,,0,0,,,,0,0,0,0,0,0,0,0,0,,,,0,0,,0,0,0,0,,,0,0,,,0,0,,0,0,0,0,0,0,0,0,,0,0,0,0,0,0,0,,,0,0,0,0,,0,,0,0,0,,,,0,0,0,0,,0,0,0,,,,,0,0,0,0,,0,,0,,0,0,0,0,0,,0,0,0,,,0,0,0,0,0,0,0,,0,0,,0,0,,0,0,0,,,,,0,0,0,0,,0,0,0,0,0,0,0,1,0,0,0,0,0,0,0,0,0,17.5,,1.0,,,,,0,0,0,,2,0,0,0,0,0.0,0,0,0,0,0,0,0.0,0.0,0,0,0,1,0,0,0,0,0,0,0,0,0,2,0,0,0,0,0,0,0,2,0,2,0,0,2,0
https://www.beko.com.tr/gazli-cam-tablali-ocak/bocd-k-6510-eg-ankastre-ocak,BOCD K 6510 EG Gazlı Cam Tablalı Ocak,15240.0,27,Gazli Cam Tablali Ocak,Ankastre,Ankastre Ocaklar,52.4,65.0,5.0,,0,0,0,,0,0,0,,,,,,,0,,,0,,0,0,0,0,0,0,0,0,0,,0,0,0,0,0,0,,,,0,0,0,,0,0,0,0,0,0,0,,,0,0,,0,0,0,0,0,0,1,1,0,0,0,,,0,0,0,,,0,,0,0,0,0,0,0,0,0,,,,,,,,0,0,,,,0,0,0,0,0,0,0,0,0,,,,0,0,,0,0,0,0,,,0,0,,,0,0,,0,0,0,0,0,0,0,0,,0,0,0,0,0,0,0,,,0,0,0,0,,0,,0,0,0,,,,0,0,0,0,,0,0,0,,,,,0,0,0,0,,0,,0,,0,0,0,0,0,,0,0,0,,,0,0,0,0,0,0,0,,0,0,,0,0,,0,0,0,,,,,0,0,0,0,,0,0,0,0,0,0,0,0,1,0,0,0,0,0,0,0,0,13.0,,1.0,,,,,0,0,0,,1,0,0,0,0,0.0,0,0,0,0,0,0,0.0,0.0,0,0,0,1,0,0,0,0,0,0,0,0,0,1,0,0,0,0,0,0,0,1,0,2,0,0,2,0
https://www.beko.com.tr/duvar-tipi-davlumbaz/bde-6062-b-ankastre-davlumbazlar,BDE 6062 B Duvar Tipi Davlumbaz,16350.0,184,Duvar Tipi Davlumbaz,Ankastre,Ankastre Davlumbazlar,41.9,60.0,114.0,,0,0,0,44.0,0,0,0,,,,,,,0,,,0,,0,0,0,0,0,0,0,0,0,,0,0,0,0,0,0,,,,0,0,0,,0,0,0,0,0,0,0,,,0,0,,0,0,0,0,0,0,0,0,0,0,0,,,0,0,0,,1.0,1,2.0,1,1,1,1,0,0,0,0,,,,,,,,0,0,,,,0,0,0,0,0,0,0,0,0,,,,0,0,,0,0,0,0,,,0,0,,,0,0,,0,0,0,0,0,0,0,0,,0,0,0,0,0,0,0,,,0,0,0,0,,0,,0,0,0,,,,0,0,0,0,,0,0,0,,,,,0,0,0,0,,0,,0,,0,0,0,0,0,,0,0,0,,,0,0,0,0,0,0,0,,0,0,,0,0,,0,0,0,,,,,0,0,0,0,,0,0,0,0,0,0,0,0,0,0,0,1,0,0,0,0,0,11.9,,3.0,,,,,0,1,0,720.0,0,0,0,0,0,0.0,5,0,3,0,1,0,0.0,0.0,0,0,0,0,0,0,0,0,0,0,0,0,0,0,0,0,0,0,0,0,3,0,2,0,0,0,2,0
https://www.beko.com.tr/duvar-tipi-davlumbaz/bde-6072-b-ankastre-davlumbazlar,BDE 6072 B Duvar Tipi Davlumbaz,34860.0,16,Duvar Tipi Davlumbaz,Ankastre,Ankastre Davlumbazlar,41.9,60.0,114.0,,0,0,0,38.0,0,0,0,,,,,,,0,,,0,,0,0,0,0,0,0,0,0,0,,0,0,0,0,0,0,,,,0,0,0,,0,0,0,0,0,0,0,,,0,0,,0,0,0,0,0,0,0,0,0,0,0,,,0,0,0,,2.0,1,2.0,1,1,1,1,0,0,0,0,,,,,,,,0,0,,,,0,0,0,0,0,0,0,0,0,,,,0,0,,0,0,0,0,,,0,0,,,0,0,,0,0,0,0,0,0,0,0,,0,0,0,0,0,0,0,,,0,0,0,0,,0,,0,0,0,,,,0,0,0,0,,0,0,0,,,,,0,0,0,0,,0,,0,,0,0,0,0,0,,0,0,0,,,0,0,0,0,0,0,0,,0,0,,0,0,,0,0,0,,,,,0,0,0,0,,0,0,0,0,0,0,0,0,1,0,0,0,0,0,0,0,0,12.9,,3.0,,,,,0,1,0,850.0,0,0,0,0,0,0.0,7,0,0,0,3,0,0.0,0.0,0,0,0,0,0,0,0,0,0,0,0,0,0,0,0,0,0,0,0,0,3,0,2,0,0,0,6,0
https://www.beko.com.tr/duvar-tipi-davlumbaz/bde-6072-s-ankastre-davlumbazlar,BDE 6072 S Duvar Tipi Davlumbaz,34860.0,14,Duvar Tipi Davlumbaz,Ankastre,Ankastre Davlumbazlar,41.9,60.0,114.0,,0,0,0,38.0,0,0,0,,,,,,,0,,,0,,0,0,0,0,0,0,0,0,0,,0,0,0,0,0,0,,,,0,0,0,,0,0,0,0,0,0,0,,,0,0,,0,0,0,0,0,0,0,0,0,0,0,,,0,0,0,,2.0,1,2.0,1,1,1,1,0,0,0,0,,,,,,,,0,0,,,,0,0,0,0,0,0,0,0,0,,,,0,0,,0,0,0,0,,,0,0,,,0,0,,0,0,0,0,0,0,0,0,,0,0,0,0,0,0,0,,,0,0,0,0,,0,,0,0,0,,,,0,0,0,0,,0,0,0,,,,,0,0,0,0,,0,,0,,0,0,0,0,0,,0,0,0,,,0,0,0,0,0,0,0,,0,0,,0,0,,0,0,0,,,,,0,0,0,0,,0,0,0,0,0,0,0,1,0,0,0,0,0,0,0,0,0,13.0,,3.0,,,,,0,1,0,850.0,0,0,0,0,0,0.0,7,0,0,0,3,0,0.0,0.0,0,0,0,0,0,0,0,0,0,0,0,0,0,0,0,0,0,0,0,0,3,0,2,0,0,0,6,0
https://www.beko.com.tr/duvar-tipi-davlumbaz/bde-6072-g-ankastre-davlumbazlar,BDE 6072 G Duvar Tipi Davlumbaz,34860.0,8,Duvar Tipi Davlumbaz,Ankastre,Ankastre Davlumbazlar,41.9,60.0,114.0,,0,0,0,38.0,0,0,0,,,,,,,0,,,0,,0,0,0,0,0,0,0,0,0,,0,0,0,0,0,0,,,,0,0,0,,0,0,0,0,0,0,0,,,0,0,,0,0,0,0,0,0,0,0,0,0,0,,,0,0,0,,2.0,1,2.0,1,1,1,1,0,0,0,0,,,,,,,,0,0,,,,0,0,0,0,0,0,0,0,0,,,,0,0,,0,0,0,0,,,0,0,,,0,0,,0,0,0,0,0,0,0,0,,0,0,0,0,0,0,0,,,0,0,0,0,,0,,0,0,0,,,,0,0,0,0,,0,0,0,,,,,0,0,0,0,,0,,0,,0,0,0,0,0,,0,0,0,,,0,0,0,0,0,0,0,,0,0,,0,0,,0,0,0,,,,,0,0,0,0,,0,0,0,0,0,0,0,0,1,0,0,0,0,0,0,0,0,13.5,,3.0,,,,,0,1,0,850.0,0,0,0,0,0,0.0,7,0,0,0,3,0,0.0,0.0,0,0,0,0,0,0,0,0,0,0,0,0,0,0,0,0,0,0,0,0,3,0,2,0,0,0,6,0
https://www.beko.com.tr/duvar-tipi-davlumbaz/bde-6062-s-ankastre-davlumbazlar,BDE 6062 S Duvar Tipi Davlumbaz,16350.0,77,Duvar Tipi Davlumbaz,Ankastre,Ankastre Davlumbazlar,41.9,60.0,114.0,,0,0,0,44.0,0,0,0,,,,,,,0,,,0,,0,0,0,0,0,0,0,0,0,,0,0,0,0,0,0,,,,0,0,0,,0,0,0,0,0,0,0,,,0,0,,0,0,0,0,0,0,0,0,0,0,0,,,0,0,0,,1.0,1,2.0,1,1,1,1,0,0,0,0,,,,,,,,0,0,,,,0,0,0,0,0,0,0,0,0,,,,0,0,,0,0,0,0,,,0,0,,,0,0,,0,0,0,0,0,0,0,0,,0,0,0,0,0,0,0,,,0,0,0,0,,0,,0,0,0,,,,0,0,0,0,,0,0,0,,,,,0,0,0,0,,0,,0,,0,0,0,0,0,,0,0,0,,,0,0,0,0,0,0,0,,0,0,,0,0,,0,0,0,,,,,0,0,0,0,,0,0,0,0,0,0,0,1,0,0,0,0,0,0,0,0,0,11.9,,3.0,,,,,0,1,0,720.0,0,0,0,0,0,0.0,5,0,3,0,1,0,0.0,0.0,0,0,0,0,0,0,0,0,0,0,0,0,0,0,0,0,0,0,0,0,3,0,2,0,0,0,2,0
https://www.beko.com.tr/duvar-tipi-davlumbaz/bde-6062-g-ankastre-davlumbazlar,BDE 6062 G Duvar Tipi Davlumbaz,16350.0,148,Duvar Tipi Davlumbaz,Ankastre,Ankastre Davlumbazlar,41.9,60.0,114.0,,0,0,0,44.0,0,0,0,,,,,,,0,,,0,,0,0,0,0,0,0,0,0,0,,0,0,0,0,0,0,,,,0,0,0,,0,0,0,0,0,0,0,,,0,0,,0,0,0,0,0,0,0,0,0,0,0,,,0,0,0,,1.0,1,2.0,1,1,1,1,0,0,0,0,,,,,,,,0,0,,,,0,0,0,0,0,0,0,0,0,,,,0,0,,0,0,0,0,,,0,0,,,0,0,,0,0,0,0,0,0,0,0,,0,0,0,0,0,0,0,,,0,0,0,0,,0,,0,0,0,,,,0,0,0,0,,0,0,0,,,,,0,0,0,0,,0,,0,,0,0,0,0,0,,0,0,0,,,0,0,0,0,0,0,0,,0,0,,0,0,,0,0,0,,,,,0,0,0,0,,0,0,0,0,0,0,0,0,1,0,0,0,0,0,0,0,0,11.9,,3.0,,,,,0,1,0,720.0,0,0,0,0,0,0.0,5,0,3,0,1,0,0.0,0.0,0,0,0,0,0,0,0,0,0,0,0,0,0,0,0,0,0,0,0,0,3,0,2,0,0,0,2,0
https://www.beko.com.tr/duvar-tipi-davlumbaz/bde-6062-i-ankastre-davlumbazlar,BDE 6062 I Duvar Tipi Davlumbaz,17850.0,19,Duvar Tipi Davlumbaz,Ankastre,Ankastre Davlumbazlar,41.9,60.0,114.0,,0,0,0,44.0,0,0,0,,,,,,,0,,,0,,0,0,0,0,0,0,0,0,0,,0,0,0,0,0,0,,,,0,0,0,,0,0,0,0,0,0,0,,,0,0,,0,0,0,0,0,0,0,0,0,0,0,,,0,0,0,,1.0,1,2.0,1,1,1,1,0,0,0,0,,,,,,,,0,0,,,,0,0,0,0,0,0,0,0,0,,,,0,0,,0,0,0,0,,,0,0,,,0,0,,0,0,0,0,0,0,0,0,,0,0,0,0,0,0,0,,,0,0,0,0,,0,,0,0,0,,,,0,0,0,0,,0,0,0,,,,,0,0,0,0,,0,,0,,0,0,0,0,0,,0,0,0,,,0,0,0,0,0,0,0,,0,0,,0,0,,0,0,0,,,,,0,0,0,0,,0,0,0,0,0,0,0,0,1,0,0,0,0,0,0,0,0,13.3,,3.0,,,,,0,1,0,720.0,0,0,0,0,0,0.0,5,0,3,0,1,0,0.0,0.0,0,0,0,0,0,0,0,0,0,0,0,0,0,0,0,0,0,0,0,0,3,0,2,0,0,0,2,0
https://www.beko.com.tr/duvar-tipi-davlumbaz/bde-9062-s-ankastre-davlumbazlar,BDE 9062 S Duvar Tipi Davlumbaz,35010.0,7,Duvar Tipi Davlumbaz,Ankastre,Ankastre Davlumbazlar,41.9,90.0,114.0,,0,0,0,43.0,0,0,0,,,,,,,0,,,0,,0,0,0,0,0,0,0,0,0,,0,0,0,0,0,0,,,,0,0,0,,0,0,0,0,0,0,0,,,0,0,,0,0,0,0,0,0,0,0,0,0,0,,,0,0,0,,2.0,1,2.0,1,1,1,1,0,0,0,0,,,,,,,,0,0,,,,0,0,0,0,0,0,0,0,0,,,,0,0,,0,0,0,0,,,0,0,,,0,0,,0,0,0,0,0,0,0,0,,0,0,0,0,0,0,0,,,0,0,0,0,,0,,0,0,0,,,,0,0,0,0,,0,0,0,,,,,0,0,0,0,,0,,0,,0,0,0,0,0,,0,0,0,,,0,0,0,0,0,0,0,,0,0,,0,0,,0,0,0,,,,,0,0,0,0,,0,0,0,0,0,0,0,1,0,0,0,0,0,0,0,0,0,13.8,,3.0,,,,,0,1,0,712.0,0,0,0,0,0,0.0,5,0,3,0,1,0,0.0,0.0,0,0,0,0,0,0,0,0,0,0,0,0,0,0,0,0,0,0,0,0,3,0,2,0,0,0,2,0
https://www.beko.com.tr/duvar-tipi-davlumbaz/bde-6050-hb-ankastre-davlumbazlar,BDE 6050 HB Duvar Tipi Davlumbaz,10140.0,51,Duvar Tipi Davlumbaz,Ankastre,Ankastre Davlumbazlar,41.9,60.0,114.0,,0,0,0,46.0,0,0,0,,,,,,,0,,,0,,0,0,0,0,0,0,0,0,0,,0,0,0,0,0,0,,,,0,0,0,,0,0,0,0,0,0,0,,,0,0,,0,0,0,0,0,0,0,0,0,0,0,,,0,0,0,,1.0,1,2.0,0,0,1,0,0,0,0,0,,,,,,,,0,0,,,,0,0,0,0,0,0,0,0,0,,,,0,0,,0,0,0,0,,,0,0,,,0,0,,0,0,0,0,0,0,0,0,,0,0,0,0,0,0,0,,,0,0,0,0,,0,,0,0,0,,,,0,0,0,0,,0,0,0,,,,,0,0,0,0,,0,,0,,0,0,0,0,0,,0,0,0,,,0,0,0,0,0,0,0,,0,0,,0,0,,0,0,0,,,,,0,0,0,0,,0,0,0,0,0,0,0,0,0,0,0,1,0,0,0,0,0,9.4,,3.0,,,,,0,0,0,400.0,0,0,0,0,0,0.0,4,0,3,0,1,0,0.0,0.0,0,0,0,0,0,0,0,0,0,0,0,0,0,0,0,0,0,0,0,0,2,0,1,0,0,0,2,0
https://www.beko.com.tr/duvar-tipi-davlumbaz/bde-6050-s-ankastre-davlumbazlar,BDE 6050 S Duvar Tipi Davlumbaz,10140.0,26,Duvar Tipi Davlumbaz,Ankastre,Ankastre Davlumbazlar,41.9,60.0,114.0,,0,0,0,46.0,0,0,0,,,,,,,0,,,0,,0,0,0,0,0,0,0,0,0,,0,0,0,0,0,0,,,,0,0,0,,0,0,0,0,0,0,0,,,0,0,,0,0,0,0,0,0,0,0,0,0,0,,,0,0,0,,1.0,1,2.0,0,0,1,0,0,0,0,0,,,,,,,,0,0,,,,0,0,0,0,0,0,0,0,0,,,,0,0,,0,0,0,0,,,0,0,,,0,0,,0,0,0,0,0,0,0,0,,0,0,0,0,0,0,0,,,0,0,0,0,,0,,0,0,0,,,,0,0,0,0,,0,0,0,,,,,0,0,0,0,,0,,0,,0,0,0,0,0,,0,0,0,,,0,0,0,0,0,0,0,,0,0,,0,0,,0,0,0,,,,,0,0,0,0,,0,0,0,0,0,0,0,1,0,0,0,0,0,0,0,0,0,13.1,,3.0,,,,,0,0,0,400.0,0,0,0,0,0,0.0,4,0,3,0,1,0,0.0,0.0,0,0,0,0,0,0,0,0,0,0,0,0,0,0,0,0,0,0,0,0,2,0,1,0,0,0,2,0
https://www.beko.com.tr/duvar-tipi-davlumbaz/bde-9040-s-ankastre-davlumbazlar,BDE 9040 S Duvar Tipi Davlumbaz,18360.0,8,Duvar Tipi Davlumbaz,Ankastre,Ankastre Davlumbazlar,41.9,90.0,114.0,,0,0,0,44.0,0,0,0,,,,,,,0,,,0,,0,0,0,0,0,0,0,0,0,,0,0,0,0,0,0,,,,0,0,0,,0,0,0,0,0,0,0,,,0,0,,0,0,0,0,0,0,0,0,0,0,0,,,0,0,0,,1.0,1,2.0,0,0,1,0,0,0,0,0,,,,,,,,0,0,,,,0,0,0,0,0,0,0,0,0,,,,0,0,,0,0,0,0,,,0,0,,,0,0,,0,0,0,0,0,0,0,0,,0,0,0,0,0,0,0,,,0,0,0,0,,0,,0,0,0,,,,0,0,0,0,,0,0,0,,,,,0,0,0,0,,0,,0,,0,0,0,0,0,,0,0,0,,,0,0,0,0,0,0,0,,0,0,,0,0,,0,0,0,,,,,0,0,0,0,,0,0,0,0,0,0,0,1,0,0,0,0,0,0,0,0,0,12.0,,3.0,,,,,0,0,0,408.0,0,0,0,0,0,0.0,3,0,3,0,1,0,0.0,0.0,0,0,0,0,0,0,0,0,0,0,0,0,0,0,0,0,0,0,0,0,3,0,1,0,0,0,2,0
https://www.beko.com.tr/duvar-tipi-davlumbaz/bdt-6060-i-ankastre-davlumbazlar,BDT 6060 I Beyond Serisi Duvar Tipi Davlumbaz,16500.0,10,Duvar Tipi Davlumbaz,Ankastre,Ankastre Davlumbazlar,50.5,60.0,103.0,,0,0,0,48.0,0,0,0,,,,,,,0,,,0,,0,0,0,0,0,0,0,0,0,,0,0,0,0,0,0,,,,0,0,0,,0,0,0,0,0,0,0,,,0,0,,0,0,0,0,0,0,0,0,0,0,0,,,0,0,0,,2.0,1,2.0,0,0,0,0,0,0,0,0,,,,,,,,0,0,,,,0,0,0,0,0,0,0,0,0,,,,0,0,,0,0,0,0,,,0,0,,,0,0,,0,0,0,0,0,0,0,0,,0,0,0,0,0,0,0,,,0,0,0,0,,0,,0,0,0,,,,0,0,0,0,,0,0,0,,,,,0,0,0,0,,0,,0,,0,0,0,0,0,,0,0,0,,,0,0,0,0,0,0,0,,0,0,,0,0,,0,0,0,,,,,0,0,0,0,,0,0,0,0,0,0,0,0,1,0,0,0,0,0,0,0,0,10.3,,3.0,,,,,0,0,0,613.0,0,0,0,0,0,0.0,4,0,3,0,1,0,0.0,0.0,0,0,0,0,0,0,0,0,0,0,0,0,0,0,0,0,0,0,0,0,2,0,0,0,0,0,2,0
https://www.beko.com.tr/duvar-tipi-davlumbaz/bdt-6062-s-ankastre-davlumbazlar,BDT 6062 S Duvar Tipi Davlumbaz,24720.0,5,Duvar Tipi Davlumbaz,Ankastre,Ankastre Davlumbazlar,50.5,60.0,103.0,,0,0,0,43.0,0,0,0,,,,,,,0,,,0,,0,0,0,0,0,0,0,0,0,,0,0,0,0,0,0,,,,0,0,0,,0,0,0,0,0,0,0,,,0,0,,0,0,0,0,0,0,0,0,0,0,0,,,0,0,0,,2.0,1,2.0,1,1,1,1,0,0,0,0,,,,,,,,0,0,,,,0,0,0,0,0,0,0,0,0,,,,0,0,,0,0,0,0,,,0,0,,,0,0,,0,0,0,0,0,0,0,0,,0,0,0,0,0,0,0,,,0,0,0,0,,0,,0,0,0,,,,0,0,0,0,,0,0,0,,,,,0,0,0,0,,0,,0,,0,0,0,0,0,,0,0,0,,,0,0,0,0,0,0,0,,0,0,,0,0,,0,0,0,,,,,0,0,0,0,,0,0,0,0,0,0,0,1,0,0,0,0,0,0,0,0,0,11.0,,3.0,,,,,0,1,0,710.0,0,0,0,0,0,0.0,5,0,3,0,1,0,0.0,0.0,0,0,0,0,0,0,0,0,0,0,0,0,0,0,0,0,0,0,0,0,3,0,0,0,0,0,2,0
https://www.beko.com.tr/duvar-tipi-davlumbaz/adp61420b-ankastre-davlumbazlar,ADP61420B Duvar Tipi Davlumbaz,10500.0,30,Duvar Tipi Davlumbaz,Ankastre,Ankastre Davlumbazlar,47.0,60.0,25.0,,0,0,0,53.0,0,0,0,,,,,,,0,,,0,,0,0,0,0,0,0,0,0,0,,0,0,0,0,0,0,,,,0,0,0,,0,0,0,0,0,0,0,,,0,0,,0,0,0,0,0,0,0,0,0,0,0,,,0,0,0,,2.0,1,2.0,0,0,0,0,0,0,0,0,,,,,,,,0,0,,,,0,0,0,0,0,0,0,0,0,,,,0,0,,0,0,0,0,,,0,0,,,0,0,,0,0,0,0,0,0,0,0,,0,0,0,0,0,0,0,,,0,0,0,0,,0,,0,0,0,,,,0,0,0,0,,0,0,0,,,,,0,0,0,0,,0,,0,,0,0,0,0,0,,0,0,0,,,0,0,0,0,0,0,0,,0,0,,0,0,,0,0,0,,,,,0,0,0,0,,0,0,0,0,0,0,0,0,0,0,0,1,0,0,0,0,0,8.23,,4.0,,,,,0,0,0,400.0,0,0,0,0,0,0.0,2,0,1,0,0,0,0.0,0.0,0,0,0,0,0,0,0,0,0,0,0,0,0,0,0,0,0,0,0,0,2,0,0,0,0,0,2,0
https://www.beko.com.tr/duvar-tipi-davlumbaz/adp61420s-ankastre-davlumbazlar,ADP61420S Duvar Tipi Davlumbaz,10500.0,19,Duvar Tipi Davlumbaz,Ankastre,Ankastre Davlumbazlar,47.0,60.0,25.0,,0,0,0,53.0,0,0,0,,,,,,,0,,,0,,0,0,0,0,0,0,0,0,0,,0,0,0,0,0,0,,,,0,0,0,,0,0,0,0,0,0,0,,,0,0,,0,0,0,0,0,0,0,0,0,0,0,,,0,0,0,,2.0,1,2.0,0,0,0,0,0,0,0,0,,,,,,,,0,0,,,,0,0,0,0,0,0,0,0,0,,,,0,0,,0,0,0,0,,,0,0,,,0,0,,0,0,0,0,0,0,0,0,,0,0,0,0,0,0,0,,,0,0,0,0,,0,,0,0,0,,,,0,0,0,0,,0,0,0,,,,,0,0,0,0,,0,,0,,0,0,0,0,0,,0,0,0,,,0,0,0,0,0,0,0,,0,0,,0,0,,0,0,0,,,,,0,0,0,0,,0,0,0,0,0,0,0,1,0,0,0,0,0,0,0,0,0,8.23,,4.0,,,,,0,0,0,400.0,0,0,0,0,0,0.0,2,0,1,0,1,0,0.0,0.0,0,0,0,0,0,0,0,0,0,0,0,0,0,0,0,0,0,0,0,0,2,0,0,0,0,0,2,0
https://www.beko.com.tr/duvar-tipi-davlumbaz/adp61420i-ankastre-davlumbazlar,ADP61420I Duvar Tipi Davlumbaz,10500.0,39,Duvar Tipi Davlumbaz,Ankastre,Ankastre Davlumbazlar,47.0,60.0,25.0,,0,0,0,53.0,0,0,0,,,,,,,0,,,0,,0,0,0,0,0,0,0,0,0,,0,0,0,0,0,0,,,,0,0,0,,0,0,0,0,0,0,0,,,0,0,,0,0,0,0,0,0,0,0,0,0,0,,,0,0,0,,2.0,1,2.0,0,0,0,0,0,0,0,0,,,,,,,,0,0,,,,0,0,0,0,0,0,0,0,0,,,,0,0,,0,0,0,0,,,0,0,,,0,0,,0,0,0,0,0,0,0,0,,0,0,0,0,0,0,0,,,0,0,0,0,,0,,0,0,0,,,,0,0,0,0,,0,0,0,,,,,0,0,0,0,,0,,0,,0,0,0,0,0,,0,0,0,,,0,0,0,0,0,0,0,,0,0,,0,0,,0,0,0,,,,,0,0,0,0,,0,0,0,0,0,0,0,0,1,0,0,0,0,0,0,0,0,8.23,,4.0,,,,,0,0,0,400.0,0,0,0,0,0,0.0,2,0,1,0,1,0,0.0,0.0,0,0,0,0,0,0,0,0,0,0,0,0,0,0,0,0,0,0,0,0,2,0,0,0,0,0,2,0
https://www.beko.com.tr/duvar-tipi-davlumbaz/bde-6050-g-ankastre-davlumbazlar,BDE 6050 G Duvar Tipi Davlumbaz,10140.0,19,Duvar Tipi Davlumbaz,Ankastre,Ankastre Davlumbazlar,41.9,60.0,114.0,,0,0,0,46.0,0,0,0,,,,,,,0,,,0,,0,0,0,0,0,0,0,0,0,,0,0,0,0,0,0,,,,0,0,0,,0,0,0,0,0,0,0,,,0,0,,0,0,0,0,0,0,0,0,0,0,0,,,0,0,0,,1.0,1,2.0,0,0,1,0,0,0,0,0,,,,,,,,0,0,,,,0,0,0,0,0,0,0,0,0,,,,0,0,,0,0,0,0,,,0,0,,,0,0,,0,0,0,0,0,0,0,0,,0,0,0,0,0,0,0,,,0,0,0,0,,0,,0,0,0,,,,0,0,0,0,,0,0,0,,,,,0,0,0,0,,0,,0,,0,0,0,0,0,,0,0,0,,,0,0,0,0,0,0,0,,0,0,,0,0,,0,0,0,,,,,0,0,0,0,,0,0,0,0,0,0,0,0,1,0,0,0,0,0,0,0,0,9.3,,3.0,,,,,0,0,0,400.0,0,0,0,0,0,0.0,4,0,0,0,1,0,0.0,0.0,0,0,0,0,0,0,0,0,0,0,0,0,0,0,0,0,0,0,0,0,2,0,1,0,0,0,2,0
https://www.beko.com.tr/ankastre-duvar-tipi-davlumbazlar/bde-6053-b-ankastre-duvar-tipi-davlumbazlar,BDE 6053 B Ankastre Duvar Tipi Davlumbazlar,14940.0,8,Ankastre Duvar Tipi Davlumbazlar,Ankastre,Ankastre Davlumbazlar,41.9,60.0,114.0,,0,0,0,50.0,0,0,0,,,,,,,0,,,0,,0,0,0,0,0,0,0,0,0,,0,0,0,0,0,0,,,,0,0,0,,0,0,0,0,0,0,0,,,0,0,,0,0,0,0,0,0,0,0,0,0,0,,,0,0,0,,1.0,1,2.0,0,1,1,0,0,0,0,0,,,,,,,,0,0,,,,0,0,0,0,0,0,0,0,0,,,,0,0,,0,0,0,0,,,0,0,,,0,0,,0,0,0,0,0,0,0,0,,0,0,0,0,0,0,0,,,0,0,0,0,,0,,0,0,0,,,,0,0,0,0,,0,0,0,,,,,0,0,0,0,,0,,0,,0,0,0,0,0,,0,0,0,,,0,0,0,0,0,0,0,,0,0,,0,0,,0,0,0,,,,,0,0,0,0,,0,0,0,0,0,0,0,0,1,0,0,0,0,0,0,0,0,10.6,,3.0,,,,,0,0,0,600.0,0,0,0,0,0,0.0,4,0,0,0,1,0,0.0,0.0,0,0,0,0,0,0,0,0,0,0,0,0,0,0,0,0,0,0,0,0,3,0,1,0,0,0,2,0
https://www.beko.com.tr/ankastre-duvar-tipi-davlumbazlar/bde-6053-s-ankastre-duvar-tipi-davlumbazlar,BDE 6053 S Ankastre Duvar Tipi Davlumbazlar,14940.0,5,Ankastre Duvar Tipi Davlumbazlar,Ankastre,Ankastre Davlumbazlar,41.9,60.0,114.0,,0,0,0,50.0,0,0,0,,,,,,,0,,,0,,0,0,0,0,0,0,0,0,0,,0,0,0,0,0,0,,,,0,0,0,,0,0,0,0,0,0,0,,,0,0,,0,0,0,0,0,0,0,0,0,0,0,,,0,0,0,,1.0,1,2.0,0,1,1,0,0,0,0,0,,,,,,,,0,0,,,,0,0,0,0,0,0,0,0,0,,,,0,0,,0,0,0,0,,,0,0,,,0,0,,0,0,0,0,0,0,0,0,,0,0,0,0,0,0,0,,,0,0,0,0,,0,,0,0,0,,,,0,0,0,0,,0,0,0,,,,,0,0,0,0,,0,,0,,0,0,0,0,0,,0,0,0,,,0,0,0,0,0,0,0,,0,0,,0,0,,0,0,0,,,,,0,0,0,0,,0,0,0,0,0,0,0,1,0,0,0,0,0,0,0,0,0,10.0,,3.0,,,,,0,0,0,600.0,0,0,0,0,0,0.0,4,0,0,0,1,0,0.0,0.0,0,0,0,0,0,0,0,0,0,0,0,0,0,0,0,0,0,0,0,0,3,0,1,0,0,0,2,0
https://www.beko.com.tr/ankastre-duvar-tipi-davlumbazlar/bde-6053-g-ankastre-duvar-tipi-davlumbazlar,BDE 6053 G Ankastre Duvar Tipi Davlumbazlar,14940.0,4,Ankastre Duvar Tipi Davlumbazlar,Ankastre,Ankastre Davlumbazlar,41.9,60.0,114.0,,0,0,0,50.0,0,0,0,,,,,,,0,,,0,,0,0,0,0,0,0,0,0,0,,0,0,0,0,0,0,,,,0,0,0,,0,0,0,0,0,0,0,,,0,0,,0,0,0,0,0,0,0,0,0,0,0,,,0,0,0,,1.0,1,2.0,0,1,1,0,0,0,0,0,,,,,,,,0,0,,,,0,0,0,0,0,0,0,0,0,,,,0,0,,0,0,0,0,,,0,0,,,0,0,,0,0,0,0,0,0,0,0,,0,0,0,0,0,0,0,,,0,0,0,0,,0,,0,0,0,,,,0,0,0,0,,0,0,0,,,,,0,0,0,0,,0,,0,,0,0,0,0,0,,0,0,0,,,0,0,0,0,0,0,0,,0,0,,0,0,,0,0,0,,,,,0,0,0,0,,0,0,0,0,0,0,0,0,1,0,0,0,0,0,0,0,0,10.6,,3.0,,,,,0,0,0,600.0,0,0,0,0,0,0.0,4,0,0,0,1,0,0.0,0.0,0,0,0,0,0,0,0,0,0,0,0,0,0,0,0,0,0,0,0,0,3,0,1,0,0,0,2,0
https://www.beko.com.tr/ada-tipi-davlumbaz/bda-9085-s-ankastre-davlumbazlar,BDA 9085 S Ada Tipi Davlumbaz,64830.0,0,Ada Tipi Davlumbaz,Ankastre,Ankastre Davlumbazlar,61.0,90.0,92.0,,0,0,0,44.0,0,0,0,,,,,,,0,,,0,,0,0,0,0,0,0,0,0,0,,0,0,0,0,0,0,,,,0,0,0,,0,0,0,0,0,0,0,,,0,0,,0,0,0,0,0,0,0,0,0,0,0,,,0,0,0,,3.0,1,4.0,1,1,1,1,0,0,0,0,,,,,,,,0,0,,,,0,0,0,0,0,0,0,0,0,,,,0,0,,0,0,0,0,,,0,0,,,0,0,,0,0,0,0,0,0,0,0,,0,0,0,0,0,0,0,,,0,0,0,0,,0,,0,0,0,,,,0,0,0,0,,0,0,0,,,,,0,0,0,0,,0,,0,,0,0,0,0,0,,0,0,0,,,0,0,0,0,0,0,0,,0,0,,0,0,,0,0,0,,,,,0,0,0,0,,0,0,0,0,0,0,0,0,1,0,0,0,0,0,0,0,0,27.2,,3.0,,,,,0,1,0,830.0,0,0,0,0,0,0.0,6,0,0,0,1,0,0.0,0.0,0,0,0,0,0,0,0,0,0,0,0,0,0,0,0,0,0,0,0,0,3,0,1,0,0,0,6,0
https://www.beko.com.tr/duvar-tipi-davlumbaz/bde-6064-b-ankastre-davlumbazlar,BDE 6064 B Duvar Tipi Davlumbaz,14640.0,22,Duvar Tipi Davlumbaz,Ankastre,Ankastre Davlumbazlar,41.9,60.0,114.0,,0,0,0,44.0,0,0,0,,,,,,,0,,,0,,0,0,0,0,0,0,0,0,0,,0,0,0,0,0,0,,,,0,0,0,,0,0,0,0,0,0,0,,,0,0,,0,0,0,0,0,0,0,0,0,0,0,,,0,0,0,,1.0,1,2.0,1,1,1,1,0,0,0,0,,,,,,,,0,0,,,,0,0,0,0,0,0,0,0,0,,,,0,0,,0,0,0,0,,,0,0,,,0,0,,0,0,0,0,0,0,0,0,,0,0,0,0,0,0,0,,,0,0,0,0,,0,,0,0,0,,,,0,0,0,0,,0,0,0,,,,,0,0,0,0,,0,,0,,0,0,0,0,0,,0,0,0,,,0,0,0,0,0,0,0,,0,0,,0,0,,0,0,0,,,,,0,0,0,0,,0,0,0,0,0,0,0,0,1,0,0,0,0,0,0,0,0,11.1,,3.0,,,,,0,0,0,720.0,0,0,0,0,0,0.0,5,0,3,0,1,0,0.0,0.0,0,0,0,0,0,0,0,0,0,0,0,0,0,0,0,0,0,0,0,0,3,0,2,0,0,0,2,0
https://www.beko.com.tr/duvar-tipi-davlumbaz/bde-6064-g-ankastre-davlumbazlar,BDE 6064 G Duvar Tipi Davlumbaz,14640.0,11,Duvar Tipi Davlumbaz,Ankastre,Ankastre Davlumbazlar,41.9,60.0,114.0,,0,0,0,44.0,0,0,0,,,,,,,0,,,0,,0,0,0,0,0,0,0,0,0,,0,0,0,0,0,0,,,,0,0,0,,0,0,0,0,0,0,0,,,0,0,,0,0,0,0,0,0,0,0,0,0,0,,,0,0,0,,1.0,1,2.0,1,1,1,1,0,0,0,0,,,,,,,,0,0,,,,0,0,0,0,0,0,0,0,0,,,,0,0,,0,0,0,0,,,0,0,,,0,0,,0,0,0,0,0,0,0,0,,0,0,0,0,0,0,0,,,0,0,0,0,,0,,0,0,0,,,,0,0,0,0,,0,0,0,,,,,0,0,0,0,,0,,0,,0,0,0,0,0,,0,0,0,,,0,0,0,0,0,0,0,,0,0,,0,0,,0,0,0,,,,,0,0,0,0,,0,0,0,0,0,0,0,0,1,0,0,0,0,0,0,0,0,11.1,,3.0,,,,,0,0,0,720.0,0,0,0,0,0,0.0,5,0,3,0,1,0,0.0,0.0,0,0,0,0,0,0,0,0,0,0,0,0,0,0,0,0,0,0,0,0,3,0,2,0,0,0,2,0
https://www.beko.com.tr/duvar-tipi-davlumbaz/bde-6041-s-ankastre-davlumbazlar,BDE 6041 S Duvar Tipi Davlumbaz,11040.0,3,Duvar Tipi Davlumbaz,Ankastre,Ankastre Davlumbazlar,41.9,60.0,114.0,,0,0,0,43.0,0,0,0,,,,,,,0,,,0,,0,0,0,0,0,0,0,0,0,,0,0,0,0,0,0,,,,0,0,0,,0,0,0,0,0,0,0,,,0,0,,0,0,0,0,0,0,0,0,0,0,0,,,0,0,0,,1.0,1,2.0,0,1,1,0,0,0,0,0,,,,,,,,0,0,,,,0,0,0,0,0,0,0,0,0,,,,0,0,,0,0,0,0,,,0,0,,,0,0,,0,0,0,0,0,0,0,0,,0,0,0,0,0,0,0,,,0,0,0,0,,0,,0,0,0,,,,0,0,0,0,,0,0,0,,,,,0,0,0,0,,0,,0,,0,0,0,0,0,,0,0,0,,,0,0,0,0,0,0,0,,0,0,,0,0,,0,0,0,,,,,0,0,0,0,,0,0,0,0,0,0,0,1,0,0,0,0,0,0,0,0,0,10.5,,3.0,,,,,0,0,0,500.0,0,0,0,0,0,0.0,4,0,3,0,1,0,0.0,0.0,0,0,0,0,0,0,0,0,0,0,0,0,0,0,0,0,0,0,0,0,3,0,1,0,0,0,2,0
https://www.beko.com.tr/duvar-tipi-davlumbaz/bde-6041-b-ankastre-davlumbazlar,BDE 6041 B Duvar Tipi Davlumbaz,11040.0,18,Duvar Tipi Davlumbaz,Ankastre,Ankastre Davlumbazlar,41.9,60.0,114.0,,0,0,0,43.0,0,0,0,,,,,,,0,,,0,,0,0,0,0,0,0,0,0,0,,0,0,0,0,0,0,,,,0,0,0,,0,0,0,0,0,0,0,,,0,0,,0,0,0,0,0,0,0,0,0,0,0,,,0,0,0,,1.0,1,2.0,0,1,1,0,0,0,0,0,,,,,,,,0,0,,,,0,0,0,0,0,0,0,0,0,,,,0,0,,0,0,0,0,,,0,0,,,0,0,,0,0,0,0,0,0,0,0,,0,0,0,0,0,0,0,,,0,0,0,0,,0,,0,0,0,,,,0,0,0,0,,0,0,0,,,,,0,0,0,0,,0,,0,,0,0,0,0,0,,0,0,0,,,0,0,0,0,0,0,0,,0,0,,0,0,,0,0,0,,,,,0,0,0,0,,0,0,0,0,0,0,0,0,1,0,0,0,0,0,0,0,0,10.5,,3.0,,,,,0,0,0,500.0,0,0,0,0,0,0.0,4,0,3,0,1,0,0.0,0.0,0,0,0,0,0,0,0,0,0,0,0,0,0,0,0,0,0,0,0,0,3,0,1,0,0,0,2,0
https://www.beko.com.tr/duvar-tipi-davlumbaz/bde-6041-g-ankastre-davlumbazlar,BDE 6041 G Duvar Tipi Davlumbaz,11040.0,14,Duvar Tipi Davlumbaz,Ankastre,Ankastre Davlumbazlar,41.9,60.0,114.0,,0,0,0,43.0,0,0,0,,,,,,,0,,,0,,0,0,0,0,0,0,0,0,0,,0,0,0,0,0,0,,,,0,0,0,,0,0,0,0,0,0,0,,,0,0,,0,0,0,0,0,0,0,0,0,0,0,,,0,0,0,,1.0,1,2.0,0,1,1,0,0,0,0,0,,,,,,,,0,0,,,,0,0,0,0,0,0,0,0,0,,,,0,0,,0,0,0,0,,,0,0,,,0,0,,0,0,0,0,0,0,0,0,,0,0,0,0,0,0,0,,,0,0,0,0,,0,,0,0,0,,,,0,0,0,0,,0,0,0,,,,,0,0,0,0,,0,,0,,0,0,0,0,0,,0,0,0,,,0,0,0,0,0,0,0,,0,0,,0,0,,0,0,0,,,,,0,0,0,0,,0,0,0,0,0,0,0,0,1,0,0,0,0,0,0,0,0,13.1,,3.0,,,,,0,0,0,500.0,0,0,0,0,0,0.0,4,0,3,0,1,0,0.0,0.0,0,0,0,0,0,0,0,0,0,0,0,0,0,0,0,0,0,0,0,0,3,0,1,0,0,0,2,0
https://www.beko.com.tr/duvar-tipi-davlumbaz/bde-6062-ms-ankastre-davlumbazlar,BDE 6062 MS Duvar Tipi Davlumbaz,16350.0,2,Duvar Tipi Davlumbaz,Ankastre,Ankastre Davlumbazlar,41.9,60.0,114.0,,0,0,0,44.0,0,0,0,,,,,,,0,,,0,,0,0,0,0,0,0,0,0,0,,0,0,0,0,0,0,,,,0,0,0,,0,0,0,0,0,0,0,,,0,0,,0,0,0,0,0,0,0,0,0,0,0,,,0,0,0,,1.0,1,2.0,1,1,1,1,0,0,0,0,,,,,,,,0,0,,,,0,0,0,0,0,0,0,0,0,,,,0,0,,0,0,0,0,,,0,0,,,0,0,,0,0,0,0,0,0,0,0,,0,0,0,0,0,0,0,,,0,0,0,0,,0,,0,0,0,,,,0,0,0,0,,0,0,0,,,,,0,0,0,0,,0,,0,,0,0,0,0,0,,0,0,0,,,0,0,0,0,0,0,0,,0,0,,0,0,,0,0,0,,,,,0,0,0,0,,0,0,0,0,0,0,0,1,0,0,0,0,0,0,0,0,0,11.7,,3.0,,,,,0,1,0,720.0,0,0,0,0,0,0.0,5,0,3,0,1,0,0.0,0.0,0,0,0,0,0,0,0,0,0,0,0,0,0,0,0,0,0,0,0,0,3,0,2,0,0,0,2,0
https://www.beko.com.tr/duvar-tipi-davlumbaz/bde-6050-hb1-ankastre-davlumbazlar,BDE 6050 HB1 Duvar Tipi Davlumbaz,7230.0,7,Duvar Tipi Davlumbaz,Ankastre,Ankastre Davlumbazlar,41.9,60.0,114.0,,0,0,0,49.0,0,0,0,,,,,,,0,,,0,,0,0,0,0,0,0,0,0,0,,0,0,0,0,0,0,,,,0,0,0,,0,0,0,0,0,0,0,,,0,0,,0,0,0,0,0,0,0,0,0,0,0,,,0,0,0,,1.0,1,2.0,0,0,0,0,0,0,0,0,,,,,,,,0,0,,,,0,0,0,0,0,0,0,0,0,,,,0,0,,0,0,0,0,,,0,0,,,0,0,,0,0,0,0,0,0,0,0,,0,0,0,0,0,0,0,,,0,0,0,0,,0,,0,0,0,,,,0,0,0,0,,0,0,0,,,,,0,0,0,0,,0,,0,,0,0,0,0,0,,0,0,0,,,0,0,0,0,0,0,0,,0,0,,0,0,,0,0,0,,,,,0,0,0,0,,0,0,0,0,0,0,0,0,0,0,0,1,0,0,0,0,0,9.4,,3.0,,,,,0,0,0,370.0,0,0,0,0,0,0.0,2,0,3,0,1,0,0.0,0.0,0,0,0,0,0,0,0,0,0,0,0,0,0,0,0,0,0,0,0,0,2,0,1,0,0,0,2,0
https://www.beko.com.tr/duvar-tipi-davlumbaz/bde-6062-b1-ankastre-davlumbazlar,BDE 6062 B1 Duvar Tipi Davlumbaz,12990.0,6,Duvar Tipi Davlumbaz,Ankastre,Ankastre Davlumbazlar,41.9,60.0,114.0,,0,0,0,44.0,0,0,0,,,,,,,0,,,0,,0,0,0,0,0,0,0,0,0,,0,0,0,0,0,0,,,,0,0,0,,0,0,0,0,0,0,0,,,0,0,,0,0,0,0,0,0,0,0,0,0,0,,,0,0,0,,1.0,1,2.0,1,1,1,1,0,0,0,0,,,,,,,,0,0,,,,0,0,0,0,0,0,0,0,0,,,,0,0,,0,0,0,0,,,0,0,,,0,0,,0,0,0,0,0,0,0,0,,0,0,0,0,0,0,0,,,0,0,0,0,,0,,0,0,0,,,,0,0,0,0,,0,0,0,,,,,0,0,0,0,,0,,0,,0,0,0,0,0,,0,0,0,,,0,0,0,0,0,0,0,,0,0,,0,0,,0,0,0,,,,,0,0,0,0,,0,0,0,0,0,0,0,0,0,0,0,1,0,0,0,0,0,11.5,,3.0,,,,,0,1,0,720.0,0,0,0,0,0,0.0,5,0,3,0,1,0,0.0,0.0,0,0,0,0,0,0,0,0,0,0,0,0,0,0,0,0,0,0,0,0,3,0,2,0,0,0,2,0
https://www.beko.com.tr/duvar-tipi-davlumbaz/bde-6041-b1-ankastre-davlumbazlar,BDE 6041 B1 Duvar Tipi Davlumbaz,8830.0,0,Duvar Tipi Davlumbaz,Ankastre,Ankastre Davlumbazlar,41.9,60.0,114.0,,0,0,0,43.0,0,0,0,,,,,,,0,,,0,,0,0,0,0,0,0,0,0,0,,0,0,0,0,0,0,,,,0,0,0,,0,0,0,0,0,0,0,,,0,0,,0,0,0,0,0,0,0,0,0,0,0,,,0,0,0,,1.0,1,2.0,0,1,1,0,0,0,0,0,,,,,,,,0,0,,,,0,0,0,0,0,0,0,0,0,,,,0,0,,0,0,0,0,,,0,0,,,0,0,,0,0,0,0,0,0,0,0,,0,0,0,0,0,0,0,,,0,0,0,0,,0,,0,0,0,,,,0,0,0,0,,0,0,0,,,,,0,0,0,0,,0,,0,,0,0,0,0,0,,0,0,0,,,0,0,0,0,0,0,0,,0,0,,0,0,,0,0,0,,,,,0,0,0,0,,0,0,0,0,0,0,0,0,0,0,0,1,0,0,0,0,0,10.5,,3.0,,,,,0,0,0,500.0,0,0,0,0,0,0.0,4,0,3,0,1,0,0.0,0.0,0,0,0,0,0,0,0,0,0,0,0,0,0,0,0,0,0,0,0,0,3,0,1,0,0,0,2,0
https://www.beko.com.tr/duvar-tipi-davlumbaz/bde-6062-s1-ankastre-davlumbazlar,BDE 6062 S1 Duvar Tipi Davlumbaz,12990.0,5,Duvar Tipi Davlumbaz,Ankastre,Ankastre Davlumbazlar,41.9,60.0,114.0,,0,0,0,44.0,0,0,0,,,,,,,0,,,0,,0,0,0,0,0,0,0,0,0,,0,0,0,0,0,0,,,,0,0,0,,0,0,0,0,0,0,0,,,0,0,,0,0,0,0,0,0,0,0,0,0,0,,,0,0,0,,1.0,1,2.0,1,1,1,1,0,0,0,0,,,,,,,,0,0,,,,0,0,0,0,0,0,0,0,0,,,,0,0,,0,0,0,0,,,0,0,,,0,0,,0,0,0,0,0,0,0,0,,0,0,0,0,0,0,0,,,0,0,0,0,,0,,0,0,0,,,,0,0,0,0,,0,0,0,,,,,0,0,0,0,,0,,0,,0,0,0,0,0,,0,0,0,,,0,0,0,0,0,0,0,,0,0,,0,0,,0,0,0,,,,,0,0,0,0,,0,0,0,0,0,0,0,1,0,0,0,0,0,0,0,0,0,11.5,,3.0,,,,,0,1,0,720.0,0,0,0,0,0,0.0,5,0,3,0,1,0,0.0,0.0,0,0,0,0,0,0,0,0,0,0,0,0,0,0,0,0,0,0,0,0,3,0,2,0,0,0,2,0
https://www.beko.com.tr/duvar-tipi-davlumbaz/bde-6064-b1-ankastre-davlumbazlar,BDE 6064 B1 Duvar Tipi Davlumbaz,9990.0,1,Duvar Tipi Davlumbaz,Ankastre,Ankastre Davlumbazlar,41.9,60.0,114.0,,0,0,0,44.0,0,0,0,,,,,,,0,,,0,,0,0,0,0,0,0,0,0,0,,0,0,0,0,0,0,,,,0,0,0,,0,0,0,0,0,0,0,,,0,0,,0,0,0,0,0,0,0,0,0,0,0,,,0,0,0,,1.0,1,2.0,1,1,1,1,0,0,0,0,,,,,,,,0,0,,,,0,0,0,0,0,0,0,0,0,,,,0,0,,0,0,0,0,,,0,0,,,0,0,,0,0,0,0,0,0,0,0,,0,0,0,0,0,0,0,,,0,0,0,0,,0,,0,0,0,,,,0,0,0,0,,0,0,0,,,,,0,0,0,0,,0,,0,,0,0,0,0,0,,0,0,0,,,0,0,0,0,0,0,0,,0,0,,0,0,,0,0,0,,,,,0,0,0,0,,0,0,0,0,0,0,0,0,0,0,0,1,0,0,0,0,0,11.1,,3.0,,,,,0,0,0,720.0,0,0,0,0,0,0.0,5,0,3,0,1,0,0.0,0.0,0,0,0,0,0,0,0,0,0,0,0,0,0,0,0,0,0,0,0,0,3,0,2,0,0,0,2,0
https://www.beko.com.tr/duvar-tipi-davlumbaz/bde-9062-s1-ankastre-davlumbazlar,BDE 9062 S1 Duvar Tipi Davlumbaz,22990.0,0,Duvar Tipi Davlumbaz,Ankastre,Ankastre Davlumbazlar,41.9,90.0,114.0,,0,0,0,43.0,0,0,0,,,,,,,0,,,0,,0,0,0,0,0,0,0,0,0,,0,0,0,0,0,0,,,,0,0,0,,0,0,0,0,0,0,0,,,0,0,,0,0,0,0,0,0,0,0,0,0,0,,,0,0,0,,2.0,1,2.0,1,1,1,1,0,0,0,0,,,,,,,,0,0,,,,0,0,0,0,0,0,0,0,0,,,,0,0,,0,0,0,0,,,0,0,,,0,0,,0,0,0,0,0,0,0,0,,0,0,0,0,0,0,0,,,0,0,0,0,,0,,0,0,0,,,,0,0,0,0,,0,0,0,,,,,0,0,0,0,,0,,0,,0,0,0,0,0,,0,0,0,,,0,0,0,0,0,0,0,,0,0,,0,0,,0,0,0,,,,,0,0,0,0,,0,0,0,0,0,0,0,1,0,0,0,0,0,0,0,0,0,13.8,,3.0,,,,,0,1,0,712.0,0,0,0,0,0,0.0,5,0,3,0,1,0,0.0,0.0,0,0,0,0,0,0,0,0,0,0,0,0,0,0,0,0,0,0,0,0,3,0,2,0,0,0,2,0
https://www.beko.com.tr/duvar-tipi-davlumbaz/adp61420-id-ankastre-davlumbazlar,ADP61420 ID Duvar Tipi Davlumbaz,8320.0,0,Duvar Tipi Davlumbaz,Ankastre,Ankastre Davlumbazlar,47.0,60.0,25.0,,0,0,0,53.0,0,0,0,,,,,,,0,,,0,,0,0,0,0,0,0,0,0,0,,0,0,0,0,0,0,,,,0,0,0,,0,0,0,0,0,0,0,,,0,0,,0,0,0,0,0,0,0,0,0,0,0,,,0,0,0,,2.0,1,2.0,0,0,0,0,0,0,0,0,,,,,,,,0,0,,,,0,0,0,0,0,0,0,0,0,,,,0,0,,0,0,0,0,,,0,0,,,0,0,,0,0,0,0,0,0,0,0,,0,0,0,0,0,0,0,,,0,0,0,0,,0,,0,0,0,,,,0,0,0,0,,0,0,0,,,,,0,0,0,0,,0,,0,,0,0,0,0,0,,0,0,0,,,0,0,0,0,0,0,0,,0,0,,0,0,,0,0,0,,,,,0,0,0,0,,0,0,0,0,0,0,0,0,1,0,0,0,0,0,0,0,0,8.23,,4.0,,,,,0,0,0,400.0,0,0,0,0,0,0.0,2,0,1,0,1,0,0.0,0.0,0,0,0,0,0,0,0,0,0,0,0,0,0,0,0,0,0,0,0,0,2,0,1,0,0,0,2,0
https://www.beko.com.tr/duvar-tipi-davlumbaz/bde-6030-sr-ankastre-davlumbazlar,BDE 6030 SR Duvar Tipi Davlumbaz,6250.0,3,Duvar Tipi Davlumbaz,Ankastre,Ankastre Davlumbazlar,31.3,60.0,90.0,,0,0,0,53.0,0,0,0,,,,,,,0,,,0,,0,0,0,0,0,0,0,0,0,,0,0,0,0,0,0,,,,0,0,0,,0,0,0,0,0,0,0,,,0,0,,0,0,0,0,0,0,0,0,0,0,0,,,0,0,0,,1.0,1,2.0,0,0,0,0,0,0,0,0,,,,,,,,0,0,,,,0,0,0,0,0,0,0,0,0,,,,0,0,,0,0,0,0,,,0,0,,,0,0,,0,0,0,0,0,0,0,0,,0,0,0,0,0,0,0,,,0,0,0,0,,0,,0,0,0,,,,0,0,0,0,,0,0,0,,,,,0,0,0,0,,0,,0,,0,0,0,0,0,,0,0,0,,,0,0,0,0,0,0,0,,0,0,,0,0,,0,0,0,,,,,0,0,0,0,,0,0,0,0,0,0,0,1,0,0,0,0,0,0,0,0,0,7.0,,5.0,,,,,0,0,0,430.0,0,0,0,0,0,0.0,2,0,3,0,1,0,0.0,0.0,0,0,0,0,0,0,0,0,0,0,0,0,0,0,0,0,0,0,0,0,2,0,1,0,0,0,2,0
https://www.beko.com.tr/ankastre-surgulu-aspirator/p-41-ts-ankastre-aspiratorler,P 41 TS Ankastre Sürgülü Aspiratör,8910.0,4,Ankastre Surgulu Aspirator,Ankastre,Ankastre Aspiratörler,30.1,60.0,18.0,,0,0,0,50.0,0,0,0,,,,,,,0,,,0,,0,0,0,0,0,0,0,0,0,,0,0,0,0,0,0,,,,0,0,0,,0,0,0,0,0,0,0,,,0,0,,0,0,0,0,0,0,0,0,0,0,0,,,0,0,0,,2.0,1,2.0,0,0,0,0,0,0,0,0,,,,,,,,0,0,,,,0,0,0,0,0,0,0,0,0,,,,0,0,,0,0,0,0,,,0,0,,,0,0,,0,0,0,0,0,0,0,0,,0,0,0,0,0,0,0,,,0,0,0,0,,0,,0,0,0,,,,0,0,0,0,,0,0,0,,,,,0,0,0,0,,0,,0,,0,0,0,0,0,,0,0,0,,,0,0,0,0,0,0,0,,0,0,,0,0,,0,0,0,,,,,0,0,0,0,,0,0,0,0,0,0,0,1,0,0,0,0,0,0,0,0,0,5.2,,4.0,,,,,0,0,0,300.0,0,0,0,0,0,0.0,3,0,0,0,1,0,0.0,0.0,0,0,0,0,0,0,0,0,0,0,0,0,0,0,0,0,0,0,0,0,1,0,2,0,0,0,2,0
https://www.beko.com.tr/ankastre-surgulu-aspirator/p-38-tb-ankastre-aspiratorler,P 38 TB Ankastre Sürgülü Aspiratör,6270.0,23,Ankastre Surgulu Aspirator,Ankastre,Ankastre Aspiratörler,30.1,60.0,18.0,,0,0,0,50.0,0,0,0,,,,,,,0,,,0,,0,0,0,0,0,0,0,0,0,,0,0,0,0,0,0,,,,0,0,0,,0,0,0,0,0,0,0,,,0,0,,0,0,0,0,0,0,0,0,0,0,0,,,0,0,0,,2.0,1,2.0,0,0,0,0,0,0,0,0,,,,,,,,0,0,,,,0,0,0,0,0,0,0,0,0,,,,0,0,,0,0,0,0,,,0,0,,,0,0,,0,0,0,0,0,0,0,0,,0,0,0,0,0,0,0,,,0,0,0,0,,0,,0,0,0,,,,0,0,0,0,,0,0,0,,,,,0,0,0,0,,0,,0,,0,0,0,0,0,,0,0,0,,,0,0,0,0,0,0,0,,0,0,,0,0,,0,0,0,,,,,0,0,0,0,,0,0,0,0,0,0,0,0,0,0,0,1,0,0,0,0,0,5.2,,4.0,,,,,0,0,0,300.0,0,0,0,0,0,0.0,3,0,1,0,1,0,0.0,0.0,0,0,0,0,0,0,0,0,0,0,0,0,0,0,0,0,0,0,0,0,1,0,2,0,0,0,2,0
https://www.beko.com.tr/ankastre-surgulu-aspirator/p-38-ts-ankastre-aspiratorler,P 38 TS Ankastre Sürgülü Aspiratör,6270.0,9,Ankastre Surgulu Aspirator,Ankastre,Ankastre Aspiratörler,30.1,60.0,18.0,,0,0,0,50.0,0,0,0,,,,,,,0,,,0,,0,0,0,0,0,0,0,0,0,,0,0,0,0,0,0,,,,0,0,0,,0,0,0,0,0,0,0,,,0,0,,0,0,0,0,0,0,0,0,0,0,0,,,0,0,0,,2.0,1,2.0,0,0,0,0,0,0,0,0,,,,,,,,0,0,,,,0,0,0,0,0,0,0,0,0,,,,0,0,,0,0,0,0,,,0,0,,,0,0,,0,0,0,0,0,0,0,0,,0,0,0,0,0,0,0,,,0,0,0,0,,0,,0,0,0,,,,0,0,0,0,,0,0,0,,,,,0,0,0,0,,0,,0,,0,0,0,0,0,,0,0,0,,,0,0,0,0,0,0,0,,0,0,,0,0,,0,0,0,,,,,0,0,0,0,,0,0,0,0,0,0,0,1,0,0,0,0,0,0,0,0,0,5.2,,4.0,,,,,0,0,0,300.0,0,0,0,0,0,0.0,3,0,1,0,1,0,0.0,0.0,0,0,0,0,0,0,0,0,0,0,0,0,0,0,0,0,0,0,0,0,1,0,2,0,0,0,2,0
https://www.beko.com.tr/ankastre-surgulu-aspirator/p-38-ti-ankastre-aspiratorler,P 38 TI Ankastre Sürgülü Aspiratör,6270.0,19,Ankastre Surgulu Aspirator,Ankastre,Ankastre Aspiratörler,30.1,60.0,18.0,,0,0,0,50.0,0,0,0,,,,,,,0,,,0,,0,0,0,0,0,0,0,0,0,,0,0,0,0,0,0,,,,0,0,0,,0,0,0,0,0,0,0,,,0,0,,0,0,0,0,0,0,0,0,0,0,0,,,0,0,0,,2.0,1,2.0,0,0,0,0,0,0,0,0,,,,,,,,0,0,,,,0,0,0,0,0,0,0,0,0,,,,0,0,,0,0,0,0,,,0,0,,,0,0,,0,0,0,0,0,0,0,0,,0,0,0,0,0,0,0,,,0,0,0,0,,0,,0,0,0,,,,0,0,0,0,,0,0,0,,,,,0,0,0,0,,0,,0,,0,0,0,0,0,,0,0,0,,,0,0,0,0,0,0,0,,0,0,,0,0,,0,0,0,,,,,0,0,0,0,,0,0,0,0,0,0,0,0,1,0,0,0,0,0,0,0,0,5.2,,4.0,,,,,0,0,0,300.0,0,0,0,0,0,0.0,3,0,1,0,1,0,0.0,0.0,0,0,0,0,0,0,0,0,0,0,0,0,0,0,0,0,0,0,0,0,1,0,2,0,0,0,2,0
https://www.beko.com.tr/ankastre-surgulu-aspirator/p-38-tg-ankastre-aspiratorler,P 38 TG Ankastre Sürgülü Aspiratör,6270.0,6,Ankastre Surgulu Aspirator,Ankastre,Ankastre Aspiratörler,30.1,60.0,18.0,,0,0,0,50.0,0,0,0,,,,,,,0,,,0,,0,0,0,0,0,0,0,0,0,,0,0,0,0,0,0,,,,0,0,0,,0,0,0,0,0,0,0,,,0,0,,0,0,0,0,0,0,0,0,0,0,0,,,0,0,0,,2.0,1,2.0,0,0,0,0,0,0,0,0,,,,,,,,0,0,,,,0,0,0,0,0,0,0,0,0,,,,0,0,,0,0,0,0,,,0,0,,,0,0,,0,0,0,0,0,0,0,0,,0,0,0,0,0,0,0,,,0,0,0,0,,0,,0,0,0,,,,0,0,0,0,,0,0,0,,,,,0,0,0,0,,0,,0,,0,0,0,0,0,,0,0,0,,,0,0,0,0,0,0,0,,0,0,,0,0,,0,0,0,,,,,0,0,0,0,,0,0,0,0,0,0,0,0,1,0,0,0,0,0,0,0,0,5.2,,4.0,,,,,0,0,0,300.0,0,0,0,0,0,0.0,3,0,1,0,1,0,0.0,0.0,0,0,0,0,0,0,0,0,0,0,0,0,0,0,0,0,0,0,0,0,1,0,2,0,0,0,2,0
https://www.beko.com.tr/gomme-aspirator/adg-51310-i-ankastre-aspiratorler,ADG 51310 I Gömme Aspiratör,10350.0,18,Gomme Aspirator,Ankastre,Ankastre Aspiratörler,31.0,53.0,24.0,,0,0,0,49.0,0,0,0,,,,,,,0,,,0,,0,0,0,0,0,0,0,0,0,,0,0,0,0,0,0,,,,0,0,0,,0,0,0,0,0,0,0,,,0,0,,0,0,0,0,0,0,0,0,0,0,0,,,0,0,0,,2.0,1,2.0,0,0,0,0,0,0,0,0,,,,,,,,0,0,,,,0,0,0,0,0,0,0,0,0,,,,0,0,,0,0,0,0,,,0,0,,,0,0,,0,0,0,0,0,0,0,0,,0,0,0,0,0,0,0,,,0,0,0,0,,0,,0,0,0,,,,0,0,0,0,,0,0,0,,,,,0,0,0,0,,0,,0,,0,0,0,0,0,,0,0,0,,,0,0,0,0,0,0,0,,0,0,,0,0,,0,0,0,,,,,0,0,0,0,,0,0,0,0,0,0,0,0,1,0,0,0,0,0,0,0,0,6.6,,3.0,,,,,0,0,0,381.0,0,0,0,0,0,0.0,2,0,0,0,0,0,0.0,0.0,0,0,0,0,0,0,0,0,0,0,0,0,0,0,0,0,0,0,0,0,2,0,1,0,0,0,2,0
https://www.beko.com.tr/gomme-aspirator/adg-71310-i-ankastre-aspiratorler,ADG 71310 I Gömme Aspiratör,11490.0,13,Gomme Aspirator,Ankastre,Ankastre Aspiratörler,31.0,79.0,24.0,,0,0,0,52.0,0,0,0,,,,,,,0,,,0,,0,0,0,0,0,0,0,0,0,,0,0,0,0,0,0,,,,0,0,0,,0,0,0,0,0,0,0,,,0,0,,0,0,0,0,0,0,0,0,0,0,0,,,0,0,0,,3.0,1,2.0,0,0,0,0,0,0,0,0,,,,,,,,0,0,,,,0,0,0,0,0,0,0,0,0,,,,0,0,,0,0,0,0,,,0,0,,,0,0,,0,0,0,0,0,0,0,0,,0,0,0,0,0,0,0,,,0,0,0,0,,0,,0,0,0,,,,0,0,0,0,,0,0,0,,,,,0,0,0,0,,0,,0,,0,0,0,0,0,,0,0,0,,,0,0,0,0,0,0,0,,0,0,,0,0,,0,0,0,,,,,0,0,0,0,,0,0,0,0,0,0,0,0,1,0,0,0,0,0,0,0,0,7.9,,3.0,,,,,0,0,0,415.0,0,0,0,0,0,0.0,2,0,0,0,0,0,0.0,0.0,0,0,0,0,0,0,0,0,0,0,0,0,0,0,0,0,0,0,0,0,2,0,0,0,0,0,2,0
https://www.beko.com.tr/ankastre-surgulu-aspirator/p-41-tg-ankastre-aspiratorler,P 41 TG Ankastre Sürgülü Aspiratör,8910.0,11,Ankastre Surgulu Aspirator,Ankastre,Ankastre Aspiratörler,30.1,60.0,18.0,,0,0,0,50.0,0,0,0,,,,,,,0,,,0,,0,0,0,0,0,0,0,0,0,,0,0,0,0,0,0,,,,0,0,0,,0,0,0,0,0,0,0,,,0,0,,0,0,0,0,0,0,0,0,0,0,0,,,0,0,0,,2.0,1,2.0,0,0,0,0,0,0,0,0,,,,,,,,0,0,,,,0,0,0,0,0,0,0,0,0,,,,0,0,,0,0,0,0,,,0,0,,,0,0,,0,0,0,0,0,0,0,0,,0,0,0,0,0,0,0,,,0,0,0,0,,0,,0,0,0,,,,0,0,0,0,,0,0,0,,,,,0,0,0,0,,0,,0,,0,0,0,0,0,,0,0,0,,,0,0,0,0,0,0,0,,0,0,,0,0,,0,0,0,,,,,0,0,0,0,,0,0,0,0,0,0,0,0,1,0,0,0,0,0,0,0,0,5.2,,4.0,,,,,0,0,0,300.0,0,0,0,0,0,0.0,3,0,0,0,1,0,0.0,0.0,0,0,0,0,0,0,0,0,0,0,0,0,0,0,0,0,0,0,0,0,1,0,2,0,0,0,2,0
https://www.beko.com.tr/ankastre-surgulu-aspirator/p-41-tb-ankastre-aspiratorler,P 41 TB Ankastre Sürgülü Aspiratör,8910.0,6,Ankastre Surgulu Aspirator,Ankastre,Ankastre Aspiratörler,30.1,60.0,18.0,,0,0,0,50.0,0,0,0,,,,,,,0,,,0,,0,0,0,0,0,0,0,0,0,,0,0,0,0,0,0,,,,0,0,0,,0,0,0,0,0,0,0,,,0,0,,0,0,0,0,0,0,0,0,0,0,0,,,0,0,0,,2.0,1,2.0,0,0,0,0,0,0,0,0,,,,,,,,0,0,,,,0,0,0,0,0,0,0,0,0,,,,0,0,,0,0,0,0,,,0,0,,,0,0,,0,0,0,0,0,0,0,0,,0,0,0,0,0,0,0,,,0,0,0,0,,0,,0,0,0,,,,0,0,0,0,,0,0,0,,,,,0,0,0,0,,0,,0,,0,0,0,0,0,,0,0,0,,,0,0,0,0,0,0,0,,0,0,,0,0,,0,0,0,,,,,0,0,0,0,,0,0,0,0,0,0,0,0,0,0,0,1,0,0,0,0,0,5.2,,4.0,,,,,0,0,0,300.0,0,0,0,0,0,0.0,3,0,0,0,1,0,0.0,0.0,0,0,0,0,0,0,0,0,0,0,0,0,0,0,0,0,0,0,0,0,1,0,2,0,0,0,2,0
https://www.beko.com.tr/gomme-aspirator/bag-5230-i-ankastre-aspiratorler,BAG 5230 I Gömme Aspiratör,9510.0,0,Gomme Aspirator,Ankastre,Ankastre Aspiratörler,232.0,52.0,28.0,,0,0,0,51.0,0,0,0,,,,,,,0,,,0,,0,0,0,0,0,0,0,0,0,,0,0,0,0,0,0,,,,0,0,0,,0,0,0,0,0,0,0,,,0,0,,0,0,0,0,0,0,0,0,0,0,0,,,0,0,0,,1.0,1,2.0,0,0,0,0,0,0,0,0,,,,,,,,0,0,,,,0,0,0,0,0,0,0,0,0,,,,0,0,,0,0,0,0,,,0,0,,,0,0,,0,0,0,0,0,0,0,0,,0,0,0,0,0,0,0,,,0,0,0,0,,0,,0,0,0,,,,0,0,0,0,,0,0,0,,,,,0,0,0,0,,0,,0,,0,0,0,0,0,,0,0,0,,,0,0,0,0,0,0,0,,0,0,,0,0,,0,0,0,,,,,0,0,0,0,,0,0,0,0,0,0,0,0,1,0,0,0,0,0,0,0,0,6.6,,4.0,,,,,0,0,0,358.0,0,0,0,0,0,0.0,2,0,2,0,0,0,0.0,0.0,0,0,0,0,0,0,0,0,0,0,0,0,0,0,0,0,0,0,0,0,2,0,1,0,0,0,2,0
https://www.beko.com.tr/gomme-aspirator/bag-7230-i-ankastre-aspiratorler,BAG 7230 I Gömme Aspiratör,10590.0,1,Gomme Aspirator,Ankastre,Ankastre Aspiratörler,233.0,72.0,28.0,,0,0,0,52.0,0,0,0,,,,,,,0,,,0,,0,0,0,0,0,0,0,0,0,,0,0,0,0,0,0,,,,0,0,0,,0,0,0,0,0,0,0,,,0,0,,0,0,0,0,0,0,0,0,0,0,0,,,0,0,0,,2.0,1,2.0,0,0,0,0,0,0,0,0,,,,,,,,0,0,,,,0,0,0,0,0,0,0,0,0,,,,0,0,,0,0,0,0,,,0,0,,,0,0,,0,0,0,0,0,0,0,0,,0,0,0,0,0,0,0,,,0,0,0,0,,0,,0,0,0,,,,0,0,0,0,,0,0,0,,,,,0,0,0,0,,0,,0,,0,0,0,0,0,,0,0,0,,,0,0,0,0,0,0,0,,0,0,,0,0,,0,0,0,,,,,0,0,0,0,,0,0,0,0,0,0,0,0,1,0,0,0,0,0,0,0,0,7.9,,4.0,,,,,0,0,0,365.0,0,0,0,0,0,0.0,2,0,2,0,0,0,0.0,0.0,0,0,0,0,0,0,0,0,0,0,0,0,0,0,0,0,0,0,0,0,2,0,1,0,0,0,2,0
https://www.beko.com.tr/yari-ankastre-bulasik-makinesi/bbm-350-i-ankastre-bulasik-makineleri,BBM 350 I Yarı Ankastre Bulaşık Makinesi,30359.0,21,Yari Ankastre Bulasik Makinesi,Beyaz Eşya,Bulaşık Makinesi,57.0,60.0,82.0,,0,0,0,49.0,0,0,0,,,262000.0,,,,0,,,0,13.0,0,0,0,0,0,0,0,0,0,,0,1,0,1,1,1,2.0,0.937,12.9,1,1,0,,0,0,0,0,0,0,0,,,0,0,,0,0,0,0,0,0,0,0,0,0,0,,,0,0,0,,,0,,0,0,0,0,1,1,0,0,,,,,,,,0,0,,,,0,0,0,0,0,0,0,0,0,,,,0,0,,0,0,0,0,,,0,0,,,0,0,,0,0,0,0,0,0,0,0,,0,0,0,0,0,0,0,,,0,0,0,0,,0,,0,0,0,,,,0,0,0,0,,0,0,0,,,,,0,0,0,0,,0,,0,,0,0,0,0,0,,0,0,0,,,0,0,0,0,0,0,0,,0,0,,0,0,,0,0,0,,,,,0,0,0,0,,0,0,0,0,0,0,0,0,1,0,0,0,0,0,0,0,0,35.3,,2100.0,,,,,4,5,0,,0,0,0,0,0,0.0,1,0,0,0,1,0,0.0,0.0,0,0,0,1,0,0,0,0,0,0,0,0,0,0,0,0,0,0,0,0,0,0,0,0,0,1,6,1
https://www.beko.com.tr/tam-ankastre-bulasik-makinesi/bb-251-ankastre-bulasik-makineleri,BB 251 Tam Ankastre Bulaşık Makinesi,32339.0,12,Tam Ankastre Bulasik Makinesi,Beyaz Eşya,Bulaşık Makinesi,55.0,60.0,82.0,,0,0,0,45.0,0,0,0,,,,,,,0,,,0,14.0,0,0,0,0,0,0,0,0,0,,0,1,1,1,0,1,2.0,0.849,9.9,1,1,0,,0,0,0,0,0,0,0,,,0,0,,0,0,0,0,0,0,0,0,0,0,0,,,0,0,0,,,0,,0,0,0,0,1,0,0,0,,,,,,,,0,0,,,,0,0,0,0,0,0,0,0,0,,,,0,0,,0,0,0,0,,,0,0,,,0,0,,0,0,0,0,0,0,0,0,,0,0,0,0,0,0,0,,,0,0,0,0,,0,,0,0,0,,,,0,0,0,0,,0,0,0,,,,,0,0,0,0,,0,,0,,0,0,0,0,0,,0,0,0,,,0,0,0,0,0,0,0,,0,0,,0,0,,0,0,0,,,,,0,0,0,0,,0,0,0,0,0,0,0,0,0,0,0,0,0,0,0,0,0,38.6,,2100.0,,,,,4,4,0,,0,0,0,0,0,0.0,2,0,0,0,1,0,0.0,0.0,0,0,0,1,0,0,0,0,0,0,0,0,0,0,0,0,0,0,0,0,0,0,0,0,0,1,12,1
https://www.beko.com.tr/tam-ankastre-bulasik-makinesi/bb-252-ankastre-bulasik-makineleri,BB 252 Tam Ankastre Bulaşık Makinesi,36119.0,16,Tam Ankastre Bulasik Makinesi,Beyaz Eşya,Bulaşık Makinesi,55.0,60.0,82.0,,0,0,0,44.0,0,0,0,,,,,,,0,,,0,16.0,0,0,0,0,0,0,0,0,0,,0,1,1,1,1,1,4.0,0.768,9.5,1,1,1,,0,0,0,0,0,0,0,,,0,0,,0,0,0,0,0,0,0,0,0,0,0,,,0,0,0,,,0,,0,0,0,0,1,1,0,0,,,,,,,,0,0,,,,0,0,0,0,0,0,0,0,0,,,,0,0,,0,0,0,0,,,0,0,,,0,0,,0,0,0,0,0,0,0,0,,0,0,0,0,0,0,0,,,0,0,0,0,,0,,0,0,0,,,,0,0,0,0,,0,0,0,,,,,0,0,0,0,,0,,0,,0,0,0,0,0,,0,0,0,,,0,0,0,0,0,0,0,,0,0,,0,0,,0,0,0,,,,,0,0,0,0,,0,0,0,0,0,0,0,0,0,0,0,0,0,0,0,0,0,38.5,,2100.0,,,,,6,8,0,,0,0,0,0,1,0.0,3,0,0,0,3,0,0.0,0.0,0,0,0,1,0,0,0,0,0,0,0,0,0,0,0,0,0,0,0,0,0,0,0,0,0,2,22,1
https://www.beko.com.tr/tezgah-alti-bulasik-makinesi/bbc-181-b-ankastre-bulasik-makineleri,BBC 181 B Tezgah Altı Bulaşık Makinesi,40949.0,25,Tezgah Alti Bulasik Makinesi,Beyaz Eşya,Bulaşık Makinesi,57.0,60.0,82.0,,0,0,0,46.0,0,0,0,,,,,,,0,,,0,14.0,0,0,0,0,0,0,0,0,0,,0,1,1,1,0,1,2.0,0.747,9.5,1,1,1,,0,0,0,0,0,0,0,,,0,0,,0,0,0,0,0,0,0,0,0,0,0,,,0,0,0,,,0,,0,0,0,0,1,1,0,0,,,,,,,,0,0,,,,0,0,0,0,0,0,0,0,0,,,,0,0,,0,0,0,0,,,0,0,,,0,0,,0,0,0,0,0,0,0,0,,0,0,0,0,0,0,0,,,0,0,0,0,,0,,0,0,0,,,,0,0,0,0,,0,0,0,,,,,0,0,0,0,,0,,0,,0,0,0,0,0,,0,0,0,,,0,0,0,0,0,0,0,,0,0,,0,0,,0,0,0,,,,,0,0,0,0,,0,0,0,0,0,0,0,0,0,0,0,1,0,0,0,0,0,42.7,,2100.0,,,,,5,9,0,,0,0,0,0,0,0.0,3,0,0,0,3,0,0.0,0.0,0,0,0,1,0,0,0,0,0,0,0,0,0,0,0,0,0,0,0,0,0,0,0,0,0,2,16,1
https://www.beko.com.tr/tezgah-alti-bulasik-makinesi/bbm-162-d-ankastre-bulasik-makineleri,BBM 162 D Tezgah Altı Bulaşık Makinesi,33569.0,0,Tezgah Alti Bulasik Makinesi,Beyaz Eşya,Bulaşık Makinesi,57.0,60.0,82.0,,0,0,0,45.0,0,0,0,,,,,,,0,,,0,14.0,0,0,0,0,0,0,0,0,0,,0,1,1,1,1,1,2.0,0.849,9.9,1,1,1,,0,0,0,0,0,0,0,,,0,0,,0,0,0,0,0,0,0,0,0,0,0,,,0,0,0,,,0,,0,0,0,0,1,1,0,0,,,,,,,,0,0,,,,0,0,0,0,0,0,0,0,0,,,,0,0,,0,0,0,0,,,0,0,,,0,0,,0,0,0,0,0,0,0,0,,0,0,0,0,0,0,0,,,0,0,0,0,,0,,0,0,0,,,,0,0,0,0,,0,0,0,,,,,0,0,0,0,,0,,0,,0,0,0,0,0,,0,0,0,,,0,0,0,0,0,0,0,,0,0,,0,0,,0,0,0,,,,,0,0,0,0,,0,0,0,0,0,0,0,0,1,0,0,0,0,0,0,0,0,41.5,,2100.0,,,,,5,6,0,,0,0,0,0,0,0.0,2,0,0,0,1,0,0.0,0.0,0,0,0,1,0,0,0,0,0,0,0,0,0,0,0,0,0,0,0,0,0,0,0,0,0,2,10,1
https://www.beko.com.tr/tezgah-alti-bulasik-makinesi/bma-6341-i-ankastre-bulasik-makineleri,BMA 6341 I Tezgah Altı Bulaşık Makinesi,32249.0,4,Tezgah Alti Bulasik Makinesi,Beyaz Eşya,Bulaşık Makinesi,57.0,60.0,82.0,,0,0,0,45.0,0,0,0,,,,,,,0,,,0,14.0,0,0,0,0,0,0,0,0,0,,0,1,1,1,1,1,2.0,0.849,9.9,1,1,1,,0,0,0,0,0,0,0,,,0,0,,0,0,0,0,0,0,0,0,0,0,0,,,0,0,0,,,0,,0,0,0,0,1,1,0,0,,,,,,,,0,0,,,,0,0,0,0,0,0,0,0,0,,,,0,0,,0,0,0,0,,,0,0,,,0,0,,0,0,0,0,0,0,0,0,,0,0,0,0,0,0,0,,,0,0,0,0,,0,,0,0,0,,,,0,0,0,0,,0,0,0,,,,,0,0,0,0,,0,,0,,0,0,0,0,0,,0,0,0,,,0,0,0,0,0,0,0,,0,0,,0,0,,0,0,0,,,,,0,0,0,0,,0,0,0,0,0,0,0,0,1,0,0,0,0,0,0,0,0,42.0,,2100.0,,,,,5,6,0,,0,0,0,0,0,0.0,2,0,0,0,1,0,0.0,0.0,0,0,0,1,0,0,0,0,0,0,0,0,0,0,0,0,0,0,0,0,0,0,0,0,0,2,11,1
https://www.beko.com.tr/tezgah-alti-bulasik-makinesi/bbc-161-s-ankastre-bulasik-makineleri,BBC 161 S Tezgah Altı Bulaşık Makinesi,37589.0,1,Tezgah Alti Bulasik Makinesi,Beyaz Eşya,Bulaşık Makinesi,57.0,60.0,82.0,,0,0,0,45.0,0,0,0,,,,,,,0,,,0,14.0,0,0,0,0,0,0,0,0,0,,0,1,1,1,1,1,2.0,0.849,9.9,1,1,1,,0,0,0,0,0,0,0,,,0,0,,0,0,0,0,0,0,0,0,0,0,0,,,0,0,0,,,0,,0,0,0,0,1,1,0,0,,,,,,,,0,0,,,,0,0,0,0,0,0,0,0,0,,,,0,0,,0,0,0,0,,,0,0,,,0,0,,0,0,0,0,0,0,0,0,,0,0,0,0,0,0,0,,,0,0,0,0,,0,,0,0,0,,,,0,0,0,0,,0,0,0,,,,,0,0,0,0,,0,,0,,0,0,0,0,0,,0,0,0,,,0,0,0,0,0,0,0,,0,0,,0,0,,0,0,0,,,,,0,0,0,0,,0,0,0,0,0,0,0,1,0,0,0,0,0,0,0,0,0,44.3,,2100.0,,,,,5,6,0,,0,0,0,0,0,0.0,2,0,0,0,1,0,0.0,0.0,0,0,0,1,0,0,0,0,0,0,0,0,0,0,0,0,0,0,0,0,0,0,0,0,0,2,10,1
https://www.beko.com.tr/tezgah-alti-bulasik-makinesi/bbc-161-b-ankastre-bulasik-makineleri,BBC 161 B Tezgah Altı Bulaşık Makinesi,37589.0,1,Tezgah Alti Bulasik Makinesi,Beyaz Eşya,Bulaşık Makinesi,57.0,60.0,82.0,,0,0,0,45.0,0,0,0,,,,,,,0,,,0,14.0,0,0,0,0,0,0,0,0,0,,0,1,1,1,1,1,2.0,0.849,9.9,1,1,1,,0,0,0,0,0,0,0,,,0,0,,0,0,0,0,0,0,0,0,0,0,0,,,0,0,0,,,0,,0,0,0,0,1,1,0,0,,,,,,,,0,0,,,,0,0,0,0,0,0,0,0,0,,,,0,0,,0,0,0,0,,,0,0,,,0,0,,0,0,0,0,0,0,0,0,,0,0,0,0,0,0,0,,,0,0,0,0,,0,,0,0,0,,,,0,0,0,0,,0,0,0,,,,,0,0,0,0,,0,,0,,0,0,0,0,0,,0,0,0,,,0,0,0,0,0,0,0,,0,0,,0,0,,0,0,0,,,,,0,0,0,0,,0,0,0,0,0,0,0,0,0,0,0,1,0,0,0,0,0,44.5,,2100.0,,,,,5,6,0,,0,0,0,0,0,0.0,2,0,0,0,1,0,0.0,0.0,0,0,0,1,0,0,0,0,0,0,0,0,0,0,0,0,0,0,0,0,0,0,0,0,0,2,11,1
https://www.beko.com.tr/tam-ankastre-bulasik-makinesi/bb-240-ankastre-bulasik-makineleri,BB 240 Tam Ankastre Bulaşık Makinesi,28349.0,12,Tam Ankastre Bulasik Makinesi,Beyaz Eşya,Bulaşık Makinesi,55.0,60.0,82.0,,0,0,0,48.0,0,0,0,,,,,,,0,,,0,13.0,0,0,0,0,0,0,0,0,0,,0,1,0,1,1,1,2.0,0.836,12.9,1,1,0,,0,0,0,0,0,0,0,,,0,0,,0,0,0,0,0,0,0,0,0,0,0,,,0,0,0,,,0,,0,0,0,0,1,1,0,0,,,,,,,,0,0,,,,0,0,0,0,0,0,0,0,0,,,,0,0,,0,0,0,0,,,0,0,,,0,0,,0,0,0,0,0,0,0,0,,0,0,0,0,0,0,0,,,0,0,0,0,,0,,0,0,0,,,,0,0,0,0,,0,0,0,,,,,0,0,0,0,,0,,0,,0,0,0,0,0,,0,0,0,,,0,0,0,0,0,0,0,,0,0,,0,0,,0,0,0,,,,,0,0,0,0,,0,0,0,0,0,0,0,0,0,0,0,0,0,0,0,0,0,34.1,,2100.0,,,,,4,5,0,,0,0,0,0,0,0.0,2,0,0,0,1,0,0.0,0.0,0,0,0,1,0,0,0,0,0,0,0,0,0,0,0,0,0,0,0,0,0,0,0,0,0,1,5,1
https://www.beko.com.tr/tezgah-alti-bulasik-makinesi/bbc-161-g-ankastre-bulasik-makineleri,BBC 161 G Tezgah Altı Bulaşık Makinesi,37589.0,4,Tezgah Alti Bulasik Makinesi,Beyaz Eşya,Bulaşık Makinesi,57.0,60.0,82.0,,0,0,0,45.0,0,0,0,,,,,,,0,,,0,14.0,0,0,0,0,0,0,0,0,0,,0,1,1,1,1,1,2.0,0.849,9.9,1,1,1,,0,0,0,0,0,0,0,,,0,0,,0,0,0,0,0,0,0,0,0,0,0,,,0,0,0,,,0,,0,0,0,0,1,1,0,0,,,,,,,,0,0,,,,0,0,0,0,0,0,0,0,0,,,,0,0,,0,0,0,0,,,0,0,,,0,0,,0,0,0,0,0,0,0,0,,0,0,0,0,0,0,0,,,0,0,0,0,,0,,0,0,0,,,,0,0,0,0,,0,0,0,,,,,0,0,0,0,,0,,0,,0,0,0,0,0,,0,0,0,,,0,0,0,0,0,0,0,,0,0,,0,0,,0,0,0,,,,,0,0,0,0,,0,0,0,0,0,0,0,0,1,0,0,0,0,0,0,0,0,44.2,,2100.0,,,,,5,6,0,,0,0,0,0,0,0.0,2,0,0,0,1,0,0.0,0.0,0,0,0,1,0,0,0,0,0,0,0,0,0,0,0,0,0,0,0,0,0,0,0,0,0,2,10,1
https://www.beko.com.tr/fitfry-buhar-destekli-firin/bfc-632-b-ankastre-firin,BFC 632 B FitFry Buhar Destekli Fırın,30242.0,30,Fitfry Buhar Destekli Firin,Beyaz Eşya,Fırın,57.0,59.0,60.0,,0,0,0,,0,0,0,,,,,,,0,,,0,,0,0,0,0,0,0,0,0,0,,0,0,0,0,0,0,,,,0,0,0,,0,0,0,0,0,0,0,,72.0,0,1,3.0,1,0,1,1,0,1,0,0,1,1,1,,,0,0,0,,,0,,0,0,0,0,0,0,0,0,,,,,,,,0,0,,,,0,0,0,0,0,0,0,0,0,,,,0,0,,0,0,0,0,,,0,0,,,0,0,,0,0,0,0,0,0,0,0,,0,0,0,0,0,0,0,,,0,0,0,0,,0,,0,0,0,,,,0,0,0,0,,0,0,0,,,,,0,0,0,0,,0,,0,,0,0,0,0,0,,0,0,0,,,0,0,0,0,0,0,0,,0,0,,0,0,,0,0,0,,,,,0,0,0,0,,0,0,0,0,0,0,0,0,0,0,0,1,0,0,0,0,0,,,,,,,,0,5,1,,0,0,0,0,1,0.0,6,0,0,0,0,0,0.0,0.0,0,0,0,0,0,0,0,0,0,0,0,0,0,0,0,0,0,0,3,0,0,0,0,0,0,0,1,0
https://www.beko.com.tr/buhar-destekli-firin/bfc-431-b-ankastre-firin,BFC 431 B Buhar Destekli Fırın,26193.0,37,Buhar Destekli Firin,Beyaz Eşya,Fırın,57.0,59.0,60.0,,0,0,0,,0,0,0,,,,,,,0,,,0,,0,0,0,0,0,0,0,0,0,,0,0,0,0,0,0,,,,0,0,0,,0,0,0,0,0,0,0,,72.0,0,1,3.0,1,0,1,1,1,1,0,0,1,0,1,,,0,0,0,,,0,,0,0,0,0,0,0,0,0,,,,,,,,0,0,,,,0,0,0,0,0,0,0,0,0,,,,0,0,,0,0,0,0,,,0,0,,,0,0,,0,0,0,0,0,0,0,0,,0,0,0,0,0,0,0,,,0,0,0,0,,0,,0,0,0,,,,0,0,0,0,,0,0,0,,,,,0,0,0,0,,0,,0,,0,0,0,0,0,,0,0,0,,,0,0,0,0,0,0,0,,0,0,,0,0,,0,0,0,,,,,0,0,0,0,,0,0,0,0,0,0,0,0,0,0,0,1,0,0,0,0,0,,,,,,,,0,4,1,,0,0,0,0,0,0.0,5,0,0,0,0,0,0.0,0.0,0,0,0,0,0,0,0,0,0,0,0,0,0,0,0,0,0,0,3,0,0,0,0,0,0,0,1,0
https://www.beko.com.tr/fitfry-buhar-destekli-firin/bfc-631-b-ankastre-firin,BFC 631 B FitFry Buhar Destekli Fırın,31701.0,127,Fitfry Buhar Destekli Firin,Beyaz Eşya,Fırın,57.0,59.0,60.0,,0,0,0,,0,0,0,,,,,,,0,,,0,,0,0,0,0,0,0,0,0,0,,0,0,0,0,0,0,,,,0,0,0,,0,0,0,0,0,0,0,,72.0,1,1,3.0,0,1,0,1,0,1,0,0,1,1,1,,,0,0,0,,,0,,0,0,0,0,0,0,0,0,,,,,,,,0,0,,,,0,0,0,0,0,0,0,0,0,,,,0,0,,0,0,0,0,,,0,0,,,0,0,,0,0,0,0,0,0,0,0,,0,0,0,0,0,0,0,,,0,0,0,0,,0,,0,0,0,,,,0,0,0,0,,0,0,0,,,,,0,0,0,0,,0,,0,,0,0,0,0,0,,0,0,0,,,0,0,0,0,0,0,0,,0,0,,0,0,,0,0,0,,,,,0,0,0,0,,0,0,0,0,0,0,0,0,0,0,0,1,0,0,0,0,0,,,,,,,,0,4,1,,0,0,0,0,0,0.0,6,0,0,0,0,0,0.0,0.0,0,0,0,0,0,0,0,0,0,0,0,0,0,0,0,0,0,0,3,0,0,0,0,0,0,0,1,0
https://www.beko.com.tr/fitfry-buhar-destekli-firin/bfc-631-g-ankastre-firin,BFC 631 G FitFry Buhar Destekli Fırın,31701.0,104,Fitfry Buhar Destekli Firin,Beyaz Eşya,Fırın,57.0,59.0,60.0,,0,0,0,,0,0,0,,,,,,,0,,,0,,0,0,0,0,0,0,0,0,0,,0,0,0,0,0,0,,,,0,0,0,,0,0,0,0,0,0,0,,72.0,1,1,3.0,0,1,0,1,0,1,0,0,1,1,1,,,0,0,0,,,0,,0,0,0,0,0,0,0,0,,,,,,,,0,0,,,,0,0,0,0,0,0,0,0,0,,,,0,0,,0,0,0,0,,,0,0,,,0,0,,0,0,0,0,0,0,0,0,,0,0,0,0,0,0,0,,,0,0,0,0,,0,,0,0,0,,,,0,0,0,0,,0,0,0,,,,,0,0,0,0,,0,,0,,0,0,0,0,0,,0,0,0,,,0,0,0,0,0,0,0,,0,0,,0,0,,0,0,0,,,,,0,0,0,0,,0,0,0,0,0,0,0,0,1,0,0,0,0,0,0,0,0,,,,,,,,0,4,1,,0,0,0,0,0,0.0,6,0,0,0,0,0,0.0,0.0,0,0,0,0,0,0,0,0,0,0,0,0,0,0,0,0,0,0,3,0,0,0,0,0,0,0,1,0
https://www.beko.com.tr/ankastre-standart-firin/bfc-330-b-ankastre-firin,BFC 330 B Ankastre Standart Fırın,23519.0,59,Ankastre Standart Firin,Beyaz Eşya,Fırın,57.0,59.0,60.0,,0,0,0,,0,0,0,,,,,,,0,,,0,,0,0,0,0,0,0,0,0,0,,0,0,0,0,0,0,,,,0,0,0,,0,0,0,0,0,0,0,,72.0,0,1,3.0,1,0,1,0,1,1,0,0,0,0,1,,,0,0,0,,,0,,0,0,0,0,0,0,0,0,,,,,,,,0,0,,,,0,0,0,0,0,0,0,0,0,,,,0,0,,0,0,0,0,,,0,0,,,0,0,,0,0,0,0,0,0,0,0,,0,0,0,0,0,0,0,,,0,0,0,0,,0,,0,0,0,,,,0,0,0,0,,0,0,0,,,,,0,0,0,0,,0,,0,,0,0,0,0,0,,0,0,0,,,0,0,0,0,0,0,0,,0,0,,0,0,,0,0,0,,,,,0,0,0,0,,0,0,0,0,0,0,0,0,0,0,0,1,0,0,0,0,0,,,,,,,,0,4,1,,0,0,0,0,0,0.0,5,0,0,0,0,0,0.0,0.0,0,0,0,0,0,0,0,0,0,0,0,0,0,0,0,0,0,0,3,0,0,0,0,0,0,0,1,0
https://www.beko.com.tr/ankastre-standart-firin/bfc-330-s-ankastre-firin,BFC 330 S Ankastre Standart Fırın,23519.0,29,Ankastre Standart Firin,Beyaz Eşya,Fırın,57.0,59.0,60.0,,0,0,0,,0,0,0,,,,,,,0,,,0,,0,0,0,0,0,0,0,0,0,,0,0,0,0,0,0,,,,0,0,0,,0,0,0,0,0,0,0,,72.0,0,1,3.0,1,0,1,0,1,1,0,0,0,0,1,,,0,0,0,,,0,,0,0,0,0,0,0,0,0,,,,,,,,0,0,,,,0,0,0,0,0,0,0,0,0,,,,0,0,,0,0,0,0,,,0,0,,,0,0,,0,0,0,0,0,0,0,0,,0,0,0,0,0,0,0,,,0,0,0,0,,0,,0,0,0,,,,0,0,0,0,,0,0,0,,,,,0,0,0,0,,0,,0,,0,0,0,0,0,,0,0,0,,,0,0,0,0,0,0,0,,0,0,,0,0,,0,0,0,,,,,0,0,0,0,,0,0,0,0,0,0,0,1,0,0,0,0,0,0,0,0,0,,,,,,,,0,4,1,,0,0,0,0,0,0.0,5,0,0,0,0,0,0.0,0.0,0,0,0,0,0,0,0,0,0,0,0,0,0,0,0,0,0,0,3,0,0,0,0,0,0,0,1,0
https://www.beko.com.tr/ankastre-standart-firin/bfc-330-g-ankastre-firin,BFC 330 G Ankastre Standart Fırın,23519.0,23,Ankastre Standart Firin,Beyaz Eşya,Fırın,57.0,59.0,60.0,,0,0,0,,0,0,0,,,,,,,0,,,0,,0,0,0,0,0,0,0,0,0,,0,0,0,0,0,0,,,,0,0,0,,0,0,0,0,0,0,0,,72.0,0,1,3.0,1,0,1,0,1,1,0,0,0,0,1,,,0,0,0,,,0,,0,0,0,0,0,0,0,0,,,,,,,,0,0,,,,0,0,0,0,0,0,0,0,0,,,,0,0,,0,0,0,0,,,0,0,,,0,0,,0,0,0,0,0,0,0,0,,0,0,0,0,0,0,0,,,0,0,0,0,,0,,0,0,0,,,,0,0,0,0,,0,0,0,,,,,0,0,0,0,,0,,0,,0,0,0,0,0,,0,0,0,,,0,0,0,0,0,0,0,,0,0,,0,0,,0,0,0,,,,,0,0,0,0,,0,0,0,0,0,0,0,0,1,0,0,0,0,0,0,0,0,,,,,,,,0,4,1,,0,0,0,0,0,0.0,5,0,0,0,0,0,0.0,0.0,0,0,0,0,0,0,0,0,0,0,0,0,0,0,0,0,0,0,3,0,0,0,0,0,0,0,1,0
https://www.beko.com.tr/ankastre-standart-firin/bfm-310-b-ankastre-firin,BFM 310 B Ankastre Standart Fırın,17074.0,45,Ankastre Standart Firin,Beyaz Eşya,Fırın,57.0,59.0,60.0,,0,0,0,,0,0,0,,,,,,,0,,,0,,0,0,0,0,0,0,0,0,0,,0,0,0,0,0,0,,,,0,0,0,,0,0,0,0,0,0,0,,72.0,0,1,2.0,1,0,1,0,1,1,0,0,0,0,0,,,0,0,0,,,0,,0,0,0,0,0,0,0,0,,,,,,,,0,0,,,,0,0,0,0,0,0,0,0,0,,,,0,0,,0,0,0,0,,,0,0,,,0,0,,0,0,0,0,0,0,0,0,,0,0,0,0,0,0,0,,,0,0,0,0,,0,,0,0,0,,,,0,0,0,0,,0,0,0,,,,,0,0,0,0,,0,,0,,0,0,0,0,0,,0,0,0,,,0,0,0,0,0,0,0,,0,0,,0,0,,0,0,0,,,,,0,0,0,0,,0,0,0,0,0,0,0,0,0,0,0,1,0,0,0,0,0,,,,,,,,0,4,1,,0,0,0,0,0,0.0,5,0,0,0,0,0,0.0,0.0,0,0,0,0,0,0,0,0,0,0,0,0,0,0,0,0,0,0,0,0,0,0,0,0,0,0,1,0
https://www.beko.com.tr/ankastre-standart-firin/bfm-310-s-ankastre-firin,BFM 310 S Ankastre Standart Fırın,17074.0,54,Ankastre Standart Firin,Beyaz Eşya,Fırın,57.0,59.0,60.0,,0,0,0,,0,0,0,,,,,,,0,,,0,,0,0,0,0,0,0,0,0,0,,0,0,0,0,0,0,,,,0,0,0,,0,0,0,0,0,0,0,,72.0,0,1,2.0,1,0,1,0,1,1,0,0,0,0,0,,,0,0,0,,,0,,0,0,0,0,0,0,0,0,,,,,,,,0,0,,,,0,0,0,0,0,0,0,0,0,,,,0,0,,0,0,0,0,,,0,0,,,0,0,,0,0,0,0,0,0,0,0,,0,0,0,0,0,0,0,,,0,0,0,0,,0,,0,0,0,,,,0,0,0,0,,0,0,0,,,,,0,0,0,0,,0,,0,,0,0,0,0,0,,0,0,0,,,0,0,0,0,0,0,0,,0,0,,0,0,,0,0,0,,,,,0,0,0,0,,0,0,0,0,0,0,0,1,0,0,0,0,0,0,0,0,0,,,,,,,,0,4,1,,0,0,0,0,0,0.0,5,0,0,0,0,0,0.0,0.0,0,0,0,0,0,0,0,0,0,0,0,0,0,0,0,0,0,0,0,0,0,0,0,0,0,0,1,0
https://www.beko.com.tr/ankastre-standart-firin/bfm-310-i-ankastre-firin,BFM 310 I Ankastre Standart Fırın,18149.0,39,Ankastre Standart Firin,Beyaz Eşya,Fırın,57.0,59.0,60.0,,0,0,0,,0,0,0,,,,,,,0,,,0,,0,0,0,0,0,0,0,0,0,,0,0,0,0,0,0,,,,0,0,0,,0,0,0,0,0,0,0,,72.0,0,1,2.0,1,0,1,0,1,1,0,0,0,0,0,,,0,0,0,,,0,,0,0,0,0,0,0,0,0,,,,,,,,0,0,,,,0,0,0,0,0,0,0,0,0,,,,0,0,,0,0,0,0,,,0,0,,,0,0,,0,0,0,0,0,0,0,0,,0,0,0,0,0,0,0,,,0,0,0,0,,0,,0,0,0,,,,0,0,0,0,,0,0,0,,,,,0,0,0,0,,0,,0,,0,0,0,0,0,,0,0,0,,,0,0,0,0,0,0,0,,0,0,,0,0,,0,0,0,,,,,0,0,0,0,,0,0,0,0,0,0,0,0,1,0,0,0,0,0,0,0,0,,,,,,,,0,4,1,,0,0,0,0,0,0.0,5,0,0,0,0,0,0.0,0.0,0,0,0,0,0,0,0,0,0,0,0,0,0,0,0,0,0,0,0,0,0,0,0,0,0,0,1,0
https://www.beko.com.tr/ankastre-standart-firin/bfc-210-s-ankastre-firin,BFC 210 S Ankastre Standart Fırın,15146.0,17,Ankastre Standart Firin,Beyaz Eşya,Fırın,57.0,59.0,60.0,,0,0,0,,0,0,0,,,,,,,0,,,0,,0,0,0,0,0,0,0,0,0,,0,0,0,0,0,0,,,,0,0,0,,0,0,0,0,0,0,0,,80.0,0,1,2.0,0,0,1,0,0,1,0,0,0,0,0,,,0,0,0,,,0,,0,0,0,0,0,0,0,0,,,,,,,,0,0,,,,0,0,0,0,0,0,0,0,0,,,,0,0,,0,0,0,0,,,0,0,,,0,0,,0,0,0,0,0,0,0,0,,0,0,0,0,0,0,0,,,0,0,0,0,,0,,0,0,0,,,,0,0,0,0,,0,0,0,,,,,0,0,0,0,,0,,0,,0,0,0,0,0,,0,0,0,,,0,0,0,0,0,0,0,,0,0,,0,0,,0,0,0,,,,,0,0,0,0,,0,0,0,0,0,0,0,1,0,0,0,0,0,0,0,0,0,,,,,,,,0,2,1,,0,0,0,0,0,0.0,5,0,0,0,0,0,0.0,0.0,0,0,0,0,0,0,0,0,0,0,0,0,0,0,0,0,0,0,0,0,0,0,0,0,0,0,1,0
https://www.beko.com.tr/fitfry-buhar-destekli-firin/bfc-450-a-ankastre-firin,BFC 450 A FitFry Buhar Destekli Fırın,59405.0,5,Fitfry Buhar Destekli Firin,Beyaz Eşya,Fırın,57.0,59.0,60.0,,0,0,0,,0,0,0,,,,,,,0,,,0,,0,0,0,0,0,0,0,0,0,,0,0,0,0,0,0,,,,0,0,0,,0,0,0,0,0,0,0,,72.0,0,1,3.0,1,1,1,1,1,1,0,0,1,1,1,,,0,0,0,,,0,,0,0,0,0,0,0,0,0,,,,,,,,0,0,,,,0,0,0,0,0,0,0,0,0,,,,0,0,,0,0,0,0,,,0,0,,,0,0,,0,0,0,0,0,0,0,0,,0,0,0,0,0,0,0,,,0,0,0,0,,0,,0,0,0,,,,0,0,0,0,,0,0,0,,,,,0,0,0,0,,0,,0,,0,0,0,0,0,,0,0,0,,,0,0,0,0,0,0,0,,0,0,,0,0,,0,0,0,,,,,0,0,0,0,,0,0,0,0,0,0,0,1,0,0,0,0,0,0,0,0,0,,,,,,,,0,5,1,,0,0,0,0,1,0.0,6,0,0,0,0,0,0.0,0.0,0,0,0,0,0,0,0,0,0,0,0,0,0,0,0,0,0,0,3,0,0,0,0,0,0,0,4,0
https://www.beko.com.tr/ankastre-standart-firin/bfc-331-g-ankastre-firin,BFC 331 G Ankastre Standart Fırın,23519.0,9,Ankastre Standart Firin,Beyaz Eşya,Fırın,57.0,59.0,60.0,,0,0,0,,0,0,0,,,,,,,0,,,0,,0,0,0,0,0,0,0,0,0,,0,0,0,0,0,0,,,,0,0,0,,0,0,0,0,0,0,0,,72.0,0,1,3.0,1,0,1,0,1,1,0,0,0,0,1,,,0,0,0,,,0,,0,0,0,0,0,0,0,0,,,,,,,,0,0,,,,0,0,0,0,0,0,0,0,0,,,,0,0,,0,0,0,0,,,0,0,,,0,0,,0,0,0,0,0,0,0,0,,0,0,0,0,0,0,0,,,0,0,0,0,,0,,0,0,0,,,,0,0,0,0,,0,0,0,,,,,0,0,0,0,,0,,0,,0,0,0,0,0,,0,0,0,,,0,0,0,0,0,0,0,,0,0,,0,0,,0,0,0,,,,,0,0,0,0,,0,0,0,0,0,0,0,0,1,0,0,0,0,0,0,0,0,,,,,,,,0,4,1,,0,0,0,0,0,0.0,5,0,0,0,0,0,0.0,0.0,0,0,0,0,0,0,0,0,0,0,0,0,0,0,0,0,0,0,3,0,0,0,0,0,0,0,1,0
https://www.beko.com.tr/fitfry-buhar-destekli-firin/bfc-742-b-ankastre-firin,BFC 742 B FitFry Buhar Destekli Fırın,46799.0,3,Fitfry Buhar Destekli Firin,Beyaz Eşya,Fırın,57.0,59.0,60.0,,0,0,0,,0,0,0,,,,,,,0,,,0,,0,0,0,0,0,0,0,0,0,,0,0,0,0,0,0,,,,0,0,0,,0,0,0,0,0,0,0,,72.0,0,1,3.0,1,0,1,1,1,1,0,0,1,1,1,,,0,0,0,,,0,,0,0,0,0,0,0,0,0,,,,,,,,0,0,,,,0,0,0,0,0,0,0,0,0,,,,0,0,,0,0,0,0,,,0,0,,,0,0,,0,0,0,0,0,0,0,0,,0,0,0,0,0,0,0,,,0,0,0,0,,0,,0,0,0,,,,0,0,0,0,,0,0,0,,,,,0,0,0,0,,0,,0,,0,0,0,0,0,,0,0,0,,,0,0,0,0,0,0,0,,0,0,,0,0,,0,0,0,,,,,0,0,0,0,,0,0,0,0,0,0,0,0,0,0,0,1,0,0,0,0,0,,,,,,,,0,5,1,,0,0,0,0,1,0.0,1,0,0,0,0,0,0.0,0.0,0,0,0,0,0,0,0,0,0,0,0,0,0,0,0,0,0,0,2,0,0,0,0,0,0,0,4,0
https://www.beko.com.tr/fitfry-buhar-destekli-firin/bfc-742-g-ankastre-firin,BFC 742 G FitFry Buhar Destekli Fırın,46799.0,4,Fitfry Buhar Destekli Firin,Beyaz Eşya,Fırın,57.0,59.0,60.0,,0,0,0,,0,0,0,,,,,,,0,,,0,,0,0,0,0,0,0,0,0,0,,0,0,0,0,0,0,,,,0,0,0,,0,0,0,0,0,0,0,,72.0,0,1,3.0,1,0,1,1,1,1,0,0,1,1,1,,,0,0,0,,,0,,0,0,0,0,0,0,0,0,,,,,,,,0,0,,,,0,0,0,0,0,0,0,0,0,,,,0,0,,0,0,0,0,,,0,0,,,0,0,,0,0,0,0,0,0,0,0,,0,0,0,0,0,0,0,,,0,0,0,0,,0,,0,0,0,,,,0,0,0,0,,0,0,0,,,,,0,0,0,0,,0,,0,,0,0,0,0,0,,0,0,0,,,0,0,0,0,0,0,0,,0,0,,0,0,,0,0,0,,,,,0,0,0,0,,0,0,0,0,0,0,0,0,1,0,0,0,0,0,0,0,0,,,,,,,,0,5,1,,0,0,0,0,1,0.0,1,0,0,0,0,0,0.0,0.0,0,0,0,0,0,0,0,0,0,0,0,0,0,0,0,0,0,0,2,0,0,0,0,0,0,0,4,0
https://www.beko.com.tr/ankastre-firin/bfc-221-hb-ankastre-firin,BFC 221 HB Ankastre Fırın,17166.0,22,Ankastre Firin,Beyaz Eşya,Fırın,57.0,59.0,60.0,,0,0,0,,0,0,0,,,,,,,0,,,0,,0,0,0,0,0,0,0,0,0,,0,0,0,0,0,0,,,,0,0,0,,0,0,0,0,0,0,0,,72.0,0,1,2.0,1,0,1,0,1,1,0,0,0,0,0,,,0,0,0,,,0,,0,0,0,0,0,0,0,0,,,,,,,,0,0,,,,0,0,0,0,0,0,0,0,0,,,,0,0,,0,0,0,0,,,0,0,,,0,0,,0,0,0,0,0,0,0,0,,0,0,0,0,0,0,0,,,0,0,0,0,,0,,0,0,0,,,,0,0,0,0,,0,0,0,,,,,0,0,0,0,,0,,0,,0,0,0,0,0,,0,0,0,,,0,0,0,0,0,0,0,,0,0,,0,0,,0,0,0,,,,,0,0,0,0,,0,0,0,0,0,0,0,0,0,0,0,1,0,0,0,0,0,,,,,,,,0,4,1,,0,0,0,0,0,0.0,5,0,0,0,0,0,0.0,0.0,0,0,0,0,0,0,0,0,0,0,0,0,0,0,0,0,0,0,1,0,0,0,0,0,0,0,1,0
https://www.beko.com.tr/ankastre-standart-firin/bfc-220-g-ankastre-firin,BFC 220 G Ankastre Standart Fırın,17166.0,18,Ankastre Standart Firin,Beyaz Eşya,Fırın,57.0,59.0,60.0,,0,0,0,,0,0,0,,,,,,,0,,,0,,0,0,0,0,0,0,0,0,0,,0,0,0,0,0,0,,,,0,0,0,,0,0,0,0,0,0,0,,72.0,0,1,3.0,1,0,1,0,1,1,0,0,0,0,0,,,0,0,0,,,0,,0,0,0,0,0,0,0,0,,,,,,,,0,0,,,,0,0,0,0,0,0,0,0,0,,,,0,0,,0,0,0,0,,,0,0,,,0,0,,0,0,0,0,0,0,0,0,,0,0,0,0,0,0,0,,,0,0,0,0,,0,,0,0,0,,,,0,0,0,0,,0,0,0,,,,,0,0,0,0,,0,,0,,0,0,0,0,0,,0,0,0,,,0,0,0,0,0,0,0,,0,0,,0,0,,0,0,0,,,,,0,0,0,0,,0,0,0,0,0,0,0,0,1,0,0,0,0,0,0,0,0,,,,,,,,0,4,1,,0,0,0,0,0,0.0,5,0,0,0,0,0,0.0,0.0,0,0,0,0,0,0,0,0,0,0,0,0,0,0,0,0,0,0,1,0,0,0,0,0,0,0,1,0
https://www.beko.com.tr/ankastre-firin/bfc-222-hbd-ankastre-firin,BFC 222 HBD Ankastre Fırın,13009.0,16,Ankastre Firin,Beyaz Eşya,Fırın,57.0,59.0,60.0,,0,0,0,,0,0,0,,,,,,,0,,,0,,0,0,0,0,0,0,0,0,0,,0,0,0,0,0,0,,,,0,0,0,,0,0,0,0,0,0,0,,72.0,0,1,3.0,1,0,1,0,1,1,0,0,0,0,0,,,0,0,0,,,0,,0,0,0,0,0,0,0,0,,,,,,,,0,0,,,,0,0,0,0,0,0,0,0,0,,,,0,0,,0,0,0,0,,,0,0,,,0,0,,0,0,0,0,0,0,0,0,,0,0,0,0,0,0,0,,,0,0,0,0,,0,,0,0,0,,,,0,0,0,0,,0,0,0,,,,,0,0,0,0,,0,,0,,0,0,0,0,0,,0,0,0,,,0,0,0,0,0,0,0,,0,0,,0,0,,0,0,0,,,,,0,0,0,0,,0,0,0,0,0,0,0,0,0,0,0,1,0,0,0,0,0,,,,,,,,0,4,1,,0,0,0,0,0,0.0,5,0,0,0,0,0,0.0,0.0,0,0,0,0,0,0,0,0,0,0,0,0,0,0,0,0,0,0,1,0,0,0,0,0,0,0,1,0
https://www.beko.com.tr/ankastre-firin/bfc-211-sr-ankastre-firin,BFC 211 SR Ankastre Fırın,10989.0,2,Ankastre Firin,Beyaz Eşya,Fırın,57.0,59.0,60.0,,0,0,0,,0,0,0,,,,,,,0,,,0,,0,0,0,0,0,0,0,0,0,,0,0,0,0,0,0,,,,0,0,0,,0,0,0,0,0,0,0,,66.0,0,1,2.0,1,1,1,0,0,1,0,0,0,0,0,,,0,0,0,,,0,,0,0,0,0,0,0,0,0,,,,,,,,0,0,,,,0,0,0,0,0,0,0,0,0,,,,0,0,,0,0,0,0,,,0,0,,,0,0,,0,0,0,0,0,0,0,0,,0,0,0,0,0,0,0,,,0,0,0,0,,0,,0,0,0,,,,0,0,0,0,,0,0,0,,,,,0,0,0,0,,0,,0,,0,0,0,0,0,,0,0,0,,,0,0,0,0,0,0,0,,0,0,,0,0,,0,0,0,,,,,0,0,0,0,,0,0,0,0,0,0,0,1,0,0,0,0,0,0,0,0,0,,,,,,,,0,3,1,,0,0,0,0,0,0.0,5,0,0,0,0,0,0.0,0.0,0,0,0,0,0,0,0,0,0,0,0,0,0,0,0,0,0,0,0,0,0,0,0,0,0,0,1,0
https://www.beko.com.tr/buhar-destekli-firin/bfc-431-g-ankastre-firin,BFC 431 G Buhar Destekli Fırın,26192.0,31,Buhar Destekli Firin,Beyaz Eşya,Fırın,57.0,59.0,60.0,,0,0,0,,0,0,0,,,,,,,0,,,0,,0,0,0,0,0,0,0,0,0,,0,0,0,0,0,0,,,,0,0,0,,0,0,0,0,0,0,0,,72.0,0,1,3.0,1,0,1,1,1,1,0,0,1,0,1,,,0,0,0,,,0,,0,0,0,0,0,0,0,0,,,,,,,,0,0,,,,0,0,0,0,0,0,0,0,0,,,,0,0,,0,0,0,0,,,0,0,,,0,0,,0,0,0,0,0,0,0,0,,0,0,0,0,0,0,0,,,0,0,0,0,,0,,0,0,0,,,,0,0,0,0,,0,0,0,,,,,0,0,0,0,,0,,0,,0,0,0,0,0,,0,0,0,,,0,0,0,0,0,0,0,,0,0,,0,0,,0,0,0,,,,,0,0,0,0,,0,0,0,0,0,0,0,0,1,0,0,0,0,0,0,0,0,,,,,,,,0,4,1,,0,0,0,0,0,0.0,5,0,0,0,0,0,0.0,0.0,0,0,0,0,0,0,0,0,0,0,0,0,0,0,0,0,0,0,3,0,0,0,0,0,0,0,1,0
https://www.beko.com.tr/fitfry-firin/bfc-432-g-ankastre-firin,BFC 432 G FitFry Fırın,26223.0,12,Fitfry Firin,Beyaz Eşya,Fırın,57.0,59.0,60.0,,0,0,0,,0,0,0,,,,,,,0,,,0,,0,0,0,0,0,0,0,0,0,,0,0,0,0,0,0,,,,0,0,0,,0,0,0,0,0,0,0,,72.0,0,1,3.0,1,0,1,1,1,1,0,0,1,1,1,,,0,0,0,,,0,,0,0,0,0,0,0,0,0,,,,,,,,0,0,,,,0,0,0,0,0,0,0,0,0,,,,0,0,,0,0,0,0,,,0,0,,,0,0,,0,0,0,0,0,0,0,0,,0,0,0,0,0,0,0,,,0,0,0,0,,0,,0,0,0,,,,0,0,0,0,,0,0,0,,,,,0,0,0,0,,0,,0,,0,0,0,0,0,,0,0,0,,,0,0,0,0,0,0,0,,0,0,,0,0,,0,0,0,,,,,0,0,0,0,,0,0,0,0,0,0,0,0,1,0,0,0,0,0,0,0,0,,,,,,,,0,3,1,,0,0,0,0,0,0.0,5,0,0,0,0,0,0.0,0.0,0,0,0,0,0,0,0,0,0,0,0,0,0,0,0,0,0,0,3,0,0,0,0,0,0,0,1,0
https://www.beko.com.tr/fitfry-firin/bfc-432-b-ankastre-firin,BFC 432 B FitFry Fırın,26223.0,19,Fitfry Firin,Beyaz Eşya,Fırın,57.0,59.0,60.0,,0,0,0,,0,0,0,,,,,,,0,,,0,,0,0,0,0,0,0,0,0,0,,0,0,0,0,0,0,,,,0,0,0,,0,0,0,0,0,0,0,,72.0,0,1,3.0,1,0,1,1,1,1,0,0,1,1,1,,,0,0,0,,,0,,0,0,0,0,0,0,0,0,,,,,,,,0,0,,,,0,0,0,0,0,0,0,0,0,,,,0,0,,0,0,0,0,,,0,0,,,0,0,,0,0,0,0,0,0,0,0,,0,0,0,0,0,0,0,,,0,0,0,0,,0,,0,0,0,,,,0,0,0,0,,0,0,0,,,,,0,0,0,0,,0,,0,,0,0,0,0,0,,0,0,0,,,0,0,0,0,0,0,0,,0,0,,0,0,,0,0,0,,,,,0,0,0,0,,0,0,0,0,0,0,0,0,0,0,0,1,0,0,0,0,0,,,,,,,,0,4,1,,0,0,0,0,0,0.0,5,0,0,0,0,0,0.0,0.0,0,0,0,0,0,0,0,0,0,0,0,0,0,0,0,0,0,0,3,0,0,0,0,0,0,0,1,0
https://www.beko.com.tr/fitfry-buhar-destekli-firin/bfc-632-s-ankastre-firin,BFC 632 S FitFry Buhar Destekli Fırın,30242.0,13,Fitfry Buhar Destekli Firin,Beyaz Eşya,Fırın,57.0,59.0,60.0,,0,0,0,,0,0,0,,,,,,,0,,,0,,0,0,0,0,0,0,0,0,0,,0,0,0,0,0,0,,,,0,0,0,,0,0,0,0,0,0,0,,72.0,0,1,3.0,1,1,1,1,1,1,0,0,1,1,1,,,0,0,0,,,0,,0,0,0,0,0,0,0,0,,,,,,,,0,0,,,,0,0,0,0,0,0,0,0,0,,,,0,0,,0,0,0,0,,,0,0,,,0,0,,0,0,0,0,0,0,0,0,,0,0,0,0,0,0,0,,,0,0,0,0,,0,,0,0,0,,,,0,0,0,0,,0,0,0,,,,,0,0,0,0,,0,,0,,0,0,0,0,0,,0,0,0,,,0,0,0,0,0,0,0,,0,0,,0,0,,0,0,0,,,,,0,0,0,0,,0,0,0,0,0,0,0,1,0,0,0,0,0,0,0,0,0,,,,,,,,0,4,1,,0,0,0,0,1,0.0,6,0,0,0,0,0,0.0,0.0,0,0,0,0,0,0,0,0,0,0,0,0,0,0,0,0,0,0,3,0,0,0,0,0,0,0,1,0
https://www.beko.com.tr/fitfry-buhar-destekli-firin/bfc-632-g-ankastre-firin,BFC 632 G FitFry Buhar Destekli Fırın,30242.0,23,Fitfry Buhar Destekli Firin,Beyaz Eşya,Fırın,57.0,59.0,60.0,,0,0,0,,0,0,0,,,,,,,0,,,0,,0,0,0,0,0,0,0,0,0,,0,0,0,0,0,0,,,,0,0,0,,0,0,0,0,0,0,0,,72.0,0,1,3.0,1,0,1,1,0,1,0,0,1,1,1,,,0,0,0,,,0,,0,0,0,0,0,0,0,0,,,,,,,,0,0,,,,0,0,0,0,0,0,0,0,0,,,,0,0,,0,0,0,0,,,0,0,,,0,0,,0,0,0,0,0,0,0,0,,0,0,0,0,0,0,0,,,0,0,0,0,,0,,0,0,0,,,,0,0,0,0,,0,0,0,,,,,0,0,0,0,,0,,0,,0,0,0,0,0,,0,0,0,,,0,0,0,0,0,0,0,,0,0,,0,0,,0,0,0,,,,,0,0,0,0,,0,0,0,0,0,0,0,0,1,0,0,0,0,0,0,0,0,,,,,,,,0,5,1,,0,0,0,0,1,0.0,6,0,0,0,0,0,0.0,0.0,0,0,0,0,0,0,0,0,0,0,0,0,0,0,0,0,0,0,3,0,0,0,0,0,0,0,1,0
https://www.beko.com.tr/buhar-destekli-firin/bfc-431-s-,BFC 431 S Buhar Destekli Fırın,26192.0,7,Buhar Destekli Firin,Beyaz Eşya,Fırın,57.0,59.0,60.0,,0,0,0,,0,0,0,,,,,,,0,,,0,,0,0,0,0,0,0,0,0,0,,0,0,0,0,0,0,,,,0,0,0,,0,0,0,0,0,0,0,,72.0,0,1,3.0,1,0,1,1,1,1,0,0,1,0,1,,,0,0,0,,,0,,0,0,0,0,0,0,0,0,,,,,,,,0,0,,,,0,0,0,0,0,0,0,0,0,,,,0,0,,0,0,0,0,,,0,0,,,0,0,,0,0,0,0,0,0,0,0,,0,0,0,0,0,0,0,,,0,0,0,0,,0,,0,0,0,,,,0,0,0,0,,0,0,0,,,,,0,0,0,0,,0,,0,,0,0,0,0,0,,0,0,0,,,0,0,0,0,0,0,0,,0,0,,0,0,,0,0,0,,,,,0,0,0,0,,0,0,0,0,0,0,0,1,0,0,0,0,0,0,0,0,0,,,,,,,,0,4,1,,0,0,0,0,0,0.0,5,0,0,0,0,0,0.0,0.0,0,0,0,0,0,0,0,0,0,0,0,0,0,0,0,0,0,0,3,0,0,0,0,0,0,0,1,0
https://www.beko.com.tr/ankastre-mikrodalgalar/bmc-2030-s-ankastre-mikrodalgalar,BMC 2030 S Ankastre Mikrodalgalar,21499.0,6,Ankastre Mikrodalgalar,Ankastre,Ankastre Mikrodalgalar,34.4,60.0,39.0,,0,0,0,,0,0,0,,,,,,,0,,,0,,0,1,0,0,0,0,0,0,0,,0,0,0,0,0,0,,,,0,0,0,,0,0,0,0,0,0,0,,,1,0,,0,0,0,0,0,0,0,0,0,0,0,,,0,0,0,,,0,,0,0,0,0,0,0,0,0,,,,,,,,0,0,,,,0,0,0,0,0,0,0,0,0,,,,0,0,,0,0,0,0,,,0,0,,,0,0,,0,0,0,0,0,0,0,0,,0,0,0,0,0,0,0,,,0,0,0,0,,0,,0,0,0,,,,0,0,0,0,,0,0,0,,,,,0,0,0,0,,0,,0,,0,0,0,0,0,,0,0,0,,,0,0,0,0,0,0,0,,0,0,,0,0,,0,0,0,,,,,0,0,0,0,,0,0,0,0,0,0,0,1,0,0,0,0,0,0,0,0,0,17.71,,1050.0,,,,,0,1,0,,0,0,0,0,0,0.0,0,0,0,0,0,0,0.0,0.0,0,0,0,1,0,0,0,0,0,0,0,0,0,0,0,0,0,0,0,0,0,0,0,0,0,0,1,0
https://www.beko.com.tr/ankastre-mikrodalgalar/bmc-2520-s-ankastre-mikrodalgalar,BMC 2520 S Beyond Serisi Ankastre Mikrodalgalar,26799.0,30,Ankastre Mikrodalgalar,Ankastre,Ankastre Mikrodalgalar,39.2,60.0,39.0,,0,0,0,,0,0,0,,,,,,,0,,,0,,0,1,0,0,0,0,0,0,0,,0,0,0,0,0,0,,,,0,0,0,,0,0,0,0,0,0,0,,,1,0,,0,0,0,0,0,0,0,0,0,0,0,,,0,0,0,,,0,,0,0,0,0,0,0,0,0,,,,,,,,0,0,,,,0,0,0,0,0,0,0,0,0,,,,0,0,,0,0,0,0,,,0,0,,,0,0,,0,0,0,0,0,0,0,0,,0,0,0,0,0,0,0,,,0,0,0,0,,0,,0,0,0,,,,0,0,0,0,,0,0,0,,,,,0,0,0,0,,0,,0,,0,0,0,0,0,,0,0,0,,,0,0,0,0,0,0,0,,0,0,,0,0,,0,0,0,,,,,0,0,0,0,,0,0,0,0,0,0,0,1,0,0,0,0,0,0,0,0,0,17.71,,1450.0,,,,,0,1,0,,0,0,0,0,0,0.0,0,0,0,0,0,0,0.0,0.0,0,0,0,1,0,0,0,0,0,0,0,0,0,0,0,0,0,0,0,0,0,0,0,0,0,0,1,0
https://www.beko.com.tr/ankastre-mikrodalgalar/bmc-2520-b-ankastre-mikrodalgalar,BMC 2520 B Beyond Serisi Ankastre Mikrodalgalar,26799.0,11,Ankastre Mikrodalgalar,Ankastre,Ankastre Mikrodalgalar,39.2,60.0,39.0,,0,0,0,,0,0,0,,,,,,,0,,,0,,0,1,0,0,0,0,0,0,0,,0,0,0,0,0,0,,,,0,0,0,,0,0,0,0,0,0,0,,,1,0,,0,0,0,0,0,0,0,0,0,0,0,,,0,0,0,,,0,,0,0,0,0,0,0,0,0,,,,,,,,0,0,,,,0,0,0,0,0,0,0,0,0,,,,0,0,,0,0,0,0,,,0,0,,,0,0,,0,0,0,0,0,0,0,0,,0,0,0,0,0,0,0,,,0,0,0,0,,0,,0,0,0,,,,0,0,0,0,,0,0,0,,,,,0,0,0,0,,0,,0,,0,0,0,0,0,,0,0,0,,,0,0,0,0,0,0,0,,0,0,,0,0,,0,0,0,,,,,0,0,0,0,,0,0,0,0,0,0,0,0,0,0,0,1,0,0,0,0,0,18.5,,1450.0,,,,,0,1,0,,0,0,0,0,0,0.0,0,0,0,0,0,0,0.0,0.0,0,0,0,1,0,0,0,0,0,0,0,0,0,0,0,0,0,0,0,0,0,0,0,0,0,0,1,0
https://www.beko.com.tr/ankastre-mikrodalgalar/bmm-2020-i-ankastre-mikrodalgalar,BMM 2020 I Ankastre Mikrodalgalar,16420.0,22,Ankastre Mikrodalgalar,Ankastre,Ankastre Mikrodalgalar,37.7,47.0,28.0,,0,0,0,,0,0,0,,,,,,,0,,,0,,0,1,0,0,0,0,0,0,0,,0,0,0,0,0,0,,,,0,0,0,,0,0,0,0,0,0,0,,,1,0,,0,0,0,0,0,0,0,0,0,0,0,,,0,0,0,,,0,,0,0,0,0,0,0,0,0,,,,,,,,0,0,,,,0,0,0,0,0,0,0,0,0,,,,0,0,,0,0,0,0,,,0,0,,,0,0,,0,0,0,0,0,0,0,0,,0,0,0,0,0,0,0,,,0,0,0,0,,0,,0,0,0,,,,0,0,0,0,,0,0,0,,,,,0,0,0,0,,0,,0,,0,0,0,0,0,,0,0,0,,,0,0,0,0,0,0,0,,0,0,,0,0,,0,0,0,,,,,0,0,0,0,,0,0,0,0,0,0,0,0,1,0,0,0,0,0,0,0,0,15.5,,1200.0,,,,,0,1,0,,0,0,0,0,0,0.0,0,0,0,0,0,0,0.0,0.0,0,0,0,1,0,0,0,0,0,0,0,0,0,0,0,0,0,0,0,0,0,0,0,0,0,0,1,0
https://www.beko.com.tr/ankastre-mikrodalgalar/bmc-2520-2-g-ankastre-mikrodalgalar,BMC 2520-2 G Ankastre Mikrodalgalar,26799.0,18,Ankastre Mikrodalgalar,Ankastre,Ankastre Mikrodalgalar,39.2,60.0,39.0,,0,0,0,,0,0,0,,,,,,,0,,,0,,0,1,0,0,0,0,0,0,0,,0,0,0,0,0,0,,,,0,0,0,,0,0,0,0,0,0,0,,,1,0,,0,0,0,0,0,0,0,0,0,0,0,,,0,0,0,,,0,,0,0,0,0,0,0,0,0,,,,,,,,0,0,,,,0,0,0,0,0,0,0,0,0,,,,0,0,,0,0,0,0,,,0,0,,,0,0,,0,0,0,0,0,0,0,0,,0,0,0,0,0,0,0,,,0,0,0,0,,0,,0,0,0,,,,0,0,0,0,,0,0,0,,,,,0,0,0,0,,0,,0,,0,0,0,0,0,,0,0,0,,,0,0,0,0,0,0,0,,0,0,,0,0,,0,0,0,,,,,0,0,0,0,,0,0,0,0,0,0,0,0,1,0,0,0,0,0,0,0,0,18.5,,1450.0,,,,,0,1,0,,0,0,0,0,0,0.0,0,0,0,0,0,0,0.0,0.0,0,0,0,1,0,0,0,0,0,0,0,0,0,0,0,0,0,0,0,0,0,0,0,0,0,0,1,0
https://www.beko.com.tr/ankastre-mikrodalgalar/bmmk-2020-i-ankastre-mikrodalgalar,BMMK 2020 I Ankastre Mikrodalga Çerçevesi Ankastre Mikrodalgalar,5279.0,5,Ankastre Mikrodalgalar,Ankastre,Ankastre Mikrodalgalar,4.2,59.0,39.0,,0,0,0,,0,0,0,,,,,,,0,,,0,,0,0,0,0,0,0,0,0,0,,0,0,0,0,0,0,,,,0,0,0,,0,0,0,0,0,0,0,,,0,0,,0,0,0,0,0,0,0,0,0,0,0,,,0,0,0,,,0,,0,0,0,0,0,0,0,0,,,,,,,,0,0,,,,0,0,0,0,0,0,0,0,0,,,,0,0,,0,0,0,0,,,0,0,,,0,0,,0,0,0,0,0,0,0,0,,0,0,0,0,0,0,0,,,0,0,0,0,,0,,0,0,0,,,,0,0,0,0,,0,0,0,,,,,0,0,0,0,,0,,0,,0,0,0,0,0,,0,0,0,,,0,0,0,0,0,0,0,,0,0,,0,0,,0,0,0,,,,,0,0,0,0,,0,0,0,0,0,0,0,0,0,0,0,0,0,0,0,0,0,2.0,,,,,,,0,0,0,,0,0,0,0,0,0.0,0,0,0,0,0,0,0.0,0.0,0,0,0,0,0,0,0,0,0,0,0,0,0,0,0,0,0,0,0,0,0,0,0,0,0,0,2,0
https://www.beko.com.tr/pisirici-yedek-parca-ve-aksesuarlari/lama-izg-single-beko-1-2-kw-gr-mat-pisirici-yedek-parca-ve-aksesuarlari,Izgara tekli Pişirici Yedek Parça ve Aksesuarları,500.0,1,Pisirici Yedek Parca Ve Aksesuarlari,Ankastre,Pişirici Yedek Parça ve Aksesuarları,,,,,0,0,0,,0,0,0,,,,,,,0,,,0,,0,0,0,0,0,0,0,0,0,,0,0,0,0,0,0,,,,0,0,0,,0,0,0,0,0,0,0,,,0,0,,0,0,0,0,0,0,0,0,0,0,0,,,0,0,0,,,0,,0,0,0,0,0,0,0,0,,,,,,,,0,0,,,,0,0,0,0,0,0,0,0,0,,,,0,0,,0,0,0,0,,,0,0,,,0,0,,0,0,0,0,0,0,0,0,,0,0,0,0,0,0,0,,,0,0,0,0,,0,,0,0,0,,,,0,0,0,0,,0,0,0,,,,,0,0,0,0,,0,,0,,0,0,0,0,0,,0,0,0,,,0,0,0,0,0,0,0,,0,0,,0,0,,0,0,0,,,,,0,0,0,0,,0,0,0,0,0,0,0,0,0,0,0,0,0,0,0,0,0,,,,,,,,0,0,0,,0,0,0,0,0,0.0,0,0,0,0,0,0,0.0,0.0,0,0,0,0,0,0,0,0,0,0,0,0,0,0,0,0,0,0,0,0,0,0,0,0,0,0,2,0
https://www.beko.com.tr/pisirici-yedek-parca-ve-aksesuarlari/cam-surahi-pisirici-yedek-parca-ve-aksesuarlari,Cam Demlik Grubu Beyaz Kapaklı Pişirici Yedek Parça ve Aksesuarları,600.0,0,Pisirici Yedek Parca Ve Aksesuarlari,Ankastre,Pişirici Yedek Parça ve Aksesuarları,,,,,0,0,0,,0,0,0,,,,,,,0,,,0,,0,0,0,0,0,0,0,0,0,,0,0,0,0,0,0,,,,0,0,0,,0,0,0,0,0,0,0,,,0,0,,0,0,0,0,0,0,0,0,0,0,0,,,0,0,0,,,0,,0,0,0,0,0,0,0,0,,,,,,,,0,0,,,,0,0,0,0,0,0,0,0,0,,,,0,0,,0,0,0,0,,,0,0,,,0,0,,0,0,0,0,0,0,0,0,,0,0,0,0,0,0,0,,,0,0,0,0,,0,,0,0,0,,,,0,0,0,0,,0,0,0,,,,,0,0,0,0,,0,,0,,0,0,0,0,0,,0,0,0,,,0,0,0,0,0,0,0,,0,0,,0,0,,0,0,0,,,,,0,0,0,0,,0,0,0,0,0,0,0,0,0,0,0,0,0,0,0,0,0,,,,,,,,0,0,0,,0,0,0,0,0,0.0,0,0,0,0,0,0,0.0,0.0,0,0,0,0,0,0,0,0,0,0,0,0,0,0,0,0,0,0,0,0,0,0,0,0,0,0,2,0
https://www.beko.com.tr/yazar-kasa-pos/beko-x30tr-android-yazarkasa-pos-odeme-sistemleri,Beko X30TR Android Yazarkasa POS Yazar Kasa POS,8999.0,248,Yazar Kasa Pos,Elektronik,Ödeme Sistemleri,8.0,22.0,6.0,,0,0,0,,0,0,0,,,,,,,0,,,0,,0,0,0,0,0,0,0,0,0,,0,0,0,0,0,0,,,,0,0,0,,0,0,0,0,0,0,0,,,0,0,,0,0,0,0,0,0,0,0,0,0,0,,,0,0,0,,,0,,0,0,0,0,0,0,0,0,,,,,,,,0,0,,,,0,0,0,0,0,0,0,0,0,,,,0,0,,0,0,0,0,,,0,0,,,0,0,,0,0,0,0,0,0,0,0,,0,0,0,0,0,0,0,,,0,0,0,0,,0,,0,0,0,,,,0,0,0,0,,0,0,0,,,,,0,0,0,0,,0,,0,,0,0,0,0,0,,0,0,0,,,0,0,0,0,0,0,0,,0,0,,0,0,,0,0,0,,,,,0,0,0,0,,0,0,0,0,0,0,0,0,0,0,0,0,0,0,0,0,0,,,,,128.0,,,0,0,0,,0,0,0,0,0,0.0,0,0,0,0,0,0,0.0,0.0,0,0,0,0,0,0,0,0,0,0,0,0,0,0,0,0,0,0,0,0,0,0,0,0,0,0,2,0
https://www.beko.com.tr/salon-tipi-klimalar/74826-klima,74826 Monofaze Inverter Salon Tipi Klima 48.000 Btu/h Salon Tipi Klimalar,152997.0,7,Salon Tipi Klimalar,Isıtma Soğutma ve Enerji,Klima,46.0,63.0,194.0,,0,0,0,,0,0,0,,,,,,,1,,,0,,0,0,0,0,0,0,0,0,0,,0,0,0,0,0,0,,,,0,0,0,,0,0,0,0,0,0,0,,,0,0,,0,0,0,0,0,0,0,0,0,0,0,,,0,0,0,,,0,,0,0,0,0,0,0,0,0,48000,57000.0,809.0,3500.0,3.28,4.0,6.1,1,1,-15,50,-15,1,1,1,1,0,0,0,0,0,,,,0,0,,0,0,0,0,,,0,0,,,0,0,,0,0,0,0,0,0,0,0,,0,0,0,0,0,0,0,,,0,0,0,0,,0,,0,0,0,,,,0,0,0,0,,0,0,0,,,,,0,0,0,0,,0,,0,,0,0,0,0,0,,0,0,0,,,0,0,0,0,0,0,0,,0,0,,0,0,,0,0,0,,,,,0,0,0,0,,0,0,0,0,0,0,0,0,0,0,0,0,0,0,0,0,0,,,5100.0,,,,,1,0,0,,0,0,0,1,0,0.0,0,0,0,0,0,0,0.0,0.0,0,0,0,0,0,0,0,0,0,0,0,0,0,0,0,0,0,0,0,0,0,0,0,0,0,0,1,0
https://www.beko.com.tr/portatif-klima/21220-p-klima,21220 P Portatif Klima 12.000 Btu/h Portatif Klima,31596.0,33,Portatif Klima,Isıtma Soğutma ve Enerji,Klima,40.0,47.0,77.0,,0,0,0,,0,0,0,,,,,,,0,,,0,,0,0,0,0,0,0,0,0,0,,0,0,0,0,0,0,,,,0,0,0,,0,0,0,0,0,0,0,,,0,0,,0,0,0,0,0,0,0,0,0,0,0,,,0,0,0,,,0,,0,0,0,0,0,0,0,0,11680,,,,,,,0,1,-35,,,0,1,0,1,0,0,0,0,0,,,,0,0,,0,0,0,0,,,0,0,,,0,0,,0,0,0,0,0,0,0,0,,0,0,0,0,0,0,0,,,0,0,0,0,,0,,0,0,0,,,,0,0,0,0,,0,0,0,,,,,0,0,0,0,,0,,0,,0,0,0,0,0,,0,0,0,,,0,0,0,0,0,0,0,,0,0,,0,0,,0,0,0,,,,,0,0,0,0,,0,0,0,0,0,0,0,0,0,0,0,0,0,0,0,0,0,,,,,,,,1,0,0,,0,0,0,2,0,0.0,5,0,0,0,0,0,0.0,0.0,0,0,0,0,0,0,0,0,0,0,0,0,0,0,0,0,0,0,0,0,0,0,0,0,0,0,1,0
https://www.beko.com.tr/salon-tipi-klimalar/73426-monofaze-inverter-salon-tipi-klima-klima,73426 Monofaze Inverter Salon Tipi Klima 34.000 Btu/h Salon Tipi Klimalar,107097.0,9,Salon Tipi Klimalar,Isıtma Soğutma ve Enerji,Klima,38.0,58.0,187.0,,0,0,0,,0,0,0,,,,,,,1,,,0,,0,0,0,0,0,0,0,0,0,,0,0,0,0,0,0,,,,0,0,0,,0,0,0,0,0,0,0,,,0,0,,0,0,0,0,0,0,0,0,0,0,0,,,0,0,0,,,0,,0,0,0,0,0,0,0,0,33779,37532.0,559.0,2800.0,3.71,4.0,6.2,1,1,,48,-15,0,1,1,1,0,0,0,0,0,,,,0,0,,0,0,0,0,,,0,0,,,0,0,,0,0,0,0,0,0,0,0,,0,0,0,0,0,0,0,,,0,0,0,0,,0,,0,0,0,,,,0,0,0,0,,0,0,0,,,,,0,0,0,0,,0,,0,,0,0,0,0,0,,0,0,0,,,0,0,0,0,0,0,0,,0,0,,0,0,,0,0,0,,,,,0,0,0,0,,0,0,0,0,0,0,0,0,0,0,0,0,0,0,0,0,0,,,2962.0,,,,,1,0,0,,0,0,0,1,0,0.0,7,0,0,0,0,0,0.0,0.0,0,0,0,0,0,0,0,0,0,0,0,0,0,0,0,0,0,0,0,0,0,0,0,0,0,0,1,0
https://www.beko.com.tr/split-klima/31525-klima,31525 Ekolojik Inverter Klima 15.000 Btu/h Split Klima,47394.0,155,Split Klima,Isıtma Soğutma ve Enerji,Klima,19.0,84.0,31.0,,0,0,0,,0,0,0,,,,,,,1,,,0,,0,0,0,0,0,0,0,0,0,,0,0,0,0,0,0,,,,0,0,0,,0,0,0,0,0,0,0,,,0,0,,0,0,0,0,0,0,0,0,0,0,0,,,0,0,0,,,0,,0,0,0,0,0,0,0,0,15000,15013.0,230.0,875.0,3.92,4.0,6.4,1,1,,48,-15,1,1,0,1,1,1,1,1,1,,,,0,0,,0,0,0,0,,,0,0,,,0,0,,0,0,0,0,0,0,0,0,,0,0,0,0,0,0,0,,,0,0,0,0,,0,,0,0,0,,,,0,0,0,0,,0,0,0,,,,,0,0,0,0,,0,,0,,0,0,0,0,0,,0,0,0,,,0,0,0,0,0,0,0,,0,0,,0,0,,0,0,0,,,,,0,0,0,0,,0,0,0,0,0,0,0,0,0,0,0,0,0,0,0,0,0,,,1118.0,,,,,1,0,0,,0,0,0,1,0,15000.0,7,0,0,0,0,0,48.723444,120.8592,0,0,0,0,0,0,0,0,0,0,0,0,0,0,0,0,0,0,0,0,0,0,0,0,0,0,1,0
https://www.beko.com.tr/split-klima/31225-a-klima,31225 A Ekolojik Inverter Klima 12.000 Btu/h Split Klima,39753.0,226,Split Klima,Isıtma Soğutma ve Enerji,Klima,19.0,84.0,31.0,,0,0,0,,0,0,0,,,,,,,1,,,0,,0,0,0,0,0,0,0,0,0,,0,0,0,0,0,0,,,,0,0,0,,0,0,0,0,0,0,0,,,0,0,,0,0,0,0,0,0,0,0,0,0,0,,,0,0,0,,,0,,0,0,0,0,0,0,0,0,12000,12500.0,195.0,840.0,2.45,4.0,6.1,1,1,18,48,-15,1,1,0,1,1,1,1,1,1,,,,0,0,,0,0,0,0,,,0,0,,,0,0,,0,0,0,0,0,0,0,0,,0,0,0,0,0,0,0,,,0,0,0,0,,0,,0,0,0,,,,0,0,0,0,,0,0,0,,,,,0,0,0,0,,0,,0,,0,0,0,0,0,,0,0,0,,,0,0,0,0,0,0,0,,0,0,,0,0,,0,0,0,,,,,0,0,0,0,,0,0,0,0,0,0,0,0,0,0,0,0,0,0,0,0,0,,,1500.0,,,,,1,0,0,,0,0,0,1,0,12000.0,7,0,0,0,0,0,48.723444,79.65153,0,0,0,0,0,0,0,0,0,0,0,0,0,0,0,0,0,0,0,0,0,0,0,0,0,0,1,0
https://www.beko.com.tr/split-klima/31525-s-klima,31525 S Ekolojik Inverter Klima 15.000 Btu/h (Sadece Soğutma) Split Klima,36780.0,88,Split Klima,Isıtma Soğutma ve Enerji,Klima,19.0,84.0,31.0,,0,0,0,,0,0,0,,,,,,,1,,,0,,0,0,0,0,0,0,0,0,0,,0,0,0,0,0,0,,,,0,0,0,,0,0,0,0,0,0,0,,,0,0,,0,0,0,0,0,0,0,0,0,0,0,,,0,0,0,,,0,,0,0,0,0,0,0,0,0,15000,,263.0,,,,6.4,0,1,,48,,0,1,0,1,0,0,0,0,1,,,,0,0,,0,0,0,0,,,0,0,,,0,0,,0,0,0,0,0,0,0,0,,0,0,0,0,0,0,0,,,0,0,0,0,,0,,0,0,0,,,,0,0,0,0,,0,0,0,,,,,0,0,0,0,,0,,0,,0,0,0,0,0,,0,0,0,,,0,0,0,0,0,0,0,,0,0,,0,0,,0,0,0,,,,,0,0,0,0,,0,0,0,0,0,0,0,0,0,0,0,0,0,0,0,0,0,,,,,,,,1,0,0,,0,0,0,1,0,0.0,6,0,0,0,0,0,48.723444,120.8592,0,0,0,0,0,0,0,0,0,0,0,0,0,0,0,0,0,0,0,0,0,0,0,0,0,0,1,0
https://www.beko.com.tr/split-klima/61270-klima,61270 Prosmart White Inverter Klima 12.000 Btu/h Split Klima,70332.0,31,Split Klima,Isıtma Soğutma ve Enerji,Klima,21.0,100.0,35.0,,0,0,0,,0,0,0,,,,,,,1,,,0,,0,0,0,0,0,0,0,0,0,,0,0,0,0,0,0,,,,0,0,0,,0,0,0,0,0,0,0,,,0,0,,0,0,0,0,0,0,0,0,0,0,0,,,0,0,0,,,0,,0,0,0,0,0,0,0,1,12000,13000.0,135.0,1043.0,,5.1,9.1,1,1,,48,-15,1,1,1,1,0,1,1,1,0,,,,0,0,,0,0,0,0,,,0,0,,,0,0,,0,0,0,0,0,0,0,0,,0,0,0,0,0,0,0,,,0,0,0,0,,0,,0,0,0,,,,0,0,0,0,,0,0,0,,,,,0,0,0,0,,0,,0,,0,0,0,0,0,,0,0,0,,,0,0,0,0,0,0,0,,0,0,,0,0,,0,0,0,,,,,0,0,0,0,,0,0,0,0,0,0,0,0,0,0,0,0,0,0,0,0,0,,,785.0,,,,,1,0,0,,0,0,0,1,0,12000.0,8,0,0,0,0,0,72.99372,186.615,0,0,0,0,0,0,0,0,0,0,0,0,0,0,0,0,0,0,0,0,0,0,0,0,0,0,1,0
https://www.beko.com.tr/split-klima/71270-al-klima,71270 AL Alerjensmart Plus Inverter Klima 12.000 Btu/h Split Klima,56553.0,30,Split Klima,Isıtma Soğutma ve Enerji,Klima,19.0,84.0,31.0,,0,0,0,,0,0,0,,,,,,,1,,,0,,0,0,0,0,0,0,0,0,0,,0,0,0,0,0,0,,,,0,0,0,,0,0,0,0,0,0,0,,,0,0,,0,0,0,0,0,0,0,0,0,0,0,,,0,0,0,,,0,,0,0,0,0,0,0,0,1,12000,13648.0,186.0,875.0,,4.0,6.6,1,1,,48,-15,1,1,1,1,1,1,1,1,0,,,,0,0,,0,0,0,0,,,0,0,,,0,0,,0,0,0,0,0,0,0,0,,0,0,0,0,0,0,0,,,0,0,0,0,,0,,0,0,0,,,,0,0,0,0,,0,0,0,,,,,0,0,0,0,,0,,0,,0,0,0,0,0,,0,0,0,,,0,0,0,0,0,0,0,,0,0,,0,0,,0,0,0,,,,,0,0,0,0,,0,0,0,0,0,0,0,0,0,0,0,0,0,0,0,0,0,,,1050.0,,,,,1,0,0,,0,0,0,1,0,12000.0,7,0,0,0,0,0,49.496832,79.65153,0,0,0,0,0,0,0,0,0,0,0,0,0,0,0,0,0,0,0,0,0,0,0,0,0,0,1,0
https://www.beko.com.tr/salon-tipi-klimalar/32626-klima,32626 Monofaze Inverter Salon Tipi Klima 26.000 Btu/h Salon Tipi Klimalar,73044.0,5,Salon Tipi Klimalar,Isıtma Soğutma ve Enerji,Klima,,35.0,176.0,,0,0,0,,0,0,0,,,,,,,0,,,0,,0,0,0,0,0,0,0,0,0,,0,0,0,0,0,0,,,,0,0,0,,0,0,0,0,0,0,0,,,0,0,,0,0,0,0,0,0,0,0,0,0,0,,,0,0,0,,,0,,0,0,0,0,0,0,0,0,26000,27100.0,429.0,2137.0,,3.8,6.2,1,0,,50,-7,0,0,0,1,0,0,0,0,0,,,,0,0,,0,0,0,0,,,0,0,,,0,0,,0,0,0,0,0,0,0,0,,0,0,0,0,0,0,0,,,0,0,0,0,,0,,0,0,0,,,,0,0,0,0,,0,0,0,,,,,0,0,0,0,,0,,0,,0,0,0,0,0,,0,0,0,,,0,0,0,0,0,0,0,,0,0,,0,0,,0,0,0,,,,,0,0,0,0,,0,0,0,0,0,0,0,0,0,0,0,0,0,0,0,0,0,,,2898.0,,,,,0,0,0,,0,0,0,1,0,0.0,7,0,0,0,0,0,0.0,0.0,0,0,0,0,0,0,0,0,0,0,0,0,0,0,0,0,0,0,0,0,0,0,0,0,0,0,2,0
https://www.beko.com.tr/salon-tipi-klimalar/75526-klima,75526 Monofaze Inverter Salon Tipi Klima 55.000 Btu/h Salon Tipi Klimalar,175917.0,2,Salon Tipi Klimalar,Isıtma Soğutma ve Enerji,Klima,39.0,58.0,191.0,,0,0,0,,0,0,0,,,,,,,1,,,0,,0,0,0,0,0,0,0,0,0,,0,0,0,0,0,0,,,,0,0,0,,0,0,0,0,0,0,0,,,0,0,,0,0,0,0,0,0,0,0,0,0,0,,,0,0,0,,,0,,0,0,0,0,0,0,0,0,55000,56000.0,972.0,3899.0,,3.6,5.6,0,1,,60,-15,0,1,1,1,0,0,0,0,0,,,,0,0,,0,0,0,0,,,0,0,,,0,0,,0,0,0,0,0,0,0,0,,0,0,0,0,0,0,0,,,0,0,0,0,,0,,0,0,0,,,,0,0,0,0,,0,0,0,,,,,0,0,0,0,,0,,0,,0,0,0,0,0,,0,0,0,,,0,0,0,0,0,0,0,,0,0,,0,0,,0,0,0,,,,,0,0,0,0,,0,0,0,0,0,0,0,0,0,0,0,0,0,0,0,0,0,,,5510.0,,,,,1,0,0,,0,0,0,1,0,0.0,0,0,0,0,0,0,0.0,0.0,0,0,0,0,0,0,0,0,0,0,0,0,0,0,0,0,0,0,0,0,0,0,0,0,0,0,1,0
https://www.beko.com.tr/split-klima/32125-t-klima,32125 T Ekolojik Inverter Klima 21.000 Btu/h Split Klima,60474.0,7,Split Klima,Isıtma Soğutma ve Enerji,Klima,21.0,100.0,35.0,,0,0,0,,0,0,0,,,,,,,1,,,0,,0,0,0,0,0,0,0,0,0,,0,0,0,0,0,0,,,,0,0,0,,0,0,0,0,0,0,0,,,0,0,,0,0,0,0,0,0,0,0,0,0,0,,,0,0,0,,,0,,0,0,0,0,0,0,0,0,21000,25590.0,335.0,1628.0,3.3,4.3,6.9,1,1,18,55,-15,1,1,0,1,1,1,1,1,1,,,,0,0,,0,0,0,0,,,0,0,,,0,0,,0,0,0,0,0,0,0,0,,0,0,0,0,0,0,0,,,0,0,0,0,,0,,0,0,0,,,,0,0,0,0,,0,0,0,,,,,0,0,0,0,,0,,0,,0,0,0,0,0,,0,0,0,,,0,0,0,0,0,0,0,,0,0,,0,0,,0,0,0,,,,,0,0,0,0,,0,0,0,0,0,0,0,0,0,0,0,0,0,0,0,0,0,,,2238.0,,,,,1,0,0,,0,0,0,1,0,25590.0,7,0,0,0,0,0,72.3051,186.615,0,0,0,0,0,0,0,0,0,0,0,0,0,0,0,0,0,0,0,0,0,0,0,0,0,0,1,0
https://www.beko.com.tr/split-klima/60905-,60905 Split Klima,34134.0,0,Split Klima,Isıtma Soğutma ve Enerji,Klima,19.0,84.0,31.0,,0,0,0,,0,0,0,,,,,,,1,,,0,,0,0,0,0,0,0,0,0,0,,0,0,0,0,0,0,,,,0,0,0,,0,0,0,0,0,0,0,,,0,0,,0,0,0,0,0,0,0,0,0,0,0,,,0,0,0,,,0,,0,0,0,0,0,0,0,0,9000,10.0,151.0,811.0,,38.0,61.0,0,1,,48,10,1,1,0,1,0,0,0,0,0,,,,0,0,,0,0,0,0,,,0,0,,,0,0,,0,0,0,0,0,0,0,0,,0,0,0,0,0,0,0,,,0,0,0,0,,0,,0,0,0,,,,0,0,0,0,,0,0,0,,,,,0,0,0,0,,0,,0,,0,0,0,0,0,,0,0,0,,,0,0,0,0,0,0,0,,0,0,,0,0,,0,0,0,,,,,0,0,0,0,,0,0,0,0,0,0,0,0,0,0,0,0,0,0,0,0,0,,,950.0,,,,,1,0,0,,0,0,0,1,0,9000.0,7,0,0,0,0,0,48.723444,79.65153,0,0,0,0,0,0,0,0,0,0,0,0,0,0,0,0,0,0,0,0,0,0,0,0,0,0,1,0
https://www.beko.com.tr/split-klima/32425-ekolojik-klima,32425 Ekolojik Inverter Klima 24.000 Btu/h Split Klima,65505.0,147,Split Klima,Isıtma Soğutma ve Enerji,Klima,21.0,100.0,35.0,,0,0,0,,0,0,0,,,,,,,1,,,0,,0,0,0,0,0,0,0,0,0,,0,0,0,0,0,0,,,,0,0,0,,0,0,0,0,0,0,0,,,0,0,,0,0,0,0,0,0,0,0,0,0,0,,,0,0,0,,,0,,0,0,0,0,0,0,0,0,24000,25590.0,335.0,1628.0,3.3,4.3,6.9,1,1,18,48,-15,1,1,0,1,1,1,1,1,1,,,,0,0,,0,0,0,0,,,0,0,,,0,0,,0,0,0,0,0,0,0,0,,0,0,0,0,0,0,0,,,0,0,0,0,,0,,0,0,0,,,,0,0,0,0,,0,0,0,,,,,0,0,0,0,,0,,0,,0,0,0,0,0,,0,0,0,,,0,0,0,0,0,0,0,,0,0,,0,0,,0,0,0,,,,,0,0,0,0,,0,0,0,0,0,0,0,0,0,0,0,0,0,0,0,0,0,,,2238.0,,,,,1,0,0,,0,0,0,1,0,24000.0,7,0,0,0,0,0,72.3051,186.615,0,0,0,0,0,0,0,0,0,0,0,0,0,0,0,0,0,0,0,0,0,0,0,0,0,0,1,0
https://www.beko.com.tr/split-klima/62405-klima,62405 Split Klima,60651.0,0,Split Klima,Isıtma Soğutma ve Enerji,Klima,19.0,84.0,31.0,,0,0,0,,0,0,0,,,,,,,1,,,0,,0,0,0,0,0,0,0,0,0,,0,0,0,0,0,0,,,,0,0,0,,0,0,0,0,0,0,0,,,0,0,,0,0,0,0,0,0,0,0,0,0,0,,,0,0,0,,,0,,0,0,0,0,0,0,0,0,24000,24000.0,335.0,1628.0,3.3,4.3,6.9,0,1,18,48,-15,1,1,0,1,0,0,0,0,0,,,,0,0,,0,0,0,0,,,0,0,,,0,0,,0,0,0,0,0,0,0,0,,0,0,0,0,0,0,0,,,0,0,0,0,,0,,0,0,0,,,,0,0,0,0,,0,0,0,,,,,0,0,0,0,,0,,0,,0,0,0,0,0,,0,0,0,,,0,0,0,0,0,0,0,,0,0,,0,0,,0,0,0,,,,,0,0,0,0,,0,0,0,0,0,0,0,0,0,0,0,0,0,0,0,0,0,,,2238.0,,,,,1,0,0,,0,0,0,1,0,24000.0,7,0,0,0,0,0,48.723444,79.65153,0,0,0,0,0,0,0,0,0,0,0,0,0,0,0,0,0,0,0,0,0,0,0,0,0,0,1,0
https://www.beko.com.tr/split-klima/61805-klima,61805 Split Klima,51024.0,2,Split Klima,Isıtma Soğutma ve Enerji,Klima,19.0,84.0,31.0,,0,0,0,,0,0,0,,,,,,,1,,,0,,0,0,0,0,0,0,0,0,0,,0,0,0,0,0,0,,,,0,0,0,,0,0,0,0,0,0,0,,,0,0,,0,0,0,0,0,0,0,0,0,0,0,,,0,0,0,,,0,,0,0,0,0,0,0,0,0,18000,19790.0,250.0,1270.0,3.61,4.3,7.0,0,1,18,48,-15,1,1,0,1,0,0,0,0,0,,,,0,0,,0,0,0,0,,,0,0,,,0,0,,0,0,0,0,0,0,0,0,,0,0,0,0,0,0,0,,,0,0,0,0,,0,,0,0,0,,,,0,0,0,0,,0,0,0,,,,,0,0,0,0,,0,,0,,0,0,0,0,0,,0,0,0,,,0,0,0,0,0,0,0,,0,0,,0,0,,0,0,0,,,,,0,0,0,0,,0,0,0,0,0,0,0,0,0,0,0,0,0,0,0,0,0,,,1611.0,,,,,1,0,0,,0,0,0,1,0,18000.0,7,0,0,0,0,0,72.3051,120.8592,0,0,0,0,0,0,0,0,0,0,0,0,0,0,0,0,0,0,0,0,0,0,0,0,0,0,1,0
https://www.beko.com.tr/split-klima/30725-a-klima,30725 A Ekolojik Inverter Klima 7.000 Btu/h Split Klima,33177.0,113,Split Klima,Isıtma Soğutma ve Enerji,Klima,19.0,84.0,31.0,,0,0,0,,0,0,0,,,,,,,1,,,0,,0,0,0,0,0,0,0,0,0,,0,0,0,0,0,0,,,,0,0,0,,0,0,0,0,0,0,0,,,0,0,,0,0,0,0,0,0,0,0,0,0,0,,,0,0,0,,,0,,0,0,0,0,0,0,0,0,7000,10918.0,143.0,840.0,,4.0,7.0,0,1,,48,-15,0,1,0,1,0,0,0,0,1,,,,0,0,,0,0,0,0,,,0,0,,,0,0,,0,0,0,0,0,0,0,0,,0,0,0,0,0,0,0,,,0,0,0,0,,0,,0,0,0,,,,0,0,0,0,,0,0,0,,,,,0,0,0,0,,0,,0,,0,0,0,0,0,,0,0,0,,,0,0,0,0,0,0,0,,0,0,,0,0,,0,0,0,,,,,0,0,0,0,,0,0,0,0,0,0,0,0,0,0,0,0,0,0,0,0,0,,,950.0,,,,,1,0,0,,0,0,0,1,0,7000.0,7,0,0,0,0,0,48.723444,79.65153,0,0,0,0,0,0,0,0,0,0,0,0,0,0,0,0,0,0,0,0,0,0,0,0,0,0,1,0
https://www.beko.com.tr/split-klima/30925-a-klima,30925 A Ekolojik Inverter Klima 9.000 Btu/h Split Klima,36780.0,52,Split Klima,Isıtma Soğutma ve Enerji,Klima,19.0,84.0,31.0,,0,0,0,,0,0,0,,,,,,,1,,,0,,0,0,0,0,0,0,0,0,0,,0,0,0,0,0,0,,,,0,0,0,,0,0,0,0,0,0,0,,,0,0,,0,0,0,0,0,0,0,0,0,0,0,,,0,0,0,,,0,,0,0,0,0,0,0,0,0,9000,10918.0,143.0,840.0,4.12,4.0,6.1,1,1,18,48,-15,1,1,0,1,1,1,1,1,1,,,,0,0,,0,0,0,0,,,0,0,,,0,0,,0,0,0,0,0,0,0,0,,0,0,0,0,0,0,0,,,0,0,0,0,,0,,0,0,0,,,,0,0,0,0,,0,0,0,,,,,0,0,0,0,,0,,0,,0,0,0,0,0,,0,0,0,,,0,0,0,0,0,0,0,,0,0,,0,0,,0,0,0,,,,,0,0,0,0,,0,0,0,0,0,0,0,0,0,0,0,0,0,0,0,0,0,,,950.0,,,,,1,0,0,,0,0,0,1,0,9000.0,7,0,0,0,0,0,48.723444,79.65153,0,0,0,0,0,0,0,0,0,0,0,0,0,0,0,0,0,0,0,0,0,0,0,0,0,0,1,0
https://www.beko.com.tr/split-klima/50970-hp-klima,50970 HP Prosmart Plus Black Inverter Klima 9.000 Btu/h Split Klima,51357.0,2,Split Klima,Isıtma Soğutma ve Enerji,Klima,19.0,84.0,31.0,,0,0,0,,0,0,0,,,,,,,1,,,0,,0,0,0,0,0,0,0,0,0,,0,0,0,0,0,0,,,,0,0,0,,0,0,0,0,0,0,0,,,0,0,,0,0,0,0,0,0,0,0,0,0,0,,,0,0,0,,,0,,0,0,0,0,0,0,0,1,9000,11260.0,125.0,875.0,4.12,4.0,7.0,1,1,,48,-15,1,1,1,1,1,1,1,1,0,,,,0,0,,0,0,0,0,,,0,0,,,0,0,,0,0,0,0,0,0,0,0,,0,0,0,0,0,0,0,,,0,0,0,0,,0,,0,0,0,,,,0,0,0,0,,0,0,0,,,,,0,0,0,0,,0,,0,,0,0,0,0,0,,0,0,0,,,0,0,0,0,0,0,0,,0,0,,0,0,,0,0,0,,,,,0,0,0,0,,0,0,0,0,0,0,0,0,0,0,0,0,0,0,0,0,0,,,800.0,,,,,1,0,0,,0,0,0,1,0,9000.0,7,0,0,0,0,0,49.496832,79.65153,0,0,0,0,0,0,0,0,0,0,0,0,0,0,0,0,0,0,0,0,0,0,0,0,0,0,1,0
https://www.beko.com.tr/split-klima/51270-hp-klima,51270 HP Prosmart Plus Black Inverter Klima 12.000 Btu/h Split Klima,56187.0,5,Split Klima,Isıtma Soğutma ve Enerji,Klima,19.0,84.0,31.0,,0,0,0,,0,0,0,,,,,,,1,,,0,,0,0,0,0,0,0,0,0,0,,0,0,0,0,0,0,,,,0,0,0,,0,0,0,0,0,0,0,,,0,0,,0,0,0,0,0,0,0,0,0,0,0,,,0,0,0,,,0,,0,0,0,0,0,0,0,1,12000,13648.0,186.0,875.0,,4.0,6.6,1,1,,48,-15,1,1,1,1,1,1,1,1,0,,,,0,0,,0,0,0,0,,,0,0,,,0,0,,0,0,0,0,0,0,0,0,,0,0,0,0,0,0,0,,,0,0,0,0,,0,,0,0,0,,,,0,0,0,0,,0,0,0,,,,,0,0,0,0,,0,,0,,0,0,0,0,0,,0,0,0,,,0,0,0,0,0,0,0,,0,0,,0,0,,0,0,0,,,,,0,0,0,0,,0,0,0,0,0,0,0,0,0,0,0,0,0,0,0,0,0,,,1050.0,,,,,1,0,0,,0,0,0,1,0,12000.0,7,0,0,0,0,0,49.496832,79.65153,0,0,0,0,0,0,0,0,0,0,0,0,0,0,0,0,0,0,0,0,0,0,0,0,0,0,1,0
https://www.beko.com.tr/split-klima/51870-hp-klima,51870 HP Prosmart Plus Black Inverter Klima 18.000 Btu/h Split Klima,75483.0,5,Split Klima,Isıtma Soğutma ve Enerji,Klima,21.0,100.0,35.0,,0,0,0,,0,0,0,,,,,,,1,,,0,,0,0,0,0,0,0,0,0,0,,0,0,0,0,0,0,,,,0,0,0,,0,0,0,0,0,0,0,,,0,0,,0,0,0,0,0,0,0,0,0,0,0,,,0,0,0,,,0,,0,0,0,0,0,0,0,1,18000,19790.0,250.0,1270.0,3.61,4.3,7.0,1,1,,48,-15,1,1,1,1,1,1,1,1,0,,,,0,0,,0,0,0,0,,,0,0,,,0,0,,0,0,0,0,0,0,0,0,,0,0,0,0,0,0,0,,,0,0,0,0,,0,,0,0,0,,,,0,0,0,0,,0,0,0,,,,,0,0,0,0,,0,,0,,0,0,0,0,0,,0,0,0,,,0,0,0,0,0,0,0,,0,0,,0,0,,0,0,0,,,,,0,0,0,0,,0,0,0,0,0,0,0,0,0,0,0,0,0,0,0,0,0,,,1611.0,,,,,1,0,0,,0,0,0,1,0,18000.0,7,0,0,0,0,0,72.99372,120.8592,0,0,0,0,0,0,0,0,0,0,0,0,0,0,0,0,0,0,0,0,0,0,0,0,0,0,1,0
https://www.beko.com.tr/split-klima/52470-hp-klima,52470 HP Prosmart Plus Black Inverter Klima 24.000 Btu/h Split Klima,91512.0,3,Split Klima,Isıtma Soğutma ve Enerji,Klima,21.0,100.0,35.0,,0,0,0,,0,0,0,,,,,,,1,,,0,,0,0,0,0,0,0,0,0,0,,0,0,0,0,0,0,,,,0,0,0,,0,0,0,0,0,0,0,,,0,0,,0,0,0,0,0,0,0,0,0,0,0,,,0,0,0,,,0,,0,0,0,0,0,0,0,1,24000,25590.0,335.0,1628.0,3.3,4.3,6.9,1,1,,48,-15,0,1,1,1,1,1,1,1,0,,,,0,0,,0,0,0,0,,,0,0,,,0,0,,0,0,0,0,0,0,0,0,,0,0,0,0,0,0,0,,,0,0,0,0,,0,,0,0,0,,,,0,0,0,0,,0,0,0,,,,,0,0,0,0,,0,,0,,0,0,0,0,0,,0,0,0,,,0,0,0,0,0,0,0,,0,0,,0,0,,0,0,0,,,,,0,0,0,0,,0,0,0,0,0,0,0,0,0,0,0,0,0,0,0,0,0,,,2238.0,,,,,1,0,0,,0,0,0,1,0,24000.0,7,0,0,0,0,0,72.99372,186.615,0,0,0,0,0,0,0,0,0,0,0,0,0,0,0,0,0,0,0,0,0,0,0,0,0,0,1,0
https://www.beko.com.tr/split-klima/40970-hp-klima,40970 HP Prosmart Silver Inverter Klima 9.000 Btu/h Split Klima,45681.0,2,Split Klima,Isıtma Soğutma ve Enerji,Klima,19.0,84.0,31.0,,0,0,0,,0,0,0,,,,,,,1,,,0,,0,0,0,0,0,0,0,0,0,,0,0,0,0,0,0,,,,0,0,0,,0,0,0,0,0,0,0,,,0,0,,0,0,0,0,0,0,0,0,0,0,0,,,0,0,0,,,0,,0,0,0,0,0,0,0,1,9000,11260.0,125.0,875.0,4.12,4.0,7.0,1,1,18,48,-15,1,1,1,1,1,1,1,1,1,,,,0,0,,0,0,0,0,,,0,0,,,0,0,,0,0,0,0,0,0,0,0,,0,0,0,0,0,0,0,,,0,0,0,0,,0,,0,0,0,,,,0,0,0,0,,0,0,0,,,,,0,0,0,0,,0,,0,,0,0,0,0,0,,0,0,0,,,0,0,0,0,0,0,0,,0,0,,0,0,,0,0,0,,,,,0,0,0,0,,0,0,0,0,0,0,0,0,0,0,0,0,0,0,0,0,0,,,800.0,,,,,1,0,0,,0,0,0,1,0,9000.0,7,0,0,0,0,0,49.496832,79.65153,0,0,0,0,0,0,0,0,0,0,0,0,0,0,0,0,0,0,0,0,0,0,0,0,0,0,1,0
https://www.beko.com.tr/split-klima/41270-hp-klima,41270 HP Prosmart Silver Inverter Klima 12.000 Btu/h Split Klima,48891.0,11,Split Klima,Isıtma Soğutma ve Enerji,Klima,19.0,84.0,31.0,,0,0,0,,0,0,0,,,,,,,1,,,0,,0,0,0,0,0,0,0,0,0,,0,0,0,0,0,0,,,,0,0,0,,0,0,0,0,0,0,0,,,0,0,,0,0,0,0,0,0,0,0,0,0,0,,,0,0,0,,,0,,0,0,0,0,0,0,0,1,12000,13648.0,186.0,875.0,3.81,4.0,6.6,1,1,18,48,-15,1,1,1,1,1,1,1,1,1,,,,0,0,,0,0,0,0,,,0,0,,,0,0,,0,0,0,0,0,0,0,0,,0,0,0,0,0,0,0,,,0,0,0,0,,0,,0,0,0,,,,0,0,0,0,,0,0,0,,,,,0,0,0,0,,0,,0,,0,0,0,0,0,,0,0,0,,,0,0,0,0,0,0,0,,0,0,,0,0,,0,0,0,,,,,0,0,0,0,,0,0,0,0,0,0,0,0,0,0,0,0,0,0,0,0,0,,,1050.0,,,,,1,0,0,,0,0,0,1,0,12000.0,7,0,0,0,0,0,49.496832,79.65153,0,0,0,0,0,0,0,0,0,0,0,0,0,0,0,0,0,0,0,0,0,0,0,0,0,0,1,0
https://www.beko.com.tr/split-klima/41870-hp-klima,41870 HP Prosmart Silver Inverter Klima 18.000 Btu/h Split Klima,67464.0,16,Split Klima,Isıtma Soğutma ve Enerji,Klima,21.0,100.0,35.0,,0,0,0,,0,0,0,,,,,,,1,,,0,,0,0,0,0,0,0,0,0,0,,0,0,0,0,0,0,,,,0,0,0,,0,0,0,0,0,0,0,,,0,0,,0,0,0,0,0,0,0,0,0,0,0,,,0,0,0,,,0,,0,0,0,0,0,0,0,1,18000,19790.0,250.0,1270.0,3.61,4.3,7.0,1,1,18,48,-15,1,1,1,1,1,1,1,1,1,,,,0,0,,0,0,0,0,,,0,0,,,0,0,,0,0,0,0,0,0,0,0,,0,0,0,0,0,0,0,,,0,0,0,0,,0,,0,0,0,,,,0,0,0,0,,0,0,0,,,,,0,0,0,0,,0,,0,,0,0,0,0,0,,0,0,0,,,0,0,0,0,0,0,0,,0,0,,0,0,,0,0,0,,,,,0,0,0,0,,0,0,0,0,0,0,0,0,0,0,0,0,0,0,0,0,0,,,1611.0,,,,,1,0,0,,0,0,0,1,0,18000.0,7,0,0,0,0,0,72.99372,120.8592,0,0,0,0,0,0,0,0,0,0,0,0,0,0,0,0,0,0,0,0,0,0,0,0,0,0,1,0
https://www.beko.com.tr/split-klima/42470-hp-klima,42470 HP Prosmart Silver Inverter Klima 24.000 Btu/h Split Klima,79566.0,5,Split Klima,Isıtma Soğutma ve Enerji,Klima,21.0,100.0,35.0,,0,0,0,,0,0,0,,,,,,,1,,,0,,0,0,0,0,0,0,0,0,0,,0,0,0,0,0,0,,,,0,0,0,,0,0,0,0,0,0,0,,,0,0,,0,0,0,0,0,0,0,0,0,0,0,,,0,0,0,,,0,,0,0,0,0,0,0,0,1,24000,25590.0,335.0,1628.0,3.3,4.3,6.9,1,1,18,48,-15,1,1,1,1,1,1,1,1,1,,,,0,0,,0,0,0,0,,,0,0,,,0,0,,0,0,0,0,0,0,0,0,,0,0,0,0,0,0,0,,,0,0,0,0,,0,,0,0,0,,,,0,0,0,0,,0,0,0,,,,,0,0,0,0,,0,,0,,0,0,0,0,0,,0,0,0,,,0,0,0,0,0,0,0,,0,0,,0,0,,0,0,0,,,,,0,0,0,0,,0,0,0,0,0,0,0,0,0,0,0,0,0,0,0,0,0,,,2238.0,,,,,1,0,0,,0,0,0,1,0,24000.0,7,0,0,0,0,0,72.99372,186.615,0,0,0,0,0,0,0,0,0,0,0,0,0,0,0,0,0,0,0,0,0,0,0,0,0,0,1,0
https://www.beko.com.tr/split-klima/61205-,61205 Split Klima,36924.0,0,Split Klima,Isıtma Soğutma ve Enerji,Klima,19.0,84.0,31.0,,0,0,0,,0,0,0,,,,,,,1,,,0,,0,0,0,0,0,0,0,0,0,,0,0,0,0,0,0,,,,0,0,0,,0,0,0,0,0,0,0,,,0,0,,0,0,0,0,0,0,0,0,0,0,0,,,0,0,0,,,0,,0,0,0,0,0,0,0,0,12000,10.0,195.0,811.0,3.06,38.0,61.0,0,1,,48,10,1,1,0,1,0,0,0,0,0,,,,0,0,,0,0,0,0,,,0,0,,,0,0,,0,0,0,0,0,0,0,0,,0,0,0,0,0,0,0,,,0,0,0,0,,0,,0,0,0,,,,0,0,0,0,,0,0,0,,,,,0,0,0,0,,0,,0,,0,0,0,0,0,,0,0,0,,,0,0,0,0,0,0,0,,0,0,,0,0,,0,0,0,,,,,0,0,0,0,,0,0,0,0,0,0,0,0,0,0,0,0,0,0,0,0,0,,,950.0,,,,,1,0,0,,0,0,0,1,0,12000.0,7,0,0,0,0,0,48.723444,79.65153,0,0,0,0,0,0,0,0,0,0,0,0,0,0,0,0,0,0,0,0,0,0,0,0,0,0,1,0
https://www.beko.com.tr/kule-tipi-vantilator/31680-hkv-vantilator,31680 HKV Kule Tipi Vantilatör,7999.0,121,Kule Tipi Vantilator,Isıtma Soğutma ve Enerji,Vantilatör,38.0,35.0,70.0,,0,0,0,,0,0,0,,,,,,,0,,,0,,0,0,0,0,0,0,0,0,0,,0,0,0,0,0,0,,,,0,0,0,,0,0,0,0,0,0,0,,,0,0,,0,0,0,0,0,0,0,0,0,0,0,1.0,,0,0,0,,,0,,0,0,0,0,0,0,0,0,,,,,,,,0,0,,,,0,0,0,0,0,0,0,0,0,,,,0,0,,0,0,0,0,,,0,0,,,0,0,,0,0,0,0,0,0,0,0,,0,0,0,0,0,0,0,,,0,0,0,0,,0,,0,0,0,,,,0,0,0,0,,0,0,0,,,,,0,0,0,0,,0,,0,,0,0,0,0,0,,0,0,0,,,0,0,0,0,0,0,0,,0,0,,0,0,,0,0,0,,,,,0,0,0,0,,0,0,0,0,0,0,0,0,0,0,0,1,0,0,0,0,0,,,,,,,,0,1,0,,0,0,0,0,0,0.0,0,0,0,0,0,0,0.0,0.0,0,0,0,0,0,0,0,0,0,0,0,0,0,0,0,0,0,0,0,0,0,0,1,0,0,0,1,0
https://www.beko.com.tr/hava-sogutucu/beko-ac-8030-hava-sogutucu,Beko AC 8030 Hava Soğutucu,14599.0,12,Hava Sogutucu,Isıtma Soğutma ve Enerji,Hava Soğutucu,39.0,47.0,106.0,,0,0,0,,0,0,0,,,,,,,0,,,0,,0,0,0,0,0,0,0,0,0,,0,0,0,0,0,0,,,,0,0,0,,0,0,0,0,0,0,0,,,0,0,,0,0,0,0,0,0,0,0,0,0,0,1.0,,0,0,0,,,0,,0,0,0,0,0,0,0,0,,,,,,,,0,0,,,,0,0,0,0,0,0,0,0,0,3.0,,,0,0,,0,0,0,0,,,0,0,,,0,0,,0,0,0,0,0,0,0,0,,0,0,0,0,0,0,0,,,0,0,0,0,,0,,0,0,0,,,,0,0,0,0,,0,0,0,,,,,0,0,0,0,,0,,0,,0,0,0,0,0,,0,0,0,,,0,0,0,0,0,0,0,,0,0,,0,0,,0,0,0,,,,,0,0,0,0,,0,0,0,0,0,0,0,0,0,0,0,0,0,0,0,0,0,,,200.0,44.0,,,,0,2,0,,0,0,0,0,0,0.0,0,0,0,0,0,0,0.0,0.0,0,0,0,0,0,0,0,0,0,0,0,0,0,0,0,0,0,0,0,0,3,0,0,0,0,1,2,0
https://www.beko.com.tr/hava-sogutucu/beko-ac-6030-hava-sogutucu,Beko AC 6030 Hava Soğutucu,6999.0,194,Hava Sogutucu,Isıtma Soğutma ve Enerji,Hava Soğutucu,35.0,38.0,70.0,,0,0,0,,0,0,0,,,,,,,0,,,0,,0,0,0,0,0,0,0,0,0,,0,0,0,0,0,0,,,,0,0,0,,0,0,0,0,0,0,0,,,0,0,,0,0,0,0,0,0,0,0,0,0,0,1.0,,0,0,0,,,0,,0,0,0,0,0,0,0,0,,,,,,,,0,0,,,,0,0,0,0,0,0,0,0,0,3.0,,,0,0,,0,0,0,0,,,0,0,,,0,0,,0,0,0,0,0,0,0,0,,0,0,0,0,0,0,0,,,0,0,0,0,,0,,0,0,0,,,,0,0,0,0,,0,0,0,,,,,0,0,0,0,,0,,0,,0,0,0,0,0,,0,0,0,,,0,0,0,0,0,0,0,,0,0,,0,0,,0,0,0,,,,,0,0,0,0,,0,0,0,0,0,0,0,0,0,0,0,0,0,0,0,0,0,,,65.0,8.0,,,,0,3,0,,0,0,0,0,0,0.0,0,0,0,0,0,0,0.0,0.0,0,0,0,0,0,0,0,0,0,0,0,0,0,0,0,0,0,0,0,0,3,0,0,0,0,1,2,0
https://www.beko.com.tr/hava-sogutucu/beko-ac-7030-hava-sogutucu,AC 7030 Havadar Hava Serinletici Hava Soğutucu,9599.0,264,Hava Sogutucu,Isıtma Soğutma ve Enerji,Hava Soğutucu,33.0,40.0,97.0,,0,0,0,,0,0,0,,,,,,,0,,,0,,0,0,0,0,0,0,0,0,0,,0,0,0,0,0,0,,,,0,0,0,,0,0,0,0,0,0,0,,,0,0,,0,0,0,0,0,0,0,0,0,0,0,1.0,,0,0,0,,,0,,0,0,0,0,0,0,0,0,,,,,,,,0,0,,,,0,0,0,0,0,0,0,0,0,3.0,,,0,0,,0,0,0,0,,,0,0,,,0,0,,0,0,0,0,0,0,0,0,,0,0,0,0,0,0,0,,,0,0,0,0,,0,,0,0,0,,,,0,0,0,0,,0,0,0,,,,,0,0,0,0,,0,,0,,0,0,0,0,0,,0,0,0,,,0,0,0,0,0,0,0,,0,0,,0,0,,0,0,0,,,,,0,0,0,0,,0,0,0,0,0,0,0,0,0,0,0,0,0,0,0,0,0,,,100.0,6.0,,,,0,3,0,,0,0,0,0,0,0.0,0,0,0,0,0,0,0.0,0.0,0,0,0,0,0,0,0,0,0,0,0,0,0,0,0,0,0,0,0,0,3,0,0,0,0,1,2,0
https://www.beko.com.tr/hava-sogutucu/beko-ac-7030-s-hava-sogutucu,Beko AC 7030 S Hava Soğutucu,9599.0,1,Hava Sogutucu,Isıtma Soğutma ve Enerji,Hava Soğutucu,33.0,40.0,97.0,,0,0,0,,0,0,0,,,,,,,0,,,0,,0,0,0,0,0,0,0,0,0,,0,0,0,0,0,0,,,,0,0,0,,0,0,0,0,0,0,0,,,0,0,,0,0,0,0,0,0,0,0,0,0,0,1.0,,0,0,0,,,0,,0,0,0,0,0,0,0,0,,,,,,,,0,0,,,,0,0,0,0,0,0,0,0,0,3.0,,,0,0,,0,0,0,0,,,0,0,,,0,0,,0,0,0,0,0,0,0,0,,0,0,0,0,0,0,0,,,0,0,0,0,,0,,0,0,0,,,,0,0,0,0,,0,0,0,,,,,0,0,0,0,,0,,0,,0,0,0,0,0,,0,0,0,,,0,0,0,0,0,0,0,,0,0,,0,0,,0,0,0,,,,,0,0,0,0,,0,0,0,0,0,0,0,0,0,0,0,0,0,0,0,0,0,,,100.0,6.0,,,,0,3,0,,0,0,0,0,0,0.0,0,0,0,0,0,0,0.0,0.0,0,0,0,0,0,0,0,0,0,0,0,0,0,0,0,0,0,0,0,0,3,0,0,0,0,1,2,0
https://www.beko.com.tr/ayakli-vantilator/31650-av-vantilator,31650 AV Ayaklı Vantilatör,2849.0,90,Ayakli Vantilator,Isıtma Soğutma ve Enerji,Vantilatör,,40.0,135.0,,0,0,0,,0,0,0,,,,,,,0,,,0,,0,0,0,0,0,0,0,0,0,,0,0,0,0,0,0,,,,0,0,0,,0,0,0,0,0,0,0,,,0,0,,0,0,0,0,0,0,0,0,0,0,0,1.0,,0,0,0,,,0,,0,0,0,0,0,0,0,0,,,,,,,,0,0,,,,0,0,0,0,0,0,0,0,0,3.0,7.0,,0,0,,0,0,0,0,,,0,0,,,0,0,,0,0,0,0,0,0,0,0,,0,0,0,0,0,0,0,,,0,0,0,0,,0,,0,0,0,,,,0,0,0,0,,0,0,0,,,,,0,0,0,0,,0,,0,,0,0,0,0,0,,0,0,0,,,0,0,0,0,0,0,0,,0,0,,0,0,,0,0,0,,,,,0,0,0,0,,0,0,0,0,0,0,0,1,1,0,0,0,0,0,0,0,0,,,50.0,,,,,0,2,0,,0,0,0,0,0,0.0,0,0,0,0,1,0,0.0,0.0,0,0,0,0,0,0,0,0,0,0,0,0,0,0,0,0,0,0,0,0,3,0,0,0,0,1,1,0
https://www.beko.com.tr/ayakli-vantilator/31695-nav-vantilator,31695 NAV Ayaklı Vantilatör,5849.0,25,Ayakli Vantilator,Isıtma Soğutma ve Enerji,Vantilatör,28.0,36.0,109.0,,0,0,0,,0,0,0,,,,,,,0,,,0,,0,0,0,0,0,0,0,0,0,,0,0,0,0,0,0,,,,0,0,0,,0,0,0,0,0,0,0,,,0,0,,0,0,0,0,0,0,0,0,0,0,0,1.0,,0,0,0,,,0,,0,0,0,0,0,0,0,0,,,,,,,,0,0,,,,0,0,0,0,0,0,1,0,0,12.0,5.0,,0,0,,0,0,0,0,,,0,0,,,0,0,,0,0,0,0,0,0,0,0,,0,0,0,0,0,0,0,,,0,0,0,0,,0,,0,0,0,,,,0,0,0,0,,0,0,0,,,,,0,0,0,0,,0,,0,,0,0,0,0,0,,0,0,0,,,0,0,0,0,0,0,0,,0,0,,0,0,,0,0,0,,,,,0,0,0,0,,0,0,0,0,0,0,0,1,0,0,0,0,0,0,0,0,0,,,20.0,,,,,0,2,0,,0,0,0,0,0,0.0,0,0,0,0,1,0,0.0,0.0,0,0,0,0,0,0,0,0,0,0,0,0,0,0,0,0,0,0,0,0,3,0,0,0,0,1,1,0
https://www.beko.com.tr/ayakli-vantilator/31690-nav-vantilator,31690 NAV Ayaklı Vantilatör,3999.0,31,Ayakli Vantilator,Isıtma Soğutma ve Enerji,Vantilatör,30.0,35.0,108.0,,0,0,0,,0,0,0,,,,,,,0,,,0,,0,0,0,0,0,0,0,0,0,,0,0,0,0,0,0,,,,0,0,0,,0,0,0,0,0,0,0,,,0,0,,0,0,0,0,0,0,0,0,0,0,0,1.0,,0,0,0,,,0,,0,0,0,0,0,0,0,0,,,,,,,,0,0,,,,0,0,0,0,0,0,1,0,0,4.0,3.0,,0,0,,0,0,0,0,,,0,0,,,0,0,,0,0,0,0,0,0,0,0,,0,0,0,0,0,0,0,,,0,0,0,0,,0,,0,0,0,,,,0,0,0,0,,0,0,0,,,,,0,0,0,0,,0,,0,,0,0,0,0,0,,0,0,0,,,0,0,0,0,0,0,0,,0,0,,0,0,,0,0,0,,,,,0,0,0,0,,0,0,0,0,0,0,0,0,1,0,0,1,0,0,0,0,0,,,30.0,,,,,0,2,0,,0,0,0,0,0,0.0,0,0,0,0,1,0,0.0,0.0,0,0,0,0,0,0,0,0,0,0,0,0,0,0,0,0,0,0,0,0,3,0,0,0,0,1,1,0
https://www.beko.com.tr/tavan-tipi-vantilator/31643-tvn-vantilator,Başlık Bulunamadı,9499.0,2,Tavan Tipi Vantilator,Isıtma Soğutma ve Enerji,Vantilatör,43.0,45.0,145.0,,0,0,0,,0,0,0,,,,,,,0,,,0,,0,0,0,0,0,0,0,0,0,,0,0,0,0,0,0,,,,0,0,0,,0,0,0,0,0,0,0,,,0,0,,0,0,0,0,0,0,0,0,0,0,0,1.0,,0,0,0,,,0,,0,0,0,0,0,0,0,0,,,,,,,,0,0,,,,0,0,0,0,0,0,1,0,0,6.0,3.0,,0,0,,0,0,0,0,,,0,0,,,0,0,,0,0,0,0,0,0,0,0,,0,0,0,0,0,0,0,,,0,0,0,0,,0,,0,0,0,,,,0,0,0,0,,0,0,0,,,,,0,0,0,0,,0,,0,,0,0,0,0,0,,0,0,0,,,0,0,0,0,0,0,0,,0,0,,0,0,,0,0,0,,,,,0,0,0,0,,0,0,0,0,0,0,0,1,0,0,0,0,0,0,0,0,0,,,30.0,,,,,0,1,0,,0,0,0,0,0,0.0,0,0,0,0,3,0,0.0,0.0,0,0,0,0,0,0,0,0,0,0,0,0,0,0,0,0,0,0,0,0,3,0,0,0,0,0,1,0
https://www.beko.com.tr/tavan-tipi-vantilator/31645-tvn-vantilator,Başlık Bulunamadı,9499.0,2,Tavan Tipi Vantilator,Isıtma Soğutma ve Enerji,Vantilatör,43.0,45.0,145.0,,0,0,0,,0,0,0,,,,,,,0,,,0,,0,0,0,0,0,0,0,0,0,,0,0,0,0,0,0,,,,0,0,0,,0,0,0,0,0,0,0,,,0,0,,0,0,0,0,0,0,0,0,0,0,0,1.0,,0,0,0,,,0,,0,0,0,0,0,0,0,0,,,,,,,,0,0,,,,0,0,0,0,0,0,1,0,0,6.0,5.0,,0,0,,0,0,0,0,,,0,0,,,0,0,,0,0,0,0,0,0,0,0,,0,0,0,0,0,0,0,,,0,0,0,0,,0,,0,0,0,,,,0,0,0,0,,0,0,0,,,,,0,0,0,0,,0,,0,,0,0,0,0,0,,0,0,0,,,0,0,0,0,0,0,0,,0,0,,0,0,,0,0,0,,,,,0,0,0,0,,0,0,0,0,0,0,0,1,1,0,0,1,0,0,0,0,0,,,30.0,,,,,0,1,0,,0,0,0,0,0,0.0,0,0,0,0,3,0,0.0,0.0,0,0,0,0,0,0,0,0,0,0,0,0,0,0,0,0,0,0,0,0,3,0,0,0,0,0,1,0
https://www.beko.com.tr/ayakli-vantilator/31670-av-vantilator,31670 AV Ayaklı Vantilatör,3449.0,106,Ayakli Vantilator,Isıtma Soğutma ve Enerji,Vantilatör,43.0,45.0,145.0,,0,0,0,,0,0,0,,,,,,,0,,,0,,0,0,0,0,0,0,0,0,0,,0,0,0,0,0,0,,,,0,0,0,,0,0,0,0,0,0,0,,,0,0,,0,0,0,0,0,0,0,0,0,0,0,1.0,,0,0,0,,,0,,0,0,0,0,0,0,0,0,,,,,,,,0,0,,,,0,0,0,0,0,0,1,0,0,4.0,5.0,,0,0,,0,0,0,0,,,0,0,,,0,0,,0,0,0,0,0,0,0,0,,0,0,0,0,0,0,0,,,0,0,0,0,,0,,0,0,0,,,,0,0,0,0,,0,0,0,,,,,0,0,0,0,,0,,0,,0,0,0,0,0,,0,0,0,,,0,0,0,0,0,0,0,,0,0,,0,0,,0,0,0,,,,,0,0,0,0,,0,0,0,0,0,0,0,1,1,0,0,0,0,0,0,0,0,,,55.0,,,,,0,1,0,,0,0,0,0,0,0.0,0,0,0,0,1,0,0.0,0.0,0,0,0,0,0,0,0,0,0,0,0,0,0,0,0,0,0,0,0,0,3,0,0,0,0,1,1,0
https://www.beko.com.tr/ayakli-vantilator/31655-av-vantilator,31655 AV Ayaklı Vantilatör,2449.0,17,Ayakli Vantilator,Isıtma Soğutma ve Enerji,Vantilatör,43.0,40.0,137.0,,0,0,0,,0,0,0,,,,,,,0,,,0,,0,0,0,0,0,0,0,0,0,,0,0,0,0,0,0,,,,0,0,0,,0,0,0,0,0,0,0,,,0,0,,0,0,0,0,0,0,0,0,0,0,0,1.0,,0,0,0,,,0,,0,0,0,0,0,0,0,0,,,,,,,,0,0,,,,0,0,0,0,0,0,1,0,0,3.0,5.0,,0,0,,0,0,0,0,,,0,0,,,0,0,,0,0,0,0,0,0,0,0,,0,0,0,0,0,0,0,,,0,0,0,0,,0,,0,0,0,,,,0,0,0,0,,0,0,0,,,,,0,0,0,0,,0,,0,,0,0,0,0,0,,0,0,0,,,0,0,0,0,0,0,0,,0,0,,0,0,,0,0,0,,,,,0,0,0,0,,0,0,0,0,0,0,0,0,1,0,0,1,0,0,0,0,0,,,50.0,,,,,0,1,0,,0,0,0,0,0,0.0,0,0,0,0,1,0,0.0,0.0,0,0,0,0,0,0,0,0,0,0,0,0,0,0,0,0,0,0,0,0,1,0,0,0,0,0,1,0
https://www.beko.com.tr/infrared-isitici/bk-ii-2000-m-elektrikli-isitici,BK II 2000 M Infrared Isıtıcı,4149.0,4,Infrared Isitici,Elektronik,Elektrikli Isıtıcı,79.0,80.0,180.0,,0,0,0,,0,0,0,,,,,,,0,,,0,,0,0,0,0,0,0,0,0,0,,0,0,0,0,0,0,,,,0,0,0,,0,0,0,0,0,0,0,,,0,0,,0,0,0,0,0,0,0,0,0,0,0,,,0,0,0,,,0,,0,0,0,0,0,0,0,0,,,,,,,,0,0,,,,0,0,0,0,0,0,0,0,0,,,2.0,1,0,,0,0,0,0,,,0,0,,,0,0,,0,0,0,0,0,0,0,0,,0,0,0,0,0,0,0,,,0,0,0,0,,0,,0,0,0,,,,0,0,0,0,,0,0,0,,,,,0,0,0,0,,0,,0,,0,0,0,0,0,,0,0,0,,,0,0,0,0,0,0,0,,0,0,,0,0,,0,0,0,,,,,0,0,0,0,,0,0,0,0,0,0,0,0,0,0,0,0,0,0,0,0,0,4.4,,,,,,,0,0,0,,0,0,0,0,0,0.0,0,0,0,0,0,0,0.0,0.0,0,0,0,0,0,1,0,0,0,0,0,0,0,0,0,0,0,0,0,0,0,0,0,0,0,0,2,0
https://www.beko.com.tr/yagli-radyator/bk-rho-11d-elektrikli-isitici,BK RHO 11D Yağlı Radyatör,7299.0,5,Yagli Radyator,Elektronik,Elektrikli Isıtıcı,22.6,39.0,57.0,,0,0,0,,0,0,0,,,,,,,0,,,0,,0,0,0,0,0,0,0,0,0,,0,0,0,0,0,0,,,,0,0,0,,0,0,0,0,0,0,0,,,0,0,,0,0,0,0,0,0,0,0,0,0,0,,,0,0,1,,,0,,0,0,0,0,0,0,1,0,,,,,,,,0,0,,,,0,0,0,0,0,0,0,0,0,,,3.0,1,0,,0,0,0,0,,,0,0,,,0,0,,0,0,0,0,0,0,0,0,,0,0,0,0,0,0,0,,,0,0,0,0,,0,,0,0,0,,,,0,0,0,0,,0,0,0,,,,,0,0,0,0,,0,,0,,0,0,0,0,0,,0,0,0,,,0,0,0,0,0,0,0,,0,0,,0,0,,0,0,0,,,,,0,0,0,0,,0,0,0,0,0,0,0,1,0,0,0,0,0,0,0,0,0,9.25,,2300.0,,,,,1,0,0,,0,0,0,0,0,0.0,0,0,0,0,0,0,0.0,0.0,0,0,0,0,0,0,0,0,0,0,0,0,0,0,0,0,0,0,0,0,0,0,0,0,0,0,1,0
https://www.beko.com.tr/konvektor-isitici/bk-rhc-1800-elektrikli-isitici,BK RHC 1800 Konvektör Isıtıcı,3649.0,4,Konvektor Isitici,Elektronik,Elektrikli Isıtıcı,22.0,54.0,36.0,,0,0,0,,0,0,0,,,,,,,0,,,0,,0,0,0,0,0,0,0,0,0,,0,0,0,0,0,0,,,,0,0,0,,0,0,0,0,0,0,0,,,0,0,,0,0,0,0,0,0,0,0,0,0,0,,,0,0,1,,,0,,0,0,0,0,0,0,0,0,,,,,,,,0,0,,,,0,0,0,0,0,0,0,0,0,,,,0,0,,0,0,0,0,,,0,0,,,0,0,,0,0,0,0,0,0,0,0,,0,0,0,0,0,0,0,,,0,0,0,0,,0,,0,0,0,,,,0,0,0,0,,0,0,0,,,,,0,0,0,0,,0,,0,,0,0,0,0,0,,0,0,0,,,0,0,0,0,0,0,0,,0,0,,0,0,,0,0,0,,,,,0,0,0,0,,0,0,0,0,0,0,0,0,0,0,0,0,0,0,0,0,0,,,1800.0,,,,,0,0,0,,0,0,0,0,0,0.0,0,0,0,0,0,0,0.0,0.0,0,0,0,0,0,0,0,0,0,0,0,0,0,0,0,0,0,0,0,0,1,0,0,0,0,0,2,0
https://www.beko.com.tr/yagli-radyator/bk-rho-11m-elektrikli-isitici,BK RHO 11M Yağlı Radyatör,6249.0,3,Yagli Radyator,Elektronik,Elektrikli Isıtıcı,53.5,28.0,64.0,,0,0,0,,0,0,0,,,,,,,0,,,0,,0,0,0,0,0,0,0,0,0,,0,0,0,0,0,0,,,,0,0,0,,0,0,0,0,0,0,0,,,0,0,,0,0,0,0,0,0,0,0,0,0,0,,,0,0,1,,,0,,0,0,0,0,0,0,0,0,,,,,,,,0,0,,,,0,0,0,0,0,0,0,0,0,,,3.0,1,0,,0,0,0,0,,,0,0,,,0,0,,0,0,0,0,0,0,0,0,,0,0,0,0,0,0,0,,,0,0,0,0,,0,,0,0,0,,,,0,0,0,0,,0,0,0,,,,,0,0,0,0,,0,,0,,0,0,0,0,0,,0,0,0,,,0,0,0,0,0,0,0,,0,0,,0,0,,0,0,0,,,,,0,0,0,0,,0,0,0,0,0,0,0,1,0,0,0,0,0,0,0,0,0,12.7,,2300.0,,,,,0,0,0,,0,0,0,0,0,0.0,0,0,0,0,0,0,0.0,0.0,0,0,0,0,0,0,0,0,0,0,0,0,0,0,0,0,0,0,0,0,0,0,0,0,0,0,2,0
https://www.beko.com.tr/seramik-isitici/bk-chf-bm-elektrikli-isitici,BK CHF BM Seramik Isıtıcı,4549.0,2,Seramik Isitici,Elektronik,Elektrikli Isıtıcı,18.4,19.0,58.0,,0,0,0,,0,0,0,,,,,,,0,,,0,,0,0,0,0,0,0,0,0,0,,0,0,0,0,0,0,,,,0,0,0,,0,0,0,0,0,0,0,,,0,0,,0,0,0,0,0,0,0,0,0,0,0,,,0,0,1,,,0,,0,0,0,0,0,0,0,0,,,,,,,,0,0,,,,0,0,0,0,0,0,0,0,0,,,3.0,1,0,,0,0,0,0,,,0,0,,,0,0,,0,0,0,0,0,0,0,0,,0,0,0,0,0,0,0,,,0,0,0,0,,0,,0,0,0,,,,0,0,0,0,,0,0,0,,,,,0,0,0,0,,0,,0,,0,0,0,0,0,,0,0,0,,,0,0,0,0,0,0,0,,0,0,,0,0,,0,0,0,,,,,0,0,0,0,,0,0,0,0,0,0,0,1,0,0,0,0,0,0,0,0,0,2.3,,,,,,,0,0,0,,0,0,0,0,0,0.0,0,0,0,0,0,0,0.0,0.0,0,0,0,0,0,2,0,0,0,0,0,0,0,0,0,0,0,0,0,0,0,0,0,0,0,0,2,0
https://www.beko.com.tr/infrared-isitici/bk-ii-2500-m-elektrikli-isitici,BK II 2500 M Infrared Isıtıcı,4849.0,6,Infrared Isitici,Elektronik,Elektrikli Isıtıcı,94.5,80.0,180.0,,0,0,0,,0,0,0,,,,,,,0,,,0,,0,0,0,0,0,0,0,0,0,,0,0,0,0,0,0,,,,0,0,0,,0,0,0,0,0,0,0,,,0,0,,0,0,0,0,0,0,0,0,0,0,0,,,0,0,0,,,0,,0,0,0,0,0,0,0,0,,,,,,,,0,0,,,,0,0,0,0,0,0,0,0,0,,,2.0,1,0,,0,0,0,0,,,0,0,,,0,0,,0,0,0,0,0,0,0,0,,0,0,0,0,0,0,0,,,0,0,0,0,,0,,0,0,0,,,,0,0,0,0,,0,0,0,,,,,0,0,0,0,,0,,0,,0,0,0,0,0,,0,0,0,,,0,0,0,0,0,0,0,,0,0,,0,0,,0,0,0,,,,,0,0,0,0,,0,0,0,0,0,0,0,0,0,0,0,0,0,0,0,0,0,4.7,,,,,,,0,0,0,,0,0,0,0,0,0.0,0,0,0,0,0,0,0.0,0.0,0,0,0,0,0,1,0,0,0,0,0,0,0,0,0,0,0,0,0,0,0,0,0,0,0,0,2,0
https://www.beko.com.tr/yagli-radyator/bk-rho-13m-elektrikli-isitici,BK RHO 13M Yağlı Radyatör,8349.0,3,Yagli Radyator,Elektronik,Elektrikli Isıtıcı,43.6,23.0,57.0,,0,0,0,,0,0,0,,,,,,,0,,,0,,0,0,0,0,0,0,0,0,0,,0,0,0,0,0,0,,,,0,0,0,,0,0,0,0,0,0,0,,,0,0,,0,0,0,0,0,0,0,0,0,0,0,,,0,0,1,,,0,,0,0,0,0,0,0,0,0,,,,,,,,0,0,,,,0,0,0,0,0,0,0,0,0,,,3.0,1,0,,0,0,0,0,,,0,0,,,0,0,,0,0,0,0,0,0,0,0,,0,0,0,0,0,0,0,,,0,0,0,0,,0,,0,0,0,,,,0,0,0,0,,0,0,0,,,,,0,0,0,0,,0,,0,,0,0,0,0,0,,0,0,0,,,0,0,0,0,0,0,0,,0,0,,0,0,,0,0,0,,,,,0,0,0,0,,0,0,0,0,0,0,0,1,0,0,0,0,0,0,0,0,0,9.3,,2500.0,,,,,0,0,0,,0,0,0,0,0,0.0,0,0,0,0,0,0,0.0,0.0,0,0,0,0,0,0,0,0,0,0,0,0,0,0,0,0,0,0,0,0,0,0,0,0,0,0,2,0
https://www.beko.com.tr/seramik-isitici/bk-chf-bd-elektrikli-isitici,BK CHF BD Seramik Isıtıcı,4599.0,2,Seramik Isitici,Elektronik,Elektrikli Isıtıcı,18.4,19.0,58.0,,0,0,0,,0,0,0,,,,,,,0,,,0,,0,0,0,0,0,0,0,0,0,,0,0,0,0,0,0,,,,0,0,0,,0,0,0,0,0,0,0,,,0,0,,0,0,0,0,0,0,0,0,0,0,0,,,0,0,1,,,0,,0,0,0,0,0,0,1,0,,,,,,,,0,0,,,,0,0,0,0,0,0,0,0,0,,,3.0,1,0,,0,0,0,0,,,0,0,,,0,0,,0,0,0,0,0,0,0,0,,0,0,0,0,0,0,0,,,0,0,0,0,,0,,0,0,0,,,,0,0,0,0,,0,0,0,,,,,0,0,0,0,,0,,0,,0,0,0,0,0,,0,0,0,,,0,0,0,0,0,0,0,,0,0,,0,0,,0,0,0,,,,,0,0,0,0,,0,0,0,0,0,0,0,1,0,0,0,0,0,0,0,0,0,2.3,,,,,,,1,0,0,,0,0,0,0,0,0.0,0,0,0,0,0,0,0.0,0.0,0,0,0,0,0,2,0,0,0,0,0,0,0,0,0,0,0,0,0,0,0,0,0,0,0,0,1,0
https://www.beko.com.tr/standart-termosifon/bkt-800-b-termosifon,BKT 800 B 77 lt. Standart Termosifon,15899.0,5,Standart Termosifon,Isıtma Soğutma ve Enerji,Termosifon,44.0,44.0,80.0,,0,0,0,,0,0,0,,,,,,,0,,,0,77.0,0,0,0,0,0,0,0,0,0,,0,0,0,0,0,0,,,,0,0,0,,0,0,0,0,0,0,0,,,0,0,,0,0,0,0,0,0,0,0,0,0,0,,,0,0,1,,,0,,0,0,0,0,0,0,0,0,,,,,,,,0,0,,,,0,0,0,0,0,0,0,0,0,,,,0,1,10,1,1,1,1,,,0,0,,,0,0,,0,0,0,0,0,0,0,0,,0,0,0,0,0,0,0,,,0,0,0,0,,0,,0,0,0,,,,0,0,0,0,,0,0,0,,,,,0,0,0,0,,0,,0,,0,0,0,0,0,,0,0,0,,,0,0,0,0,0,0,0,,0,0,,0,0,,0,0,0,,,,,0,0,0,0,,0,0,0,0,0,0,0,0,0,0,0,0,0,0,0,0,0,29.0,,1800.0,,,,,0,0,0,,0,0,0,0,0,0.0,3,0,0,0,0,0,0.0,0.0,0,0,0,0,0,0,0,0,0,0,0,0,0,0,0,0,0,0,0,0,0,0,0,0,0,0,2,0
https://www.beko.com.tr/standart-termosifon/bkt-500-b-termosifon,BKT 500 B  50 lt. Standart Termosifon,12779.0,13,Standart Termosifon,Isıtma Soğutma ve Enerji,Termosifon,44.0,44.0,56.0,,0,0,0,,0,0,0,,,,,,,0,,,0,50.0,0,0,0,0,0,0,0,0,0,,0,0,0,0,0,0,,,,0,0,0,,0,0,0,0,0,0,0,,,0,0,,0,0,0,0,0,0,0,0,0,0,0,,,0,0,1,,,0,,0,0,0,0,0,0,0,0,,,,,,,,0,0,,,,0,0,0,0,0,0,0,0,0,,,,0,1,10,1,1,1,1,,,0,0,,,0,0,,0,0,0,0,0,0,0,0,,0,0,0,0,0,0,0,,,0,0,0,0,,0,,0,0,0,,,,0,0,0,0,,0,0,0,,,,,0,0,0,0,,0,,0,,0,0,0,0,0,,0,0,0,,,0,0,0,0,0,0,0,,0,0,,0,0,,0,0,0,,,,,0,0,0,0,,0,0,0,0,0,0,0,0,0,0,0,0,0,0,0,0,0,22.0,,1800.0,,,,,0,0,0,,0,0,0,0,0,0.0,3,0,0,0,0,0,0.0,0.0,0,0,0,0,0,0,0,0,0,0,0,0,0,0,0,0,0,0,0,0,0,0,0,0,0,0,2,0
https://www.beko.com.tr/dijital-termosifon/bkt-500-e-bs-termosifon,BKT 500 E BS 50 lt. Dijital Termosifon,14699.0,12,Dijital Termosifon,Isıtma Soğutma ve Enerji,Termosifon,44.0,44.0,56.0,,0,0,0,,0,0,0,,,,,,,0,,,0,50.0,0,0,0,0,0,0,0,0,0,,0,0,0,0,0,0,,,,0,0,0,,0,0,0,0,0,0,0,,,0,0,,0,0,0,0,0,0,0,0,0,0,0,,,0,0,1,,,0,,0,0,0,0,0,0,0,0,,,,,,,,0,0,,,,0,0,0,0,0,0,0,0,0,,,,0,1,10,1,1,1,1,,,0,0,,,0,0,,0,0,0,0,0,0,0,0,,0,0,0,0,0,0,0,,,0,0,0,0,,0,,0,0,0,,,,0,0,0,0,,0,0,0,,,,,0,0,0,0,,0,,0,,0,0,0,0,0,,0,0,0,,,0,0,0,0,0,0,0,,0,0,,0,0,,0,0,0,,,,,0,0,0,0,,0,0,0,0,0,0,0,0,0,0,0,0,0,0,0,0,0,22.0,,3000.0,,,,,0,2,0,,0,0,0,0,0,0.0,3,0,0,0,0,0,0.0,0.0,0,0,0,0,0,0,0,0,0,0,0,0,0,0,0,0,0,0,0,0,0,0,0,0,1,0,1,0
https://www.beko.com.tr/dijital-termosifon/bkt-650-e-bs-termosifon,BKT 650 E BS 65 lt. Dijital Termosifon,16339.0,19,Dijital Termosifon,Isıtma Soğutma ve Enerji,Termosifon,44.0,44.0,68.0,,0,0,0,,0,0,0,,,,,,,0,,,0,65.0,0,0,0,0,0,0,0,0,0,,0,0,0,0,0,0,,,,0,0,0,,0,0,0,0,0,0,0,,,0,0,,0,0,0,0,0,0,0,0,0,0,0,,,0,0,1,,,0,,0,0,0,0,0,0,0,0,,,,,,,,0,0,,,,0,0,0,0,0,0,0,0,0,,,,0,1,10,1,1,1,1,,,0,0,,,0,0,,0,0,0,0,0,0,0,0,,0,0,0,0,0,0,0,,,0,0,0,0,,0,,0,0,0,,,,0,0,0,0,,0,0,0,,,,,0,0,0,0,,0,,0,,0,0,0,0,0,,0,0,0,,,0,0,0,0,0,0,0,,0,0,,0,0,,0,0,0,,,,,0,0,0,0,,0,0,0,0,0,0,0,0,0,0,0,0,0,0,0,0,0,26.0,,3000.0,,,,,0,2,0,,0,0,0,0,0,0.0,3,0,0,0,0,0,0.0,0.0,0,0,0,0,0,0,0,0,0,0,0,0,0,0,0,0,0,0,0,0,0,0,0,0,1,0,1,0
https://www.beko.com.tr/dijital-termosifon/bkt-800-e-bs-termosifon,BKT 800 E BS 77 lt. Dijital Termosifon,17669.0,9,Dijital Termosifon,Isıtma Soğutma ve Enerji,Termosifon,44.0,44.0,80.0,,0,0,0,,0,0,0,,,,,,,0,,,0,77.0,0,0,0,0,0,0,0,0,0,,0,0,0,0,0,0,,,,0,0,0,,0,0,0,0,0,0,0,,,0,0,,0,0,0,0,0,0,0,0,0,0,0,,,0,0,1,,,0,,0,0,0,0,0,0,0,0,,,,,,,,0,0,,,,0,0,0,0,0,0,0,0,0,,,,0,1,10,1,1,1,1,,,0,0,,,0,0,,0,0,0,0,0,0,0,0,,0,0,0,0,0,0,0,,,0,0,0,0,,0,,0,0,0,,,,0,0,0,0,,0,0,0,,,,,0,0,0,0,,0,,0,,0,0,0,0,0,,0,0,0,,,0,0,0,0,0,0,0,,0,0,,0,0,,0,0,0,,,,,0,0,0,0,,0,0,0,0,0,0,0,0,0,0,0,0,0,0,0,0,0,29.0,,3000.0,,,,,0,1,0,,0,0,0,0,0,0.0,3,0,0,0,0,0,0.0,0.0,0,0,0,0,0,0,0,0,0,0,0,0,0,0,0,0,0,0,0,0,0,0,0,0,1,0,1,0
https://www.beko.com.tr/standart-termosifon/bkt-650-b-termosifon,BKT 650 B 65 lt. Standart Termosifon,14599.0,17,Standart Termosifon,Isıtma Soğutma ve Enerji,Termosifon,44.0,44.0,68.0,,0,0,0,,0,0,0,,,,,,,0,,,0,65.0,0,0,0,0,0,0,0,0,0,,0,0,0,0,0,0,,,,0,0,0,,0,0,0,0,0,0,0,,,0,0,,0,0,0,0,0,0,0,0,0,0,0,,,0,0,1,,,0,,0,0,0,0,0,0,0,0,,,,,,,,0,0,,,,0,0,0,0,0,0,0,0,0,,,,0,1,10,1,1,1,1,,,0,0,,,0,0,,0,0,0,0,0,0,0,0,,0,0,0,0,0,0,0,,,0,0,0,0,,0,,0,0,0,,,,0,0,0,0,,0,0,0,,,,,0,0,0,0,,0,,0,,0,0,0,0,0,,0,0,0,,,0,0,0,0,0,0,0,,0,0,,0,0,,0,0,0,,,,,0,0,0,0,,0,0,0,0,0,0,0,0,0,0,0,0,0,0,0,0,0,25.0,,1800.0,,,,,0,0,0,,0,0,0,0,0,0.0,3,0,0,0,0,0,0.0,0.0,0,0,0,0,0,0,0,0,0,0,0,0,0,0,0,0,0,0,0,0,0,0,0,0,0,0,2,0
https://www.beko.com.tr/standart-termosifon/bkt-650-eco-termosifon,BKT 650 ECO 65 lt. Standart Termosifon,14349.0,3,Standart Termosifon,Isıtma Soğutma ve Enerji,Termosifon,46.5,47.0,72.0,,0,0,0,,0,0,0,,,,,,,0,,,0,65.0,0,0,0,0,0,0,0,0,0,,0,0,0,0,0,0,,,,0,0,0,,0,0,0,0,0,0,0,,,0,0,,0,0,0,0,0,0,0,0,0,0,0,,,0,0,0,,,0,,0,0,0,0,0,0,0,0,,,,,,,,0,0,,,,0,0,0,0,0,0,0,0,0,,,,0,0,9,0,0,0,0,,,0,0,,,0,0,,0,0,0,0,0,0,0,0,,0,0,0,0,0,0,0,,,0,0,0,0,,0,,0,0,0,,,,0,0,0,0,,0,0,0,,,,,0,0,0,0,,0,,0,,0,0,0,0,0,,0,0,0,,,0,0,0,0,0,0,0,,0,0,,0,0,,0,0,0,,,,,0,0,0,0,,0,0,0,0,0,0,0,0,0,0,0,0,0,0,0,0,0,23.0,,2000.0,,,,,0,0,0,,0,0,0,0,0,0.0,3,0,0,0,0,0,0.0,0.0,0,0,0,0,0,0,0,0,0,0,0,0,0,0,0,0,0,0,0,0,0,0,0,0,0,0,2,0
https://www.beko.com.tr/premix-yogusmali-kombi/smart-logic-35-kombi,Smart Logic 35 Premix Yoğuşmalı Kombi,44299.0,10,Premix Yogusmali Kombi,Isıtma Soğutma ve Enerji,Kombi,25.6,44.0,64.0,,0,0,0,,0,0,0,,,,,,,0,,,0,,0,0,0,0,0,0,0,0,0,,0,0,0,0,0,0,,,,0,0,0,,0,0,0,0,0,0,0,,,0,0,,0,0,0,0,0,0,0,0,0,0,0,,,0,0,0,,,0,,0,0,0,0,0,0,0,0,,,,,,,,0,0,,,,0,0,0,0,0,0,0,0,0,,,,0,0,,0,0,1,0,91.03,18,1,1,85.0,57,1,1,8,1,1,1,1,1,1,1,1,,0,0,0,0,0,0,0,,,0,0,0,0,,0,,0,0,0,,,,0,0,0,0,,0,0,0,,,,,0,0,0,0,,0,,0,,0,0,0,0,0,,0,0,0,,,0,0,0,0,0,0,0,,0,0,,0,0,,0,0,0,,,,,0,0,0,0,,0,0,0,0,0,0,0,0,0,0,0,0,0,0,0,0,0,25.0,,,,,,,0,0,0,,0,0,0,0,0,119425.59999999999,5,0,0,0,0,0,0.0,0.0,0,0,0,0,0,0,0,0,0,0,0,0,0,0,0,0,0,0,0,0,0,0,0,0,0,0,2,0
https://www.beko.com.tr/premix-yogusmali-kombi/smart-logic-30-kombi,Smart Logic 30 Premix Yoğuşmalı Kombi,41999.0,15,Premix Yogusmali Kombi,Isıtma Soğutma ve Enerji,Kombi,25.6,44.0,64.0,,0,0,0,,0,0,0,,,,,,,0,,,0,,0,0,0,0,0,0,0,0,0,,0,0,0,0,0,0,,,,0,0,0,,0,0,0,0,0,0,0,,,0,0,,0,0,0,0,0,0,0,0,0,0,0,,,0,0,0,,,0,,0,0,0,0,0,0,0,0,,,,,,,,0,0,,,,0,0,0,0,0,0,0,0,0,,,,0,0,,0,0,1,0,91.86,18,1,1,86.0,54,1,1,8,1,1,1,1,1,1,1,1,,0,0,0,0,0,0,0,,,0,0,0,0,,0,,0,0,0,,,,0,0,0,0,,0,0,0,,,,,0,0,0,0,,0,,0,,0,0,0,0,0,,0,0,0,,,0,0,0,0,0,0,0,,0,0,,0,0,,0,0,0,,,,,0,0,0,0,,0,0,0,0,0,0,0,0,0,0,0,0,0,0,0,0,0,25.0,,,,,,,0,0,0,,0,0,0,0,0,102364.79999999999,5,0,0,0,0,0,0.0,0.0,0,0,0,0,0,0,0,0,0,0,0,0,0,0,0,0,0,0,0,0,0,0,0,0,0,0,2,0
https://www.beko.com.tr/premix-yogusmali-kombi/smart-logic-24-kombi,Smart Logic 24 Premix Yoğuşmalı Kombi,38999.0,18,Premix Yogusmali Kombi,Isıtma Soğutma ve Enerji,Kombi,25.6,44.0,64.0,,0,0,0,,0,0,0,,,,,,,0,,,0,,0,0,0,0,0,0,0,0,0,,0,0,0,0,0,0,,,,0,0,0,,0,0,0,0,0,0,0,,,0,0,,0,0,0,0,0,0,0,0,0,0,0,,,0,0,0,,,0,,0,0,0,0,0,0,0,0,,,,,,,,0,0,,,,0,0,0,0,0,0,0,0,0,,,,0,0,,0,0,1,0,92.0,14,1,1,86.0,54,1,1,8,1,1,1,1,1,1,1,1,,0,0,0,0,0,0,0,,,0,0,0,0,,0,,0,0,0,,,,0,0,0,0,,0,0,0,,,,,0,0,0,0,,0,,0,,0,0,0,0,0,,0,0,0,,,0,0,0,0,0,0,0,,0,0,,0,0,,0,0,0,,,,,0,0,0,0,,0,0,0,0,0,0,0,0,0,0,0,0,0,0,0,0,0,25.0,,,,,,,0,0,0,,0,0,0,0,0,81891.84,5,0,0,0,0,0,0.0,0.0,0,0,0,0,0,0,0,0,0,0,0,0,0,0,0,0,0,0,0,0,0,0,0,0,0,0,2,0
https://www.beko.com.tr/premix-yogusmali-kombi/megalogic-24-kombi,Megalogic 24 Premix Yoğuşmalı Kombi,44299.0,4,Premix Yogusmali Kombi,Isıtma Soğutma ve Enerji,Kombi,29.6,44.0,64.0,,0,0,0,,0,0,0,,,,,,,0,,,0,,0,0,0,0,0,0,0,0,0,,0,0,0,0,0,0,,,,0,0,0,,0,0,0,0,0,0,0,,,0,0,,0,0,0,0,0,0,0,0,0,0,0,,,0,0,0,,,0,,0,0,0,0,0,0,0,0,,,,,,,,0,0,,,,0,0,0,0,0,0,0,0,0,,,,0,0,,0,0,1,0,91.0,14,1,1,89.0,40,1,1,8,1,1,1,1,1,1,1,1,,0,0,0,0,0,0,0,,,0,0,0,0,,0,,0,0,0,,,,0,0,0,0,,0,0,0,,,,,0,0,0,0,,0,,0,,0,0,0,0,0,,0,0,0,,,0,0,0,0,0,0,0,,0,0,,0,0,,0,0,0,,,,,0,0,0,0,,0,0,0,0,0,0,0,0,0,0,0,0,0,0,0,0,0,30.0,,,,,,,0,0,0,,0,0,0,0,0,81891.84,5,0,0,0,0,0,0.0,0.0,0,0,0,0,0,0,0,0,0,0,0,0,0,0,0,0,0,0,0,0,0,0,0,0,0,0,2,0
https://www.beko.com.tr/premix-yogusmali-kombi/prodens-24-plus-premix-kombi,PRODENS 24 PLUS PREMIX Premix Yoğuşmalı Kombi,30999.0,3,Premix Yogusmali Kombi,Isıtma Soğutma ve Enerji,Kombi,27.5,40.0,70.0,,0,0,0,,0,0,0,,,,,,,0,,,0,,0,0,0,0,0,0,0,0,0,,0,0,0,0,0,0,,,,0,0,0,,0,0,0,0,0,0,0,,,0,0,,0,0,0,0,0,0,0,0,0,0,0,,,0,0,0,,,0,,0,0,0,0,0,0,0,0,,,,,,,,0,0,,,,0,0,0,0,0,0,0,0,0,,,,0,0,,0,0,1,0,92.0,11,1,1,85.2,52,1,1,7,1,1,1,1,1,1,1,1,,0,0,0,0,0,0,0,,,0,0,0,0,,0,,0,0,0,,,,0,0,0,0,,0,0,0,,,,,0,0,0,0,,0,,0,,0,0,0,0,0,,0,0,0,,,0,0,0,0,0,0,0,,0,0,,0,0,,0,0,0,,,,,0,0,0,0,,0,0,0,0,0,0,0,0,0,0,0,0,0,0,0,0,0,31.0,,,,,,,0,0,0,,0,0,0,0,0,75067.51999999999,5,0,0,0,0,0,0.0,0.0,0,0,0,0,0,0,0,0,0,0,0,0,0,0,0,0,0,0,0,0,0,0,0,0,0,0,2,0
https://www.beko.com.tr/premix-yogusmali-kombi/smart-logic-pro-24-kombi,Smart Logic Pro 24 Premix Yoğuşmalı Kombi,35399.0,5,Premix Yogusmali Kombi,Isıtma Soğutma ve Enerji,Kombi,25.6,44.0,64.0,,0,0,0,,0,0,0,,,,,,,0,,,0,,0,0,0,0,0,0,0,0,0,,0,0,0,0,0,0,,,,0,0,0,,0,0,0,0,0,0,0,,,0,0,,0,0,0,0,0,0,0,0,0,0,0,,,0,0,0,,,0,,0,0,0,0,0,0,0,0,,,,,,,,0,0,,,,0,0,0,0,0,0,0,0,0,,,,0,0,,0,0,1,0,92.0,14,1,1,86.0,54,1,1,8,1,1,1,1,1,1,1,1,,0,0,0,0,0,0,0,,,0,0,0,0,,0,,0,0,0,,,,0,0,0,0,,0,0,0,,,,,0,0,0,0,,0,,0,,0,0,0,0,0,,0,0,0,,,0,0,0,0,0,0,0,,0,0,,0,0,,0,0,0,,,,,0,0,0,0,,0,0,0,0,0,0,0,0,0,0,0,0,0,0,0,0,0,25.0,,,,,,,0,0,0,,0,0,0,0,0,81891.84,5,0,0,0,0,0,0.0,0.0,0,0,0,0,0,0,0,0,0,0,0,0,0,0,0,0,0,0,0,0,0,0,0,0,0,0,2,0
https://www.beko.com.tr/premix-yogusmali-kombi/smart-logic-pro-30-kombi,Smart Logic Pro 30 Premix Yoğuşmalı Kombi,38399.0,2,Premix Yogusmali Kombi,Isıtma Soğutma ve Enerji,Kombi,25.6,44.0,64.0,,0,0,0,,0,0,0,,,,,,,0,,,0,,0,0,0,0,0,0,0,0,0,,0,0,0,0,0,0,,,,0,0,0,,0,0,0,0,0,0,0,,,0,0,,0,0,0,0,0,0,0,0,0,0,0,,,0,0,0,,,0,,0,0,0,0,0,0,0,0,,,,,,,,0,0,,,,0,0,0,0,0,0,0,0,0,,,,0,0,,0,0,1,0,91.86,18,1,1,86.0,54,1,1,8,1,1,1,1,1,1,1,1,,0,0,0,0,0,0,0,,,0,0,0,0,,0,,0,0,0,,,,0,0,0,0,,0,0,0,,,,,0,0,0,0,,0,,0,,0,0,0,0,0,,0,0,0,,,0,0,0,0,0,0,0,,0,0,,0,0,,0,0,0,,,,,0,0,0,0,,0,0,0,0,0,0,0,0,0,0,0,0,0,0,0,0,0,25.0,,,,,,,0,0,0,,0,0,0,0,0,102364.79999999999,5,0,0,0,0,0,0.0,0.0,0,0,0,0,0,0,0,0,0,0,0,0,0,0,0,0,0,0,0,0,0,0,0,0,0,0,2,0
https://www.beko.com.tr/premix-yogusmali-kombi/smart-logic-pro-35-kombi,Smart Logic Pro 35 Premix Yoğuşmalı Kombi,40699.0,1,Premix Yogusmali Kombi,Isıtma Soğutma ve Enerji,Kombi,25.6,44.0,64.0,,0,0,0,,0,0,0,,,,,,,0,,,0,,0,0,0,0,0,0,0,0,0,,0,0,0,0,0,0,,,,0,0,0,,0,0,0,0,0,0,0,,,0,0,,0,0,0,0,0,0,0,0,0,0,0,,,0,0,0,,,0,,0,0,0,0,0,0,0,0,,,,,,,,0,0,,,,0,0,0,0,0,0,0,0,0,,,,0,0,,0,0,1,0,91.03,18,1,1,85.0,57,1,1,8,1,1,1,1,1,1,1,1,,0,0,0,0,0,0,0,,,0,0,0,0,,0,,0,0,0,,,,0,0,0,0,,0,0,0,,,,,0,0,0,0,,0,,0,,0,0,0,0,0,,0,0,0,,,0,0,0,0,0,0,0,,0,0,,0,0,,0,0,0,,,,,0,0,0,0,,0,0,0,0,0,0,0,0,0,0,0,0,0,0,0,0,0,25.0,,,,,,,0,0,0,,0,0,0,0,0,119425.59999999999,5,0,0,0,0,0,0.0,0.0,0,0,0,0,0,0,0,0,0,0,0,0,0,0,0,0,0,0,0,0,0,0,0,0,0,0,2,0
https://www.beko.com.tr/nem-alma-cihazi/41650-nac-nem-alma-cihazi,41650 NAC Nem Alma Cihazı,9299.0,11,Nem Alma Cihazi,Isıtma Soğutma ve Enerji,Nem Alma Cihazı,20.0,28.0,40.0,,0,0,0,,0,0,0,,,,,,,0,,,0,,0,0,0,0,0,0,0,0,0,,0,0,0,0,0,0,,,,0,0,0,,0,0,0,0,0,0,0,,,0,0,,0,0,0,0,0,0,0,0,0,0,0,1.0,,0,0,0,,,0,,0,0,0,0,0,0,0,0,,,,,,,,0,0,,,,0,0,0,0,0,0,0,0,0,,,,0,0,,0,0,0,0,,,0,0,,,0,0,,0,0,0,0,0,0,0,0,,0,0,0,0,0,0,0,,,0,0,0,0,,0,,0,0,0,,,,0,0,0,0,,0,0,0,,,,,0,0,0,0,,0,,0,,0,0,0,0,0,,0,0,0,,,0,0,0,0,0,0,0,,0,0,,0,0,,0,0,0,,,,,0,0,0,0,,0,0,0,0,0,0,0,0,0,0,0,0,0,0,0,0,0,9.8,,,,,,,0,0,0,,0,0,0,0,0,0.0,0,0,0,0,0,0,0.0,0.0,0,0,0,0,0,0,0,0,0,0,0,0,0,0,0,0,0,0,0,0,0,0,0,0,0,0,2,0
https://www.beko.com.tr/isitma-sogutma-yedek-parca-ve-aksesuarlari/uzaktan-kumanda-gr-lg-beko-yedek-parca-isitma-sogutma-yedek-parca-ve-aksesuarlari,Uzaktan Kumanda Beko Baskılı Isıtma Soğutma Yedek Parça ve Aksesuarları,700.0,0,Isitma Sogutma Yedek Parca Ve Aksesuarlari,Isıtma Soğutma ve Enerji,Isıtma Soğutma Yedek Parça ve Aksesuarları,,,,,0,0,0,,0,0,0,,,,,,,0,,,0,,0,0,0,0,0,0,0,0,0,,0,0,0,0,0,0,,,,0,0,0,,0,0,0,0,0,0,0,,,0,0,,0,0,0,0,0,0,0,0,0,0,0,,,0,0,0,,,0,,0,0,0,0,0,0,0,0,,,,,,,,0,0,,,,0,0,0,0,0,0,0,0,0,,,,0,0,,0,0,0,0,,,0,0,,,0,0,,0,0,0,0,0,0,0,0,,0,0,0,0,0,0,0,,,0,0,0,0,,0,,0,0,0,,,,0,0,0,0,,0,0,0,,,,,0,0,0,0,,0,,0,,0,0,0,0,0,,0,0,0,,,0,0,0,0,0,0,0,,0,0,,0,0,,0,0,0,,,,,0,0,0,0,,0,0,0,0,0,0,0,0,0,0,0,0,0,0,0,0,0,,,,,,,,0,0,0,,0,0,0,0,0,0.0,0,0,0,0,0,0,0.0,0.0,0,0,0,0,0,0,0,0,0,0,0,0,0,0,0,0,0,0,0,0,0,0,0,0,0,0,2,0
https://www.beko.com.tr/turk-kahve-makinesi/tkm-8961-s-yeni-keyf-turk-kahve-makinesi-kahve-makinesi,TKM 8961 S Yeni Keyf Türk Kahve Makinesi Türk Kahve Makinesi,11149.0,133,Turk Kahve Makinesi,Küçük Ev Aletleri,Kahve Makinesi,31.2,25.0,20.0,,0,0,0,,0,0,0,,,,,,,0,,,0,,0,0,0,0,0,0,0,0,0,,0,0,0,0,0,0,,,,0,0,0,,0,0,0,0,0,0,0,,,0,0,,0,0,0,0,0,0,0,0,0,0,0,,,0,0,0,,,0,,0,0,0,0,0,0,0,0,,,,,,,,0,0,,,,0,0,0,0,0,0,0,0,0,,,,0,0,,0,0,0,0,,,0,0,,,0,0,,0,0,0,0,0,0,0,0,6.0,1,1,1,1,1,1,1,,,0,0,0,0,,0,,0,0,0,,,,0,0,0,0,,0,0,0,,,,,0,0,0,0,,0,,0,,0,0,0,0,0,,0,0,0,,,0,0,0,0,0,0,0,,0,0,,0,0,,0,0,0,,,,,0,0,0,0,,0,0,0,0,0,0,0,1,1,0,0,0,0,0,0,0,0,3.515,,1100.0,1.5,,,,0,0,0,,0,0,0,0,0,0.0,0,0,0,0,0,0,0.0,0.0,0,0,0,0,0,0,0,0,0,0,3,0,0,0,0,0,0,0,0,0,0,0,0,0,0,0,2,0
https://www.beko.com.tr/turk-kahve-makinesi/bkk-2300-mini-keyf-beyaz-kahve-makinesi,BKK 2300 Mini Keyf Beyaz Türk Kahve Makinesi,5149.0,103,Turk Kahve Makinesi,Küçük Ev Aletleri,Kahve Makinesi,17.9,16.0,24.0,,0,0,0,,0,0,0,,,,,,,0,,,0,,0,0,0,0,0,0,0,0,0,,0,0,0,0,0,0,,,,0,0,0,,0,0,0,0,0,0,0,,,0,0,,0,0,0,0,0,0,0,0,0,0,0,,,0,0,0,,,0,,0,0,0,0,0,0,0,0,,,,,,,,0,0,,,,0,0,0,0,0,0,0,0,0,,,,0,0,,0,0,0,0,,,0,0,,,0,0,,0,0,0,0,0,0,0,0,3.0,1,1,1,1,1,1,0,,,0,0,0,0,,0,,0,0,0,,,,0,0,0,0,,0,0,0,,,,,0,0,0,0,,0,,0,,0,0,0,0,0,,0,0,0,,,0,0,0,0,0,0,0,,0,0,,0,0,,0,0,0,,,,,0,0,0,0,,0,0,0,0,0,0,0,1,0,0,0,1,0,0,0,0,0,1.727,,670.0,,,,,0,0,0,,0,0,0,0,0,0.0,0,0,0,0,0,0,0.0,0.0,0,0,0,0,0,0,0,0,0,0,1,0,0,0,0,0,0,0,0,0,0,0,0,0,0,0,2,0
https://www.beko.com.tr/turk-kahve-makinesi/tkm-2341-keyf-i-bol-siyah-kahve-makinesi,TKM 2341 Keyf-i Bol Siyah Türk Kahve Makinesi,3349.0,108,Turk Kahve Makinesi,Küçük Ev Aletleri,Kahve Makinesi,15.6,15.0,24.0,,0,0,0,,0,0,0,,,,,,,0,,,0,,0,0,0,0,0,0,0,0,0,,0,0,0,0,0,0,,,,0,0,0,,0,0,0,0,0,0,0,,,0,0,,0,0,0,0,0,0,0,0,0,0,0,,,0,0,0,,,0,,0,0,0,0,0,0,0,0,,,,,,,,0,0,,,,0,0,0,0,0,0,0,0,0,,,,0,0,,0,0,0,0,,,0,0,,,0,0,,0,0,0,0,0,0,0,0,5.0,1,1,1,1,1,1,0,,,0,0,0,0,,0,,0,0,0,,,,0,0,0,0,,0,0,0,,,,,0,0,0,0,,0,,0,,0,0,0,0,0,,0,0,0,,,0,0,0,0,0,0,0,,0,0,,0,0,,0,0,0,,,,,0,0,0,0,,0,0,0,0,0,0,0,1,0,0,0,0,0,0,0,0,0,1.157,,580.0,,,,,0,0,0,,0,0,0,0,0,0.0,0,0,0,0,0,0,0.0,0.0,0,0,0,0,0,0,0,0,0,0,1,0,0,0,0,0,0,0,0,0,0,0,0,0,0,0,2,0
https://www.beko.com.tr/turk-kahve-makinesi/tkm-8961-a-yeni-keyf-turk-kahve-makinesi-kahve-makinesi,TKM 8961 A Yeni Keyf Türk Kahve Makinesi Türk Kahve Makinesi,11149.0,144,Turk Kahve Makinesi,Küçük Ev Aletleri,Kahve Makinesi,31.2,25.0,20.0,,0,0,0,,0,0,0,,,,,,,0,,,0,,0,0,0,0,0,0,0,0,0,,0,0,0,0,0,0,,,,0,0,0,,0,0,0,0,0,0,0,,,0,0,,0,0,0,0,0,0,0,0,0,0,0,,,0,0,0,,,0,,0,0,0,0,0,0,0,0,,,,,,,,0,0,,,,0,0,0,0,0,0,0,0,0,,,,0,0,,0,0,0,0,,,0,0,,,0,0,,0,0,0,0,0,0,0,0,6.0,1,1,1,1,1,1,1,,,0,0,0,0,,0,,0,0,0,,,,0,0,0,0,,0,0,0,,,,,0,0,0,0,,0,,0,,0,0,0,0,0,,0,0,0,,,0,0,0,0,0,0,0,,0,0,,0,0,,0,0,0,,,,,0,0,0,0,,0,0,0,0,0,0,0,0,1,0,0,0,0,0,0,0,0,3.515,,1100.0,1.5,,,,0,0,0,,0,0,0,0,0,0.0,0,0,0,0,0,0,0.0,0.0,0,0,0,0,0,0,0,0,0,0,3,0,0,0,0,0,0,0,0,0,0,0,0,0,0,0,2,0
https://www.beko.com.tr/turk-kahve-makinesi/tkm-5448-keyf-i-bol-sutlu-kahve-makinesi,TKM 5448 Keyf-i Bol Sütlü Türk Kahve Makinesi,4399.0,55,Turk Kahve Makinesi,Küçük Ev Aletleri,Kahve Makinesi,15.6,15.0,24.0,,0,0,0,,0,0,0,,,,,,,0,,,0,,0,0,0,0,0,0,0,0,0,,0,0,0,0,0,0,,,,0,0,0,,0,0,0,0,0,0,0,,,0,0,,0,0,0,0,0,0,0,0,0,0,0,,,0,0,0,,,0,,0,0,0,0,0,0,0,0,,,,,,,,0,0,,,,0,0,0,0,0,0,0,0,0,,,,0,0,,0,0,0,0,,,0,0,,,0,0,,0,0,0,0,0,0,0,0,5.0,1,1,1,1,1,1,0,,,0,0,0,0,,0,,0,0,0,,,,0,0,0,0,,0,0,0,,,,,0,0,0,0,,0,,0,,0,0,0,0,0,,0,0,0,,,0,0,0,0,0,0,0,,0,0,,0,0,,0,0,0,,,,,0,0,0,0,,0,0,0,0,0,0,0,1,1,0,0,0,0,0,0,0,0,1.196,,580.0,,,,,0,0,0,,0,0,0,0,0,0.0,0,0,0,0,0,0,0.0,0.0,0,0,0,0,0,0,0,0,0,0,1,0,0,0,0,0,0,0,0,0,0,0,0,0,0,0,2,0
https://www.beko.com.tr/cay-makinesi/cfm-8449-i-cay-makinesi,CFM 8449 I Çay Makinesi,10699.0,48,Cay Makinesi,Küçük Ev Aletleri,Çay Makinesi,26.3,33.0,30.0,,0,0,0,,0,0,0,,,,,,,0,,,0,,0,0,0,0,0,0,0,0,0,,0,0,0,0,0,0,,,,0,0,0,,0,0,0,0,0,0,0,,,0,0,,0,0,0,0,0,0,0,0,0,0,0,,,0,0,0,,,0,,0,0,0,0,0,0,0,0,,,,,,,,0,0,,,,0,0,0,0,0,0,0,0,0,,,,0,0,,0,0,0,0,,,0,0,,,0,0,,0,0,0,0,0,0,0,0,,0,0,1,0,0,0,0,0.8,2.0,1,1,1,0,,0,,0,0,0,,,,0,0,0,0,,0,0,0,,,,,0,0,0,0,,0,,0,,0,0,0,0,0,,0,0,0,,,0,0,0,0,0,0,0,,0,0,,0,0,,0,0,0,,,,,0,0,0,0,,0,0,0,0,0,0,0,0,1,0,0,0,0,0,0,0,0,4.798,,1800.0,,,,,0,0,0,,0,0,0,0,0,0.0,0,0,0,0,0,0,0.0,0.0,0,0,0,0,0,0,0,0,0,0,0,0,0,0,0,3,3,0,0,0,0,0,0,0,0,0,2,0
https://www.beko.com.tr/turk-kahve-makinesi/bkk-2300-cb-kahve-makinesi,BKK 2300 CB Türk Kahve Makinesi,9949.0,0,Turk Kahve Makinesi,Küçük Ev Aletleri,Kahve Makinesi,17.9,16.0,24.0,,0,0,0,,0,0,0,,,,,,,0,,,0,,0,0,0,0,0,0,0,0,0,,0,0,0,0,0,0,,,,0,0,0,,0,0,0,0,0,0,0,,,0,0,,0,0,0,0,0,0,0,0,0,0,0,,,0,0,0,,,0,,0,0,0,0,0,0,0,0,,,,,,,,0,0,,,,0,0,0,0,0,0,0,0,0,,,,0,0,,0,0,0,0,,,0,0,,,0,0,,0,0,0,0,0,0,0,0,3.0,1,1,1,1,1,1,0,,,0,0,0,0,,0,,0,0,0,,,,0,0,0,0,,0,0,0,,,,,0,0,0,0,,0,,0,,0,0,0,0,0,,0,0,0,,,0,0,0,0,0,0,0,,0,0,,0,0,,0,0,0,,,,,0,0,0,0,,0,0,0,0,0,0,0,1,0,1,0,0,0,0,0,0,0,1.86,,670.0,,,,,0,0,0,,0,0,0,0,0,0.0,0,0,0,0,0,0,0.0,0.0,0,0,0,0,0,0,0,0,0,0,1,0,0,0,0,0,0,0,0,0,0,0,0,0,0,0,2,0
https://www.beko.com.tr/turk-kahve-makinesi/bkk-2300-fp-kahve-makinesi,BKK 2300 FP Türk Kahve Makinesi,9949.0,0,Turk Kahve Makinesi,Küçük Ev Aletleri,Kahve Makinesi,17.9,16.0,24.0,,0,0,0,,0,0,0,,,,,,,0,,,0,,0,0,0,0,0,0,0,0,0,,0,0,0,0,0,0,,,,0,0,0,,0,0,0,0,0,0,0,,,0,0,,0,0,0,0,0,0,0,0,0,0,0,,,0,0,0,,,0,,0,0,0,0,0,0,0,0,,,,,,,,0,0,,,,0,0,0,0,0,0,0,0,0,,,,0,0,,0,0,0,0,,,0,0,,,0,0,,0,0,0,0,0,0,0,0,3.0,1,1,1,1,1,1,0,,,0,0,0,0,,0,,0,0,0,,,,0,0,0,0,,0,0,0,,,,,0,0,0,0,,0,,0,,0,0,0,0,0,,0,0,0,,,0,0,0,0,0,0,0,,0,0,,0,0,,0,0,0,,,,,0,0,0,0,,0,0,0,0,0,0,0,1,1,0,0,0,0,0,0,0,0,1.86,,670.0,,,,,0,0,0,,0,0,0,0,0,0.0,0,0,0,0,0,0,0.0,0.0,0,0,0,0,0,0,0,0,0,0,1,0,0,0,0,0,0,0,0,0,0,0,0,0,0,0,2,0
https://www.beko.com.tr/turk-kahve-makinesi/bkk-2300-la-kahve-makinesi,BKK 2300 LA Türk Kahve Makinesi,9949.0,0,Turk Kahve Makinesi,Küçük Ev Aletleri,Kahve Makinesi,17.9,16.0,24.0,,0,0,0,,0,0,0,,,,,,,0,,,0,,0,0,0,0,0,0,0,0,0,,0,0,0,0,0,0,,,,0,0,0,,0,0,0,0,0,0,0,,,0,0,,0,0,0,0,0,0,0,0,0,0,0,,,0,0,0,,,0,,0,0,0,0,0,0,0,0,,,,,,,,0,0,,,,0,0,0,0,0,0,0,0,0,,,,0,0,,0,0,0,0,,,0,0,,,0,0,,0,0,0,0,0,0,0,0,3.0,1,1,1,1,1,1,0,,,0,0,0,0,,0,,0,0,0,,,,0,0,0,0,,0,0,0,,,,,0,0,0,0,,0,,0,,0,0,0,0,0,,0,0,0,,,0,0,0,0,0,0,0,,0,0,,0,0,,0,0,0,,,,,0,0,0,0,,0,0,0,0,0,0,0,1,0,0,0,1,0,0,0,0,0,1.86,,670.0,,,,,0,0,0,,0,0,0,0,0,0.0,0,0,0,0,0,0,0.0,0.0,0,0,0,0,0,0,0,0,0,0,1,0,0,0,0,0,0,0,0,0,0,0,0,0,0,0,2,0
https://www.beko.com.tr/filtre-kahve-makinesi/fk-8110-i-ogutuculu-kahve-makinesi,FK 8110 I Öğütücülü Filtre Kahve Makinesi,7479.0,19,Filtre Kahve Makinesi,Küçük Ev Aletleri,Kahve Makinesi,17.5,32.0,44.0,,0,0,0,,0,0,0,,,,,,,0,,,0,,0,0,0,0,0,0,0,0,0,,0,0,0,0,0,0,,,,0,0,0,,0,0,0,0,0,0,0,,,0,0,,0,0,0,0,0,0,0,0,0,0,0,,,0,0,0,,,0,,0,0,0,0,0,0,0,0,,,,,,,,0,0,,,,0,0,0,0,0,0,0,0,0,,,,0,0,,0,0,0,0,,,0,0,,,0,0,,0,0,0,0,0,0,0,0,10.0,0,0,0,0,0,0,0,,,0,1,1,1,,0,,0,0,0,,,,0,0,0,0,,0,0,0,,,,,0,0,0,0,,0,,0,,0,0,0,0,0,,0,0,0,,,0,0,0,0,0,0,0,,0,0,,0,0,,0,0,0,,,,,0,0,0,0,,0,0,0,0,0,0,0,0,1,0,0,0,0,0,0,0,0,3.98,,1000.0,,,,,0,2,0,,0,0,0,0,0,0.0,0,0,0,0,0,0,0.0,0.0,0,0,0,0,0,0,0,0,0,0,0,0,0,0,0,0,0,0,0,0,0,0,0,0,0,0,1,0
https://www.beko.com.tr/yari-otomatik-espresso-makinesi/cep-5304-x-caffeexperto-yari-otomatik-kahve-makinesi,CEP 5304 X CaffeExperto® Yarı Otomatik Yarı Otomatik Espresso Makinesi,9499.0,54,Yari Otomatik Espresso Makinesi,Küçük Ev Aletleri,Kahve Makinesi,41.0,19.0,32.0,,0,0,0,,0,0,0,,,,,,,0,,,0,,0,0,0,0,0,0,0,0,0,,0,0,0,0,0,0,,,,0,0,0,,0,0,0,0,0,0,0,,,0,0,,0,0,0,0,0,0,0,0,0,0,0,,,0,0,0,,,0,,0,0,0,0,0,0,0,0,,,,,,,,0,0,,,,0,0,0,0,0,0,0,0,0,,,,0,0,,0,0,0,0,,,0,0,,,0,0,,0,0,0,0,0,0,0,0,,0,0,0,0,0,0,0,,,0,0,0,0,15,1,,0,0,0,,,,0,0,0,0,,0,0,0,,,,,0,0,0,0,,0,,0,,0,0,0,0,0,,0,0,0,,,0,0,0,0,0,0,0,,0,0,,0,0,,0,0,0,,,,,0,0,0,0,,0,0,0,0,0,0,0,0,1,0,0,0,0,0,0,0,0,7.85,,1350.0,1.1,,,,0,0,0,,0,0,0,0,0,0.0,0,0,0,0,0,0,0.0,0.0,0,0,0,0,0,0,0,0,0,0,0,0,0,0,0,0,0,0,0,0,0,0,0,0,0,0,2,0
https://www.beko.com.tr/tam-otomatik-espresso-makinesi/ceg-7304-x-caffeexperto-tam-otomatik-kahve-makinesi,CEG 7304 X CaffeExperto® Tam Otomatik Tam Otomatik Espresso Makinesi,26799.0,144,Tam Otomatik Espresso Makinesi,Küçük Ev Aletleri,Kahve Makinesi,41.0,27.0,36.0,,0,0,0,,0,0,0,,,,,,,0,,,0,,0,0,0,0,0,0,0,0,0,,0,0,0,0,0,0,,,,0,0,0,,0,0,0,0,0,0,0,,,0,0,,0,0,0,0,0,0,0,0,0,0,0,,,0,0,0,,,0,,0,0,0,0,0,0,0,0,,,,,,,,0,0,,,,0,0,0,0,0,0,0,0,0,,,,0,0,,0,0,0,0,,,0,0,,,0,0,,0,0,0,0,0,0,0,0,,0,0,0,0,0,0,1,,,0,0,0,0,19,1,,0,0,0,,,,0,0,0,0,,0,0,0,,,,,0,0,0,0,,0,,0,,0,0,0,0,0,,0,0,0,,,0,0,0,0,0,0,0,,0,0,,0,0,,0,0,0,,,,,0,0,0,0,,0,0,0,0,0,0,0,1,0,0,0,0,0,0,0,0,0,9.91,,1350.0,2.0,,,,0,0,0,,0,0,0,0,0,0.0,0,0,0,0,0,0,0.0,0.0,0,0,0,0,0,0,0,0,0,0,0,0,0,0,0,0,0,0,0,0,0,0,0,0,0,0,2,0
https://www.beko.com.tr/filtre-kahve-makinesi/fk-5310-s-kahve-makinesi,FK 5310 S Filtre Kahve Makinesi,3699.0,27,Filtre Kahve Makinesi,Küçük Ev Aletleri,Kahve Makinesi,28.6,18.0,32.0,,0,0,0,,0,0,0,,,,,,,0,,,0,,0,0,0,0,0,0,0,0,0,,0,0,0,0,0,0,,,,0,0,0,,0,0,0,0,0,0,0,,,0,0,,0,0,0,0,0,0,0,0,0,0,0,,,0,0,0,,,0,,0,0,0,0,0,0,0,0,,,,,,,,0,0,,,,0,0,0,0,0,0,0,0,0,,,,0,0,,0,0,0,0,,,0,0,,,0,0,,0,0,0,0,0,0,0,0,10.0,0,0,0,0,0,0,0,,,0,1,1,0,,0,,0,0,0,,,,0,0,0,0,,0,0,0,,,,,0,0,0,0,,0,,0,,0,0,0,0,0,,0,0,0,,,0,0,0,0,0,0,0,,0,0,,0,0,,0,0,0,,,,,0,0,0,0,,0,0,0,0,0,0,0,1,0,0,0,0,0,0,0,0,0,2.25,,750.0,,,,,0,1,0,,0,0,0,0,0,0.0,0,0,0,0,0,0,0.0,0.0,0,0,0,0,0,0,0,0,0,0,0,0,0,0,0,0,0,0,0,0,0,0,0,0,0,0,1,0
https://www.beko.com.tr/filtre-kahve-makinesi/cfm-7355-i-kahve-makinesi,CFM 7355 I Filtre Kahve Makinesi,6599.0,20,Filtre Kahve Makinesi,Küçük Ev Aletleri,Kahve Makinesi,22.9,22.0,37.0,,0,0,0,,0,0,0,,,,,,,0,,,0,,0,0,0,0,0,0,0,0,0,,0,0,0,0,0,0,,,,0,0,0,,0,0,0,0,0,0,0,,,0,0,,0,0,0,0,0,0,0,0,0,0,0,1.0,,0,0,0,,,0,,0,0,0,0,0,0,0,0,,,,,,,,0,0,,,,0,0,0,0,0,0,0,0,0,,,,0,0,,0,0,0,0,,,0,0,,,0,0,,0,0,0,0,0,0,0,0,10.0,0,0,0,0,0,0,0,,,0,1,1,1,,0,,0,0,0,,,,0,0,0,0,,0,0,0,,,,,0,0,0,0,,0,,0,,0,0,0,0,0,,0,0,0,,,0,0,0,0,0,0,0,,0,0,,0,0,,0,0,0,,,,,0,0,0,0,,0,0,0,0,0,0,0,0,1,0,0,0,0,0,0,0,0,2.35,,1150.0,,,,,0,2,0,,0,0,0,0,0,0.0,0,0,0,0,0,0,0.0,0.0,0,0,0,0,0,0,0,0,0,0,0,0,0,0,0,0,0,0,0,0,0,0,0,0,0,0,1,0
https://www.beko.com.tr/tam-otomatik-espresso-makinesi/caffeexperto-ce7500--ceg-7348-x-kahve-makinesi,CEG 7348 X CaffeExperto® Tam Otomatik Espresso Makinesi,29999.0,130,Tam Otomatik Espresso Makinesi,Küçük Ev Aletleri,Kahve Makinesi,41.0,19.0,32.0,,0,0,0,,0,0,0,,,,,,,0,,,0,,0,0,0,0,0,0,0,0,0,,0,0,0,0,0,0,,,,0,0,0,,0,0,0,0,0,0,0,,,0,0,,0,0,0,0,0,0,0,0,0,0,0,,,0,0,0,,,0,,0,0,0,0,0,0,0,0,,,,,,,,0,0,,,,0,0,0,0,0,0,0,0,0,,,,0,0,,0,0,0,0,,,0,0,,,0,0,,0,0,0,0,0,0,0,0,,0,0,0,0,0,0,1,,,0,0,0,0,19,1,,0,0,0,,,,0,0,0,0,,0,0,0,,,,,0,0,0,0,,0,,0,,0,0,0,0,0,,0,0,0,,,0,0,0,0,0,0,0,,0,0,,0,0,,0,0,0,,,,,0,0,0,0,,0,0,0,0,0,0,0,0,1,0,0,0,0,0,0,0,0,7.5,,1350.0,1.5,,,,0,0,0,,0,0,0,0,0,0.0,0,0,0,0,0,0,0.0,0.0,0,0,0,0,0,0,0,0,0,0,0,0,0,0,0,0,0,0,0,0,0,0,0,0,0,0,2,0
https://www.beko.com.tr/yari-otomatik-espresso-makinesi/caffeexperto-ce5300-cep-6464-x-kahve-makinesi,CaffeExperto® CE5300 CEP 6464 X Yarı Otomatik Espresso Makinesi,12499.0,27,Yari Otomatik Espresso Makinesi,Küçük Ev Aletleri,Kahve Makinesi,42.5,21.0,31.0,,0,0,0,,0,0,0,,,,,,,0,,,0,,0,0,0,0,0,0,0,0,0,,0,0,0,0,0,0,,,,0,0,0,,0,0,0,0,0,0,0,,,0,0,,0,0,0,0,0,0,0,0,0,0,0,,,0,0,0,,,0,,0,0,0,0,0,0,0,0,,,,,,,,0,0,,,,0,0,0,0,0,0,0,0,0,,,,0,0,,0,0,0,0,,,0,0,,,0,0,,0,0,0,0,0,0,0,0,,0,0,0,0,0,0,1,,,0,0,0,0,20,1,1.0,0,0,0,,,,0,0,0,0,,0,0,0,,,,,0,0,0,0,,0,,0,,0,0,0,0,0,,0,0,0,,,0,0,0,0,0,0,0,,0,0,,0,0,,0,0,0,,,,,0,0,0,0,,0,0,0,0,0,0,0,0,1,0,0,0,0,0,0,0,0,4.351,,1628.0,1.1,,,,0,0,0,,0,0,0,0,0,0.0,0,0,0,0,0,0,0.0,0.0,0,0,0,0,0,0,0,0,0,0,0,0,0,0,0,0,0,0,0,0,0,0,0,0,0,0,2,0
https://www.beko.com.tr/kahve-ogutucu/ko-8420-kahve-makinesi,KO 8420 Kahve Öğütücü,1729.0,7,Kahve Ogutucu,Küçük Ev Aletleri,Kahve Makinesi,,12.0,21.0,,0,0,0,,0,0,0,,,,,,,0,,,0,53.0,0,0,0,0,0,0,0,0,0,,0,0,0,0,0,0,,,,0,0,0,,0,0,0,0,0,0,0,,,0,0,,0,0,0,0,0,0,0,0,0,0,0,,,0,0,0,,,0,,0,0,0,0,0,0,0,0,,,,,,,,0,0,,,,0,0,0,0,0,0,0,0,0,,,,0,0,,0,0,0,0,,,0,0,,,0,0,,0,0,0,0,0,0,0,0,,0,0,0,0,0,0,0,,,0,0,0,0,,0,,0,0,0,,,,0,0,0,0,,0,0,0,,,,,0,0,0,0,,0,,0,,0,0,0,0,0,,0,0,0,,,0,0,0,0,0,0,0,,0,0,,0,0,,0,0,0,,,,,0,0,0,0,,0,0,0,0,0,0,0,0,0,0,0,0,0,0,0,0,0,,,,,,,,0,0,0,,0,0,0,0,0,0.0,0,0,0,0,0,0,0.0,0.0,0,0,0,0,0,0,0,0,0,0,0,0,0,0,0,0,0,0,0,0,0,0,0,0,0,0,2,0
https://www.beko.com.tr/turk-kahve-makinesi/tkm-8961-k-yeni-keyf-turk-kahve-makinesi-kahve-makinesi,TKM 8961 K Yeni Keyf Türk Kahve Makinesi Türk Kahve Makinesi,11899.0,41,Turk Kahve Makinesi,Küçük Ev Aletleri,Kahve Makinesi,31.2,25.0,20.0,,0,0,0,,0,0,0,,,,,,,0,,,0,,0,0,0,0,0,0,0,0,0,,0,0,0,0,0,0,,,,0,0,0,,0,0,0,0,0,0,0,,,0,0,,0,0,0,0,0,0,0,0,0,0,0,,,0,0,0,,,0,,0,0,0,0,0,0,0,0,,,,,,,,0,0,,,,0,0,0,0,0,0,0,0,0,,,,0,0,,0,0,0,0,,,0,0,,,0,0,,0,0,0,0,0,0,0,0,6.0,1,1,1,1,1,1,1,,,0,0,0,0,,0,,0,0,0,,,,0,0,0,0,,0,0,0,,,,,0,0,0,0,,0,,0,,0,0,0,0,0,,0,0,0,,,0,0,0,0,0,0,0,,0,0,,0,0,,0,0,0,,,,,0,0,0,0,,0,0,0,0,0,0,0,0,1,0,0,0,1,0,0,0,0,3.515,,1100.0,1.5,,,,0,0,0,,0,0,0,0,0,0.0,0,0,0,0,0,0,0.0,0.0,0,0,0,0,0,0,0,0,0,0,3,0,0,0,0,0,0,0,0,0,0,0,0,0,0,0,2,0
https://www.beko.com.tr/turk-kahve-makinesi/bkk-2300-mini-keyf-rose-gold-kahve-makinesi,BKK 2300 Mini Keyf Rose Gold Türk Kahve Makinesi,5599.0,28,Turk Kahve Makinesi,Küçük Ev Aletleri,Kahve Makinesi,17.9,16.0,24.0,,0,0,0,,0,0,0,,,,,,,0,,,0,,0,0,0,0,0,0,0,0,0,,0,0,0,0,0,0,,,,0,0,0,,0,0,0,0,0,0,0,,,0,0,,0,0,0,0,0,0,0,0,0,0,0,,,0,0,0,,,0,,0,0,0,0,0,0,0,0,,,,,,,,0,0,,,,0,0,0,0,0,0,0,0,0,,,,0,0,,0,0,0,0,,,0,0,,,0,0,,0,0,0,0,0,0,0,0,3.0,1,1,1,1,1,1,0,,,0,0,0,0,,0,,0,0,0,,,,0,0,0,0,,0,0,0,,,,,0,0,0,0,,0,,0,,0,0,0,0,0,,0,0,0,,,0,0,0,0,0,0,0,,0,0,,0,0,,0,0,0,,,,,0,0,0,0,,0,0,0,0,0,0,0,1,0,0,1,0,0,1,0,0,0,1.727,,670.0,,,,,0,0,0,,0,0,0,0,0,0.0,0,0,0,0,0,0,0.0,0.0,0,0,0,0,0,0,0,0,0,0,0,0,0,0,0,0,0,0,0,0,0,0,0,0,0,0,2,0
https://www.beko.com.tr/kahve-ogutucu/tko-5540-kahve-makinesi,TKO 5540 Türk Kahve Öğütücü,12599.0,4,Kahve Ogutucu,Küçük Ev Aletleri,Kahve Makinesi,,12.0,21.0,,0,0,0,,0,0,0,,,,,,,0,,,0,350.0,0,0,0,0,0,0,0,0,0,,0,0,0,0,0,0,,,,0,0,0,,0,0,0,0,0,0,0,,,0,0,,0,0,0,0,0,0,0,0,0,0,0,,,0,0,0,,,0,,0,0,0,0,0,0,0,0,,,,,,,,0,0,,,,0,0,0,0,0,0,0,0,0,,,,0,0,,0,0,0,0,,,0,0,,,0,0,,0,0,0,0,0,0,0,0,,0,0,0,0,0,0,0,,,0,0,0,0,,0,,0,0,0,,,,0,0,0,0,,0,0,0,,,,,0,0,0,0,,0,,0,,0,0,0,0,0,,0,0,0,,,0,0,0,0,0,0,0,,0,0,,0,0,,0,0,0,,,,,0,0,0,0,,0,0,0,0,0,0,0,0,0,0,0,0,0,0,0,0,0,,,,,,,,0,0,0,,0,0,0,0,0,0.0,0,0,0,0,0,0,0.0,0.0,0,0,0,0,0,0,0,0,0,0,0,0,0,0,0,0,0,0,0,0,0,0,0,0,0,0,2,0
https://www.beko.com.tr/turk-kahve-makinesi/bkk-2400-midi-keyf-beyaz-kahve-makinesi,BKK 2400 Midi Keyf Beyaz Türk Kahve Makinesi,7179.0,20,Turk Kahve Makinesi,Küçük Ev Aletleri,Kahve Makinesi,24.5,17.0,24.0,,0,0,0,,0,0,0,,,,,,,0,,,0,,0,0,0,0,0,0,0,0,0,,0,0,0,0,0,0,,,,0,0,0,,0,0,0,0,0,0,0,,,0,0,,0,0,0,0,0,0,0,0,0,0,0,,,0,0,0,,,0,,0,0,0,0,0,0,0,0,,,,,,,,0,0,,,,0,0,0,0,0,0,0,0,0,,,,0,0,,0,0,0,0,,,0,0,,,0,0,,0,0,0,0,0,0,0,0,,1,1,1,1,1,1,0,,,0,0,0,0,,0,,0,0,0,,,,0,0,0,0,,0,0,0,,,,,0,0,0,0,,0,,0,,0,0,0,0,0,,0,0,0,,,0,0,0,0,0,0,0,,0,0,,0,0,,0,0,0,,,,,0,0,0,0,,0,0,0,0,0,0,0,0,0,0,0,1,0,0,0,0,0,3.0,,670.0,1.1,,,,0,0,0,,0,0,0,0,0,0.0,0,0,0,0,0,0,0.0,0.0,0,0,0,0,0,0,0,0,0,0,1,0,0,0,0,0,0,0,0,0,0,0,0,0,0,0,2,0
https://www.beko.com.tr/turk-kahve-makinesi/tkm-2341-keyf-i-bol-beyaz-kahve-makinesi,TKM 2341 Keyf-i Bol Beyaz Türk Kahve Makinesi,3349.0,52,Turk Kahve Makinesi,Küçük Ev Aletleri,Kahve Makinesi,15.6,15.0,23.0,,0,0,0,,0,0,0,,,,,,,0,,,0,,0,0,0,0,0,0,0,0,0,,0,0,0,0,0,0,,,,0,0,0,,0,0,0,0,0,0,0,,,0,0,,0,0,0,0,0,0,0,0,0,0,0,,,0,0,0,,,0,,0,0,0,0,0,0,0,0,,,,,,,,0,0,,,,0,0,0,0,0,0,0,0,0,,,,0,0,,0,0,0,0,,,0,0,,,0,0,,0,0,0,0,0,0,0,0,5.0,1,1,1,1,1,1,0,,,0,0,0,0,,0,,0,0,0,,,,0,0,0,0,,0,0,0,,,,,0,0,0,0,,0,,0,,0,0,0,0,0,,0,0,0,,,0,0,0,0,0,0,0,,0,0,,0,0,,0,0,0,,,,,0,0,0,0,,0,0,0,0,0,0,0,1,0,0,0,1,0,0,0,0,0,1.157,,580.0,,,,,0,0,0,,0,0,0,0,0,0.0,0,0,0,0,0,0,0.0,0.0,0,0,0,0,0,0,0,0,0,0,1,0,0,0,0,0,0,0,0,0,0,0,0,0,0,0,2,0
https://www.beko.com.tr/turk-kahve-makinesi/bkk-2300-mini-keyf-mor-kahve-makinesi,BKK 2300 Mini Keyf Mor Türk Kahve Makinesi,5599.0,21,Turk Kahve Makinesi,Küçük Ev Aletleri,Kahve Makinesi,17.9,16.0,24.0,,0,0,0,,0,0,0,,,,,,,0,,,0,,0,0,0,0,0,0,0,0,0,,0,0,0,0,0,0,,,,0,0,0,,0,0,0,0,0,0,0,,,0,0,,0,0,0,0,0,0,0,0,0,0,0,,,0,0,0,,,0,,0,0,0,0,0,0,0,0,,,,,,,,0,0,,,,0,0,0,0,0,0,0,0,0,,,,0,0,,0,0,0,0,,,0,0,,,0,0,,0,0,0,0,0,0,0,0,3.0,1,1,1,1,1,1,0,,,0,0,0,0,,0,,0,0,0,,,,0,0,0,0,,0,0,0,,,,,0,0,0,0,,0,,0,,0,0,0,0,0,,0,0,0,,,0,0,0,0,0,0,0,,0,0,,0,0,,0,0,0,,,,,0,0,0,0,,0,0,0,0,0,0,0,1,0,0,0,0,0,0,0,1,0,1.727,,670.0,,,,,0,0,0,,0,0,0,0,0,0.0,0,0,0,0,0,0,0.0,0.0,0,0,0,0,0,0,0,0,0,0,0,0,0,0,0,0,0,0,0,0,0,0,0,0,0,0,2,0
https://www.beko.com.tr/turk-kahve-makinesi/bkk-2300-mini-keyf-siyah-kahve-makinesi,BKK 2300 Mini Keyf Siyah Türk Kahve Makinesi,5599.0,20,Turk Kahve Makinesi,Küçük Ev Aletleri,Kahve Makinesi,17.9,16.0,24.0,,0,0,0,,0,0,0,,,,,,,0,,,0,,0,0,0,0,0,0,0,0,0,,0,0,0,0,0,0,,,,0,0,0,,0,0,0,0,0,0,0,,,0,0,,0,0,0,0,0,0,0,0,0,0,0,,,0,0,0,,,0,,0,0,0,0,0,0,0,0,,,,,,,,0,0,,,,0,0,0,0,0,0,0,0,0,,,,0,0,,0,0,0,0,,,0,0,,,0,0,,0,0,0,0,0,0,0,0,3.0,1,1,1,1,1,1,0,,,0,0,0,0,,0,,0,0,0,,,,0,0,0,0,,0,0,0,,,,,0,0,0,0,,0,,0,,0,0,0,0,0,,0,0,0,,,0,0,0,0,0,0,0,,0,0,,0,0,,0,0,0,,,,,0,0,0,0,,0,0,0,0,0,0,0,1,1,0,0,0,0,0,0,0,0,1.88,,670.0,,,,,0,0,0,,0,0,0,0,0,0.0,0,0,0,0,0,0,0.0,0.0,0,0,0,0,0,0,0,0,0,0,1,0,0,0,0,0,0,0,0,0,0,0,0,0,0,0,2,0
https://www.beko.com.tr/turk-kahve-makinesi/bkk-2170-kahve-makinesi,BKK 2170 Türk Kahve Makinesi,12649.0,11,Turk Kahve Makinesi,Küçük Ev Aletleri,Kahve Makinesi,23.7,28.0,23.0,,0,0,0,,0,0,0,,,,,,,0,,,0,,0,0,0,0,0,0,0,0,0,,0,0,0,0,0,0,,,,0,0,0,,0,0,0,0,0,0,0,,,0,0,,0,0,0,0,0,0,0,0,0,0,0,,,0,0,0,,,0,,0,0,0,0,0,0,0,0,,,,,,,,0,0,,,,0,0,0,0,0,0,0,0,0,,,,0,0,,0,0,0,0,,,0,0,,,0,0,,0,0,0,0,0,0,0,0,4.0,1,1,1,1,1,1,0,,,0,0,0,0,,0,,0,0,0,,,,0,0,0,0,,0,0,0,,,,,0,0,0,0,,0,,0,,0,0,0,0,0,,0,0,0,,,0,0,0,0,0,0,0,,0,0,,0,0,,0,0,0,,,,,0,0,0,0,,0,0,0,0,0,0,0,0,1,0,0,0,0,0,0,0,0,4.25,,1200.0,1.0,,,,0,0,0,,0,0,0,0,0,0.0,0,0,0,0,0,0,0.0,0.0,0,0,0,0,0,0,0,0,0,0,2,0,0,0,0,0,0,0,0,0,0,0,0,0,0,0,2,0
https://www.beko.com.tr/turk-kahve-makinesi/tkm-8961-z-kahve-makinesi,TKM 8961 Z Türk Kahve Makinesi,11899.0,4,Turk Kahve Makinesi,Küçük Ev Aletleri,Kahve Makinesi,31.2,25.0,20.0,,0,0,0,,0,0,0,,,,,,,0,,,0,,0,0,0,0,0,0,0,0,0,,0,0,0,0,0,0,,,,0,0,0,,0,0,0,0,0,0,0,,,0,0,,0,0,0,0,0,0,0,0,0,0,0,,,0,0,0,,,0,,0,0,0,0,0,0,0,0,,,,,,,,0,0,,,,0,0,0,0,0,0,0,0,0,,,,0,0,,0,0,0,0,,,0,0,,,0,0,,0,0,0,0,0,0,0,0,6.0,1,1,1,1,1,1,1,,,0,0,0,0,,0,,0,0,0,,,,0,0,0,0,,0,0,0,,,,,0,0,0,0,,0,,0,,0,0,0,0,0,,0,0,0,,,0,0,0,0,0,0,0,,0,0,,0,0,,0,0,0,,,,,0,0,0,0,,0,0,0,0,0,0,0,0,1,0,0,0,0,0,0,0,0,3.515,,1100.0,1.5,,,,0,0,0,,0,0,0,0,0,0.0,0,0,0,0,0,0,0.0,0.0,0,0,0,0,0,0,0,0,0,0,3,0,0,0,0,0,0,0,0,0,0,0,0,0,0,0,2,0
https://www.beko.com.tr/kahve-ogutucu/ko-8410-kahve-makinesi,KO 8410 Kahve Öğütücü,1359.0,13,Kahve Ogutucu,Küçük Ev Aletleri,Kahve Makinesi,,12.0,21.0,,0,0,0,,0,0,0,,,,,,,0,,,0,53.0,0,0,0,0,0,0,0,0,0,,0,0,0,0,0,0,,,,0,0,0,,0,0,0,0,0,0,0,,,0,0,,0,0,0,0,0,0,0,0,0,0,0,,,0,0,0,,,0,,0,0,0,0,0,0,0,0,,,,,,,,0,0,,,,0,0,0,0,0,0,0,0,0,,,,0,0,,0,0,0,0,,,0,0,,,0,0,,0,0,0,0,0,0,0,0,,0,0,0,0,0,0,0,,,0,0,0,0,,0,,0,0,0,,,,0,0,0,0,,0,0,0,,,,,0,0,0,0,,0,,0,,0,0,0,0,0,,0,0,0,,,0,0,0,0,0,0,0,,0,0,,0,0,,0,0,0,,,,,0,0,0,0,,0,0,0,0,0,0,0,0,0,0,0,0,0,0,0,0,0,,,,,,,,0,0,0,,0,0,0,0,0,0.0,0,0,0,0,0,0,0.0,0.0,0,0,0,0,0,0,0,0,0,0,0,0,0,0,0,0,0,0,0,0,0,0,0,0,0,0,2,0
https://www.beko.com.tr/yari-otomatik-espresso-makinesi/cep-5302-b-kahve-makinesi,CEP 5302 B CaffeExperto® Yarı Otomatik Espresso Makinesi,6649.0,43,Yari Otomatik Espresso Makinesi,Küçük Ev Aletleri,Kahve Makinesi,42.5,15.0,31.0,,0,0,0,,0,0,0,,,,,,,0,,,0,,0,0,0,0,0,0,0,0,0,,0,0,0,0,0,0,,,,0,0,0,,0,0,0,0,0,0,0,,,0,0,,0,0,0,0,0,0,0,0,0,0,0,,,0,0,0,,,0,,0,0,0,0,0,0,0,0,,,,,,,,0,0,,,,0,0,0,0,0,0,0,0,0,,,,0,0,,0,0,0,0,,,0,0,,,0,0,,0,0,0,0,0,0,0,0,,0,0,0,0,0,0,1,,,0,0,0,0,15,1,,0,0,0,,,,0,0,0,0,,0,0,0,,,,,0,0,0,0,,0,,0,,0,0,0,0,0,,0,0,0,,,0,0,0,0,0,0,0,,0,0,,0,0,,0,0,0,,,,,0,0,0,0,,0,0,0,0,0,0,0,1,0,0,0,0,0,0,0,0,0,3.531,,1628.0,1.1,,,,0,0,0,,0,0,0,0,0,0.0,0,0,0,0,0,0,0.0,0.0,0,0,0,0,0,0,0,0,0,0,0,0,0,0,0,0,0,0,0,0,0,0,0,0,0,0,2,0
https://www.beko.com.tr/filtre-kahve-makinesi/fk-5414-kahve-makinesi,FK 5414 Retro Filtre Kahve Makinesi,5699.0,6,Filtre Kahve Makinesi,Küçük Ev Aletleri,Kahve Makinesi,19.0,26.0,36.0,,0,0,0,,0,0,0,,,,,,,0,,,0,,0,0,0,0,0,0,0,0,0,,0,0,0,0,0,0,,,,0,0,0,,0,0,0,0,0,0,0,,,0,0,,0,0,0,0,0,0,0,0,0,0,0,1.0,,0,0,0,,,0,,0,0,0,0,0,0,0,0,,,,,,,,0,0,,,,0,0,0,0,0,0,0,0,0,,,,0,0,,0,0,0,0,,,0,0,,,0,0,,0,0,0,0,0,0,0,0,12.0,0,0,0,0,0,0,0,,,0,1,1,0,,0,,0,0,0,,,,0,0,0,0,,0,0,0,,,,,0,0,0,0,,0,,0,,0,0,0,0,0,,0,0,0,,,0,0,0,0,0,0,0,,0,0,,0,0,,0,0,0,,,,,0,0,0,0,,0,0,0,0,0,0,0,0,1,0,0,0,0,0,0,0,0,2.4,,1000.0,,,,,0,1,0,,0,0,0,0,0,0.0,0,0,0,0,0,0,0.0,0.0,0,0,0,0,0,0,0,0,0,0,0,0,0,0,0,0,0,0,0,0,0,0,0,0,0,0,1,0
https://www.beko.com.tr/turk-kahve-makinesi/bkk-2700-keyf-profesyonel-kahve-makinesi,BKK 2700 Keyf Profesyonel Türk Kahve Makinesi,91599.0,7,Turk Kahve Makinesi,Küçük Ev Aletleri,Kahve Makinesi,36.0,48.0,34.0,,0,0,0,,0,0,0,,,,,,,0,,,0,,0,0,0,0,0,0,0,0,0,,0,0,0,0,0,0,,,,0,0,0,,0,0,0,0,0,0,0,,,0,0,,0,0,0,0,0,0,0,0,0,0,0,,,0,0,0,,,0,,0,0,0,0,0,0,0,0,,,,,,,,0,0,,,,1,0,0,0,0,0,0,0,0,,,,0,0,,0,0,0,0,,,0,0,,,0,0,,0,0,0,0,0,0,0,0,9.0,1,1,1,1,1,1,0,,,0,0,0,0,,0,,0,0,0,,,,0,0,0,0,,0,0,0,,,,,0,0,0,0,,0,,0,,0,0,0,0,0,,0,0,0,,,0,0,0,0,0,0,0,,0,0,,0,0,,0,0,0,,,,,0,0,0,0,,0,0,0,0,0,0,0,0,1,0,0,0,0,0,0,0,0,15.0,,2600.0,4.5,,,,0,0,0,,0,0,0,0,0,0.0,0,0,0,0,0,0,0.0,0.0,0,0,0,0,0,0,0,0,0,0,3,0,0,0,0,0,0,0,0,0,0,0,0,0,0,0,2,0
https://www.beko.com.tr/kahve-demleme-ekipmanlari/morning-dream-sut-kopurtme-makinesi-kahve-makinesi,Morning Dream Süt Köpürtme Makinesi Kahve Demleme Ekipmanları,21250.0,0,Kahve Demleme Ekipmanlari,Küçük Ev Aletleri,Kahve Makinesi,37.9,10.0,24.0,,0,0,0,,0,0,0,,,,,,,0,,,0,,0,0,0,0,0,0,0,0,0,,0,0,0,0,0,0,,,,0,0,0,,0,0,0,0,0,0,0,,,0,0,,0,0,0,0,0,0,0,0,0,0,0,,,0,0,0,,,0,,0,0,0,0,0,0,0,0,,,,,,,,0,0,,,,0,0,0,0,0,0,0,0,0,,,,0,0,,0,0,0,0,,,0,0,,,0,0,,0,0,0,0,0,0,0,0,,0,0,0,0,0,0,0,,,0,0,0,0,,0,,0,0,0,,,,0,0,0,0,,0,0,0,,,,,0,0,0,0,,0,,0,,0,0,0,0,0,,0,0,0,,,0,0,0,0,0,0,0,,0,0,,0,0,,0,0,0,,,,,0,0,0,0,,0,0,0,0,0,0,0,0,0,0,0,0,0,0,0,0,0,4.5,,,,,,,0,0,0,,0,0,0,0,0,0.0,0,0,0,0,0,0,0.0,0.0,0,0,0,0,0,0,0,0,0,0,0,0,0,0,0,0,0,0,0,0,0,0,0,0,0,0,2,0
https://www.beko.com.tr/kahve-demleme-ekipmanlari/morning-dream-sut-kopurtucu-beyaz-kahve-makinesi,Morning Dream Süt Köpürtücü Beyaz Kahve Demleme Ekipmanları,21250.0,0,Kahve Demleme Ekipmanlari,Küçük Ev Aletleri,Kahve Makinesi,37.9,10.0,24.0,,0,0,0,,0,0,0,,,,,,,0,,,0,,0,0,0,0,0,0,0,0,0,,0,0,0,0,0,0,,,,0,0,0,,0,0,0,0,0,0,0,,,0,0,,0,0,0,0,0,0,0,0,0,0,0,,,0,0,0,,,0,,0,0,0,0,0,0,0,0,,,,,,,,0,0,,,,0,0,0,0,0,0,0,0,0,,,,0,0,,0,0,0,0,,,0,0,,,0,0,,0,0,0,0,0,0,0,0,,0,0,0,0,0,0,0,,,0,0,0,0,,0,,0,0,0,,,,0,0,0,0,,0,0,0,,,,,0,0,0,0,,0,,0,,0,0,0,0,0,,0,0,0,,,0,0,0,0,0,0,0,,0,0,,0,0,,0,0,0,,,,,0,0,0,0,,0,0,0,0,0,0,0,0,0,0,0,0,0,0,0,0,0,4.5,,,,,,,0,0,0,,0,0,0,0,0,0.0,0,0,0,0,0,0,0.0,0.0,0,0,0,0,0,0,0,0,0,0,0,0,0,0,0,0,0,0,0,0,0,0,0,0,0,0,2,0
https://www.beko.com.tr/kahve-demleme-ekipmanlari/espresso-perfetto-siyah-tamper-kahve-makinesi,Espresso Perfetto Siyah Tamper Kahve Demleme Ekipmanları,2624.96,1,Kahve Demleme Ekipmanlari,Küçük Ev Aletleri,Kahve Makinesi,7.5,6.0,9.0,,0,0,0,,0,0,0,,,,,,,0,,,0,,0,0,0,0,0,0,0,0,0,,0,0,0,0,0,0,,,,0,0,0,,0,0,0,0,0,0,0,,,0,0,,0,0,0,0,0,0,0,0,0,0,0,,,0,0,0,,,0,,0,0,0,0,0,0,0,0,,,,,,,,0,0,,,,0,0,0,0,0,0,0,0,0,,,,0,0,,0,0,0,0,,,0,0,,,0,0,,0,0,0,0,0,0,0,0,,0,0,0,0,0,0,0,,,0,0,0,0,,0,,0,0,0,,,,0,0,0,0,,0,0,0,,,,,0,0,0,0,,0,,0,,0,0,0,0,0,,0,0,0,,,0,0,0,0,0,0,0,,0,0,,0,0,,0,0,0,,,,,0,0,0,0,,0,0,0,0,0,0,0,0,0,0,0,0,0,0,0,0,0,0.454,,,,,,,0,0,0,,0,0,0,0,0,0.0,0,0,0,0,0,0,0.0,0.0,0,0,0,0,0,0,0,0,0,0,0,0,0,0,0,0,0,0,0,0,0,0,0,0,0,0,2,0
https://www.beko.com.tr/kahve-demleme-ekipmanlari/espresso-perfetto-tamper-istasyon-klasik-kahve-makinesi,Espresso Perfetto Tamper İstasyon Klasik Kahve Demleme Ekipmanları,1260.0,1,Kahve Demleme Ekipmanlari,Küçük Ev Aletleri,Kahve Makinesi,12.0,9.0,6.0,,0,0,0,,0,0,0,,,,,,,0,,,0,,0,0,0,0,0,0,0,0,0,,0,0,0,0,0,0,,,,0,0,0,,0,0,0,0,0,0,0,,,0,0,,0,0,0,0,0,0,0,0,0,0,0,,,0,0,0,,,0,,0,0,0,0,0,0,0,0,,,,,,,,0,0,,,,0,0,0,0,0,0,0,0,0,,,,0,0,,0,0,0,0,,,0,0,,,0,0,,0,0,0,0,0,0,0,0,,0,0,0,0,0,0,0,,,0,0,0,0,,0,,0,0,0,,,,0,0,0,0,,0,0,0,,,,,0,0,0,0,,0,,0,,0,0,0,0,0,,0,0,0,,,0,0,0,0,0,0,0,,0,0,,0,0,,0,0,0,,,,,0,0,0,0,,0,0,0,0,0,0,0,0,0,0,0,0,0,0,0,0,0,0.267,,,,,,,0,0,0,,0,0,0,0,0,0.0,0,0,0,0,0,0,0.0,0.0,0,0,0,0,0,0,0,0,0,0,0,0,0,0,0,0,0,0,0,0,0,0,0,0,0,0,2,0
https://www.beko.com.tr/kahve-demleme-ekipmanlari/rocket-tamper-kahve-makinesi,Rocket Tamper Kahve Demleme Ekipmanları,3674.98,0,Kahve Demleme Ekipmanlari,Küçük Ev Aletleri,Kahve Makinesi,12.0,9.0,6.0,,0,0,0,,0,0,0,,,,,,,0,,,0,,0,0,0,0,0,0,0,0,0,,0,0,0,0,0,0,,,,0,0,0,,0,0,0,0,0,0,0,,,0,0,,0,0,0,0,0,0,0,0,0,0,0,,,0,0,0,,,0,,0,0,0,0,0,0,0,0,,,,,,,,0,0,,,,0,0,0,0,0,0,0,0,0,,,,0,0,,0,0,0,0,,,0,0,,,0,0,,0,0,0,0,0,0,0,0,,0,0,0,0,0,0,0,,,0,0,0,0,,0,,0,0,0,,,,0,0,0,0,,0,0,0,,,,,0,0,0,0,,0,,0,,0,0,0,0,0,,0,0,0,,,0,0,0,0,0,0,0,,0,0,,0,0,,0,0,0,,,,,0,0,0,0,,0,0,0,0,0,0,0,0,0,0,0,0,0,0,0,0,0,0.267,,,,,,,0,0,0,,0,0,0,0,0,0.0,0,0,0,0,0,0,0.0,0.0,0,0,0,0,0,0,0,0,0,0,0,0,0,0,0,0,0,0,0,0,0,0,0,0,0,0,2,0
https://www.beko.com.tr/kahve-demleme-ekipmanlari/rocket-tamper-leveler-siyah-kahve-makinesi,Rocket Tamper & Leveler Siyah Kahve Demleme Ekipmanları,3674.98,0,Kahve Demleme Ekipmanlari,Küçük Ev Aletleri,Kahve Makinesi,6.0,5.0,4.0,,0,0,0,,0,0,0,,,,,,,0,,,0,,0,0,0,0,0,0,0,0,0,,0,0,0,0,0,0,,,,0,0,0,,0,0,0,0,0,0,0,,,0,0,,0,0,0,0,0,0,0,0,0,0,0,,,0,0,0,,,0,,0,0,0,0,0,0,0,0,,,,,,,,0,0,,,,0,0,0,0,0,0,0,0,0,,,,0,0,,0,0,0,0,,,0,0,,,0,0,,0,0,0,0,0,0,0,0,,0,0,0,0,0,0,0,,,0,0,0,0,,0,,0,0,0,,,,0,0,0,0,,0,0,0,,,,,0,0,0,0,,0,,0,,0,0,0,0,0,,0,0,0,,,0,0,0,0,0,0,0,,0,0,,0,0,,0,0,0,,,,,0,0,0,0,,0,0,0,0,0,0,0,0,0,0,0,0,0,0,0,0,0,0.514,,,,,,,0,0,0,,0,0,0,0,0,0.0,0,0,0,0,0,0,0.0,0.0,0,0,0,0,0,0,0,0,0,0,0,0,0,0,0,0,0,0,0,0,0,0,0,0,0,0,2,0
https://www.beko.com.tr/kahve-demleme-ekipmanlari/rocket-competition-sutluk-bakir-kahve-makinesi,Rocket Competition Sütlük Bakır Kahve Demleme Ekipmanları,2467.46,0,Kahve Demleme Ekipmanlari,Küçük Ev Aletleri,Kahve Makinesi,6.0,10.0,9.0,,0,0,0,,0,0,0,,,,,,,0,,,0,,0,0,0,0,0,0,0,0,0,,0,0,0,0,0,0,,,,0,0,0,,0,0,0,0,0,0,0,,,0,0,,0,0,0,0,0,0,0,0,0,0,0,,,0,0,0,,,0,,0,0,0,0,0,0,0,0,,,,,,,,0,0,,,,0,0,0,0,0,0,0,0,0,,,,0,0,,0,0,0,0,,,0,0,,,0,0,,0,0,0,0,0,0,0,0,,0,0,0,0,0,0,0,,,0,0,0,0,,0,,0,0,0,,,,0,0,0,0,,0,0,0,,,,,0,0,0,0,,0,,0,,0,0,0,0,0,,0,0,0,,,0,0,0,0,0,0,0,,0,0,,0,0,,0,0,0,,,,,0,0,0,0,,0,0,0,0,0,0,0,0,0,0,0,0,0,0,0,0,0,0.148,,,,,,,0,0,0,,0,0,0,0,0,0.0,0,0,0,0,0,0,0.0,0.0,0,0,0,0,0,0,0,0,0,0,0,0,0,0,0,0,0,0,0,0,0,0,0,0,0,0,2,0
https://www.beko.com.tr/kapsul-kahve-makinesi/morning-kapsul-kahve-makinesi-siyah-kahve-makinesi,Morning Kapsül Kahve Makinesi Siyah Kapsül Kahve Makinesi,27750.0,2,Kapsul Kahve Makinesi,Küçük Ev Aletleri,Kahve Makinesi,40.0,10.0,26.0,,0,0,0,,0,0,0,,,,,,,0,,,0,,0,0,0,0,0,0,0,0,0,,0,0,0,0,0,0,,,,0,0,0,,0,0,0,0,0,0,0,,,0,0,,0,0,0,0,0,0,0,0,0,0,0,,,0,0,0,,,0,,0,0,0,0,0,0,0,0,,,,,,,,0,0,,,,0,0,0,0,0,0,0,0,0,,,,0,0,,0,0,0,0,,,0,0,,,0,0,,0,0,0,0,0,0,0,0,,0,0,0,0,0,0,0,,,0,0,0,0,,0,,0,0,0,,,,0,0,0,0,,0,0,0,,,,,0,0,0,0,,0,,0,,0,0,0,0,0,,0,0,0,,,0,0,0,0,0,0,0,,0,0,,0,0,,0,0,0,,,,,0,0,0,0,,0,0,0,0,0,0,0,0,0,0,0,0,0,0,0,0,0,,,,,,,,0,0,0,,0,0,0,0,0,0.0,0,0,0,0,0,0,0.0,0.0,0,0,0,0,0,0,0,0,0,0,0,0,0,0,0,0,0,0,0,0,0,0,0,0,0,0,2,0
https://www.beko.com.tr/kapsul-kahve-makinesi/morning-kapsul-kahve-makinesi-beyaz-kahve-makinesi,Morning Kapsül Kahve Makinesi Beyaz Kapsül Kahve Makinesi,27750.0,0,Kapsul Kahve Makinesi,Küçük Ev Aletleri,Kahve Makinesi,40.0,10.0,26.0,,0,0,0,,0,0,0,,,,,,,0,,,0,,0,0,0,0,0,0,0,0,0,,0,0,0,0,0,0,,,,0,0,0,,0,0,0,0,0,0,0,,,0,0,,0,0,0,0,0,0,0,0,0,0,0,,,0,0,0,,,0,,0,0,0,0,0,0,0,0,,,,,,,,0,0,,,,0,0,0,0,0,0,0,0,0,,,,0,0,,0,0,0,0,,,0,0,,,0,0,,0,0,0,0,0,0,0,0,,0,0,0,0,0,0,0,,,0,0,0,0,,0,,0,0,0,,,,0,0,0,0,,0,0,0,,,,,0,0,0,0,,0,,0,,0,0,0,0,0,,0,0,0,,,0,0,0,0,0,0,0,,0,0,,0,0,,0,0,0,,,,,0,0,0,0,,0,0,0,0,0,0,0,0,0,0,0,0,0,0,0,0,0,,,,,,,,0,0,0,,0,0,0,0,0,0.0,0,0,0,0,0,0,0.0,0.0,0,0,0,0,0,0,0,0,0,0,0,0,0,0,0,0,0,0,0,0,0,0,0,0,0,0,2,0
https://www.beko.com.tr/espresso-makinesi/profitec-move-kahve-makinesi-kahve-makinesi,Profitec Move Kahve Makinesi Espresso Makinesi,113662.46,0,Espresso Makinesi,Küçük Ev Aletleri,Kahve Makinesi,44.5,27.0,38.0,,0,0,0,,0,0,0,,,,,,,0,,,0,,0,0,0,0,0,0,0,0,0,,0,0,0,0,0,0,,,,0,0,0,,0,0,0,0,0,0,0,,,0,0,,0,0,0,0,0,0,0,0,0,0,0,,,0,0,0,,,0,,0,0,0,0,0,0,0,0,,,,,,,,0,0,,,,0,0,0,0,0,0,0,0,0,,,,0,0,,0,0,0,0,,,0,0,,,0,0,,0,0,0,0,0,0,0,0,,0,0,0,0,0,0,0,,,0,0,0,0,9,0,0.0,0,0,0,,,,0,0,0,0,,0,0,0,,,,,0,0,0,0,,0,,0,,0,0,0,0,0,,0,0,0,,,0,0,0,0,0,0,0,,0,0,,0,0,,0,0,0,,,,,0,0,0,0,,0,0,0,0,0,0,0,0,0,0,0,0,0,0,0,0,0,18.7,,2300.0,2.8,,,,0,0,0,,0,0,0,0,0,0.0,0,0,0,0,0,0,0.0,0.0,0,0,0,0,0,0,0,0,0,0,0,0,0,0,0,0,0,0,0,0,0,0,0,0,0,0,2,0
https://www.beko.com.tr/kahve-ogutucu/eureka-mignon-crono-siyah-kahve-makinesi,Eureka Mignon Crono Siyah Kahve Öğütücü,14962.5,1,Kahve Ogutucu,Küçük Ev Aletleri,Kahve Makinesi,19.0,12.0,35.0,,0,0,0,,0,0,0,,,,,,,0,,,0,300.0,0,0,0,0,0,0,0,0,0,,0,0,0,0,0,0,,,,0,0,0,,0,0,0,0,0,0,0,,,0,0,,0,0,0,0,0,0,0,0,0,0,0,,,0,0,0,,,0,,0,0,0,0,0,0,0,0,,,,,,,,0,0,,,,0,0,0,0,0,0,0,0,0,,,,0,0,,0,0,0,0,,,0,0,,,0,0,,0,0,0,0,0,0,0,0,,0,0,0,0,0,0,0,,,0,0,0,0,,0,,0,0,0,,,,0,0,0,0,,0,0,0,,,,,0,0,0,0,,0,,0,,0,0,0,0,0,,0,0,0,,,0,0,0,0,0,0,0,,0,0,,0,0,,0,0,0,,,,,0,0,0,0,,0,0,0,0,0,0,0,0,0,0,0,0,0,0,0,0,0,,,,,,,,0,0,0,,0,0,0,0,0,0.0,0,0,0,0,0,0,0.0,0.0,0,0,0,0,0,0,0,0,0,0,0,0,0,0,0,0,0,0,0,0,0,0,0,0,0,0,2,0
https://www.beko.com.tr/kahve-ogutucu/eureka-mignon-crono-beyaz-kahve-makinesi,Eureka Mignon Crono Beyaz Kahve Öğütücü,14962.5,0,Kahve Ogutucu,Küçük Ev Aletleri,Kahve Makinesi,19.0,12.0,35.0,,0,0,0,,0,0,0,,,,,,,0,,,0,300.0,0,0,0,0,0,0,0,0,0,,0,0,0,0,0,0,,,,0,0,0,,0,0,0,0,0,0,0,,,0,0,,0,0,0,0,0,0,0,0,0,0,0,,,0,0,0,,,0,,0,0,0,0,0,0,0,0,,,,,,,,0,0,,,,0,0,0,0,0,0,0,0,0,,,,0,0,,0,0,0,0,,,0,0,,,0,0,,0,0,0,0,0,0,0,0,,0,0,0,0,0,0,0,,,0,0,0,0,,0,,0,0,0,,,,0,0,0,0,,0,0,0,,,,,0,0,0,0,,0,,0,,0,0,0,0,0,,0,0,0,,,0,0,0,0,0,0,0,,0,0,,0,0,,0,0,0,,,,,0,0,0,0,,0,0,0,0,0,0,0,0,0,0,0,0,0,0,0,0,0,,,,,,,,0,0,0,,0,0,0,0,0,0.0,0,0,0,0,0,0,0.0,0.0,0,0,0,0,0,0,0,0,0,0,0,0,0,0,0,0,0,0,0,0,0,0,0,0,0,0,2,0
https://www.beko.com.tr/kahve-ogutucu/stone-pebble-kahve-ogutucu-krom-kahve-makinesi,Stone Pebble Kahve Öğütücü Krom Kahve Öğütücü,29399.96,0,Kahve Ogutucu,Küçük Ev Aletleri,Kahve Makinesi,18.0,13.0,38.0,,0,0,0,,0,0,0,,,,,,,0,,,0,300.0,0,0,0,0,0,0,0,0,0,,0,0,0,0,0,0,,,,0,0,0,,0,0,0,0,0,0,0,,,0,0,,0,0,0,0,0,0,0,0,0,0,0,,,0,0,0,,,0,,0,0,0,0,0,0,0,0,,,,,,,,0,0,,,,0,0,0,0,0,0,0,0,0,,,,0,0,,0,0,0,0,,,0,0,,,0,0,,0,0,0,0,0,0,0,0,,0,0,0,0,0,0,0,,,0,0,0,0,,0,,0,0,0,,,,0,0,0,0,,0,0,0,,,,,0,0,0,0,,0,,0,,0,0,0,0,0,,0,0,0,,,0,0,0,0,0,0,0,,0,0,,0,0,,0,0,0,,,,,0,0,0,0,,0,0,0,0,0,0,0,0,0,0,0,0,0,0,0,0,0,,,,,,,,0,0,0,,0,0,0,0,0,0.0,0,0,0,0,0,0,0.0,0.0,0,0,0,0,0,0,0,0,0,0,0,0,0,0,0,0,0,0,0,0,0,0,0,0,0,0,2,0
https://www.beko.com.tr/espresso-makinesi/nespresso-essenza-mini-d30-red-kahve-makinesi,Nespresso Essenza Mini D30 Red Espresso Makinesi,9999.0,0,Espresso Makinesi,Küçük Ev Aletleri,Kahve Makinesi,32.5,11.0,21.0,,0,0,0,,0,0,0,,,,,,,0,,,0,,0,0,0,0,0,0,0,0,0,,0,0,0,0,0,0,,,,0,0,0,,0,0,0,0,0,0,0,,,0,0,,0,0,0,0,0,0,0,0,0,0,0,,,0,0,0,,,0,,0,0,0,0,0,0,0,0,,,,,,,,0,0,,,,0,0,0,0,0,0,0,0,0,,,,0,0,,0,0,0,0,,,0,0,,,0,0,,0,0,0,0,0,0,0,0,,0,0,0,0,0,0,1,,,0,0,0,0,19,1,1.0,0,0,0,,,,0,0,0,0,,0,0,0,,,,,0,0,0,0,,0,,0,,0,0,0,0,0,,0,0,0,,,0,0,0,0,0,0,0,,0,0,,0,0,,0,0,0,,,,,0,0,0,0,,0,0,0,0,0,0,0,0,0,0,0,0,1,0,0,0,0,2.1,,1450.0,,,,,0,0,0,,0,0,0,0,0,0.0,0,0,0,0,0,0,0.0,0.0,0,0,0,0,0,0,0,0,0,0,0,0,0,0,0,0,0,0,0,0,0,0,0,0,0,0,2,0
https://www.beko.com.tr/espresso-makinesi/nespresso-creatista-pro-kahve-makinesi,Nespresso Creatista Pro Espresso Makinesi,49999.0,0,Espresso Makinesi,Küçük Ev Aletleri,Kahve Makinesi,49.9,25.0,3.0,,0,0,0,,0,0,0,,,,,,,0,,,0,,0,0,0,0,0,0,0,0,0,,0,0,0,0,0,0,,,,0,0,0,,0,0,0,0,0,0,0,,,0,0,,0,0,0,0,0,0,0,0,0,0,0,,,0,0,0,,,0,,0,0,0,0,0,0,0,0,,,,,,,,0,0,,,,0,0,0,0,0,0,0,0,0,,,,0,0,,0,0,0,0,,,0,0,,,0,0,,0,0,0,0,0,0,0,0,,0,0,0,0,0,0,1,,,0,0,0,0,19,1,1.0,0,0,0,,,,0,0,0,0,,0,0,0,,,,,0,0,0,0,,0,,0,,0,0,0,0,0,,0,0,0,,,0,0,0,0,0,0,0,,0,0,,0,0,,0,0,0,,,,,0,0,0,0,,0,0,0,0,0,0,0,0,1,0,0,0,0,0,0,0,0,6.6,,2300.0,0.002,,,,0,0,0,,0,0,0,0,0,0.0,0,0,0,0,0,0,0.0,0.0,0,0,0,0,0,0,0,0,0,0,0,0,0,0,0,0,0,0,0,0,0,0,0,0,0,0,2,0
https://www.beko.com.tr/espresso-makinesi/nespresso-aeroccino-4-sut-kopurtucu-kahve-makinesi,Nespresso Aeroccino 4 Süt Köpürtücü Espresso Makinesi,5999.0,0,Espresso Makinesi,Küçük Ev Aletleri,Kahve Makinesi,10.0,10.0,17.0,,0,0,0,,0,0,0,,,,,,,0,,,0,,0,0,0,0,0,0,0,0,0,,0,0,0,0,0,0,,,,0,0,0,,0,0,0,0,0,0,0,,,0,0,,0,0,0,0,0,0,0,0,0,0,0,,,0,0,0,,,0,,0,0,0,0,0,0,0,0,,,,,,,,0,0,,,,0,0,0,0,0,0,0,0,0,,,,0,0,,0,0,0,0,,,0,0,,,0,0,,0,0,0,0,0,0,0,0,,0,0,0,0,0,0,0,,,0,0,0,0,,0,,0,0,0,,,,0,0,0,0,,0,0,0,,,,,0,0,0,0,,0,,0,,0,0,0,0,0,,0,0,0,,,0,0,0,0,0,0,0,,0,0,,0,0,,0,0,0,,,,,0,0,0,0,,0,0,0,0,0,0,0,0,0,0,0,0,0,0,0,0,0,1.03,,,,,,,0,0,0,,0,0,0,0,0,0.0,0,0,0,0,0,0,0.0,0.0,0,0,0,0,0,0,0,0,0,0,0,0,0,0,0,0,0,0,0,0,0,0,0,0,0,0,2,0
https://www.beko.com.tr/espresso-makinesi/nespresso-pixie-titan-ve--aeroccino-3-kahve-makinesi,Nespresso Pixie Titan ve  Aeroccino 3 Espresso Makinesi,14499.0,0,Espresso Makinesi,Küçük Ev Aletleri,Kahve Makinesi,32.6,11.0,24.0,,0,0,0,,0,0,0,,,,,,,0,,,0,,0,0,0,0,0,0,0,0,0,,0,0,0,0,0,0,,,,0,0,0,,0,0,0,0,0,0,0,,,0,0,,0,0,0,0,0,0,0,0,0,0,0,,,0,0,0,,,0,,0,0,0,0,0,0,0,0,,,,,,,,0,0,,,,0,0,0,0,0,0,0,0,0,,,,0,0,,0,0,0,0,,,0,0,,,0,0,,0,0,0,0,0,0,0,0,,0,0,0,0,0,0,1,,,0,0,0,0,19,1,1.0,0,0,0,,,,0,0,0,0,,0,0,0,,,,,0,0,0,0,,0,,0,,0,0,0,0,0,,0,0,0,,,0,0,0,0,0,0,0,,0,0,,0,0,,0,0,0,,,,,0,0,0,0,,0,0,0,0,0,0,0,0,1,0,0,0,0,0,0,0,0,3.6,,1350.0,,,,,0,0,0,,0,0,0,0,0,0.0,0,0,0,0,0,0,0.0,0.0,0,0,0,0,0,0,0,0,0,0,0,0,0,0,0,0,0,0,0,0,0,0,0,0,0,0,2,0
https://www.beko.com.tr/espresso-makinesi/nespresso-gran-lattissima-black-kahve-makinesi,Nespresso Gran Lattissima Black Espresso Makinesi,27999.0,0,Espresso Makinesi,Küçük Ev Aletleri,Kahve Makinesi,37.0,20.0,28.0,,0,0,0,,0,0,0,,,,,,,0,,,0,,0,0,0,0,0,0,0,0,0,,0,0,0,0,0,0,,,,0,0,0,,0,0,0,0,0,0,0,,,0,0,,0,0,0,0,0,0,0,0,0,0,0,,,0,0,0,,,0,,0,0,0,0,0,0,0,0,,,,,,,,0,0,,,,0,0,0,0,0,0,0,0,0,,,,0,0,,0,0,0,0,,,0,0,,,0,0,,0,0,0,0,0,0,0,0,,0,0,0,0,0,0,1,,,0,0,0,0,19,1,1.0,0,0,0,,,,0,0,0,0,,0,0,0,,,,,0,0,0,0,,0,,0,,0,0,0,0,0,,0,0,0,,,0,0,0,0,0,0,0,,0,0,,0,0,,0,0,0,,,,,0,0,0,0,,0,0,0,0,0,0,0,1,0,0,0,0,0,0,0,0,0,5.2,,1450.0,0.001,,,,0,0,0,,0,0,0,0,0,0.0,0,0,0,0,0,0,0.0,0.0,0,0,0,0,0,0,0,0,0,0,0,0,0,0,0,0,0,0,0,0,0,0,0,0,0,0,2,0
https://www.beko.com.tr/espresso-makinesi/nespresso-essenza-mini-matt-black-kahve-makinesi,Nespresso Essenza Mini Matt Black Espresso Makinesi,9999.0,0,Espresso Makinesi,Küçük Ev Aletleri,Kahve Makinesi,32.5,11.0,21.0,,0,0,0,,0,0,0,,,,,,,0,,,0,,0,0,0,0,0,0,0,0,0,,0,0,0,0,0,0,,,,0,0,0,,0,0,0,0,0,0,0,,,0,0,,0,0,0,0,0,0,0,0,0,0,0,,,0,0,0,,,0,,0,0,0,0,0,0,0,0,,,,,,,,0,0,,,,0,0,0,0,0,0,0,0,0,,,,0,0,,0,0,0,0,,,0,0,,,0,0,,0,0,0,0,0,0,0,0,,0,0,0,0,0,0,1,,,0,0,0,0,19,1,1.0,0,0,0,,,,0,0,0,0,,0,0,0,,,,,0,0,0,0,,0,,0,,0,0,0,0,0,,0,0,0,,,0,0,0,0,0,0,0,,0,0,,0,0,,0,0,0,,,,,0,0,0,0,,0,0,0,0,0,0,0,0,0,0,0,0,0,0,0,0,0,2.1,,1450.0,,,,,0,0,0,,0,0,0,0,0,0.0,0,0,0,0,0,0,0.0,0.0,0,0,0,0,0,0,0,0,0,0,0,0,0,0,0,0,0,0,0,0,0,0,0,0,0,0,2,0
https://www.beko.com.tr/espresso-makinesi/nespresso-gran-lattissima-white-kahve-makinesi,Nespresso Gran Lattissima White Espresso Makinesi,27999.0,2,Espresso Makinesi,Küçük Ev Aletleri,Kahve Makinesi,37.0,20.0,28.0,,0,0,0,,0,0,0,,,,,,,0,,,0,,0,0,0,0,0,0,0,0,0,,0,0,0,0,0,0,,,,0,0,0,,0,0,0,0,0,0,0,,,0,0,,0,0,0,0,0,0,0,0,0,0,0,,,0,0,0,,,0,,0,0,0,0,0,0,0,0,,,,,,,,0,0,,,,0,0,0,0,0,0,0,0,0,,,,0,0,,0,0,0,0,,,0,0,,,0,0,,0,0,0,0,0,0,0,0,,0,0,0,0,0,0,1,,,0,0,0,0,19,1,1.0,0,0,0,,,,0,0,0,0,,0,0,0,,,,,0,0,0,0,,0,,0,,0,0,0,0,0,,0,0,0,,,0,0,0,0,0,0,0,,0,0,,0,0,,0,0,0,,,,,0,0,0,0,,0,0,0,0,0,0,0,0,0,0,0,1,0,0,0,0,0,5.2,,1450.0,0.001,,,,0,0,0,,0,0,0,0,0,0.0,0,0,0,0,0,0,0.0,0.0,0,0,0,0,0,0,0,0,0,0,0,0,0,0,0,0,0,0,0,0,0,0,0,0,0,0,2,0
https://www.beko.com.tr/espresso-makinesi/rocket-appartamento-tca-white-kahve-makinesi,Rocket Appartamento TCA White Espresso Makinesi,91874.98,0,Espresso Makinesi,Küçük Ev Aletleri,Kahve Makinesi,44.8,27.0,36.0,,0,0,0,,0,0,0,,,,,,,0,,,0,,0,0,0,0,0,0,0,0,0,,0,0,0,0,0,0,,,,0,0,0,,0,0,0,0,0,0,0,,,0,0,,0,0,0,0,0,0,0,0,0,0,0,,,0,0,0,,,0,,0,0,0,0,0,0,0,0,,,,,,,,0,0,,,,0,0,0,0,0,0,0,0,0,,,,0,0,,0,0,0,0,,,0,0,,,0,0,,0,0,0,0,0,0,0,0,,0,0,0,0,0,0,0,,,0,0,0,0,9,1,0.0,0,0,0,,,,0,0,0,0,,0,0,0,,,,,0,0,0,0,,0,,0,,0,0,0,0,0,,0,0,0,,,0,0,0,0,0,0,0,,0,0,,0,0,,0,0,0,,,,,0,0,0,0,,0,0,0,0,0,0,0,0,1,0,0,0,0,0,0,0,0,22.0,,1350.0,2.5,,,,0,0,0,,0,0,0,0,0,0.0,0,0,0,0,0,0,0.0,0.0,0,0,0,0,0,0,0,0,0,0,0,0,0,0,0,0,0,0,0,0,0,0,0,0,0,0,2,0
https://www.beko.com.tr/espresso-makinesi/rocket-appartamento-tca-black-kahve-makinesi,Rocket Appartamento TCA Black Espresso Makinesi,94762.46,0,Espresso Makinesi,Küçük Ev Aletleri,Kahve Makinesi,44.8,27.0,36.0,,0,0,0,,0,0,0,,,,,,,0,,,0,,0,0,0,0,0,0,0,0,0,,0,0,0,0,0,0,,,,0,0,0,,0,0,0,0,0,0,0,,,0,0,,0,0,0,0,0,0,0,0,0,0,0,,,0,0,0,,,0,,0,0,0,0,0,0,0,0,,,,,,,,0,0,,,,0,0,0,0,0,0,0,0,0,,,,0,0,,0,0,0,0,,,0,0,,,0,0,,0,0,0,0,0,0,0,0,,0,0,0,0,0,0,0,,,0,0,0,0,9,1,0.0,0,0,0,,,,0,0,0,0,,0,0,0,,,,,0,0,0,0,,0,,0,,0,0,0,0,0,,0,0,0,,,0,0,0,0,0,0,0,,0,0,,0,0,,0,0,0,,,,,0,0,0,0,,0,0,0,0,0,0,0,0,1,0,0,0,0,0,0,0,0,22.0,,1350.0,2.5,,,,0,0,0,,0,0,0,0,0,0.0,0,0,0,0,0,0,0.0,0.0,0,0,0,0,0,0,0,0,0,0,0,0,0,0,0,0,0,0,0,0,0,0,0,0,0,0,2,0
https://www.beko.com.tr/kahve-demleme-ekipmanlari/brewista-flat-v-cone-cam-dripper-kahve-makinesi,Brewista Flat V Cone Cam Dripper Kahve Demleme Ekipmanları,2079.18,0,Kahve Demleme Ekipmanlari,Küçük Ev Aletleri,Kahve Makinesi,13.0,13.0,12.0,,0,0,0,,0,0,0,,,,,,,0,,,0,,0,0,0,0,0,0,0,0,0,,0,0,0,0,0,0,,,,0,0,0,,0,0,0,0,0,0,0,,,0,0,,0,0,0,0,0,0,0,0,0,0,0,,,0,0,0,,,0,,0,0,0,0,0,0,0,0,,,,,,,,0,0,,,,0,0,0,0,0,0,0,0,0,,,,0,0,,0,0,0,0,,,0,0,,,0,0,,0,0,0,0,0,0,0,0,,0,0,0,0,0,0,0,,,0,0,0,0,,0,,0,0,0,,,,0,0,0,0,,0,0,0,,,,,0,0,0,0,,0,,0,,0,0,0,0,0,,0,0,0,,,0,0,0,0,0,0,0,,0,0,,0,0,,0,0,0,,,,,0,0,0,0,,0,0,0,0,0,0,0,0,0,0,0,0,0,0,0,0,0,0.3,,,,,,,0,0,0,,0,0,0,0,0,0.0,0,0,0,0,0,0,0.0,0.0,0,0,0,0,0,0,0,0,0,0,0,0,0,0,0,0,0,0,0,0,0,0,0,0,0,0,2,0
https://www.beko.com.tr/kahve-demleme-ekipmanlari/tiamo-paslanmaz-k02-dripper-kahve-makinesi,Tiamo Paslanmaz K02 Dripper Kahve Demleme Ekipmanları,1837.46,0,Kahve Demleme Ekipmanlari,Küçük Ev Aletleri,Kahve Makinesi,11.0,11.0,7.0,,0,0,0,,0,0,0,,,,,,,0,,,0,,0,0,0,0,0,0,0,0,0,,0,0,0,0,0,0,,,,0,0,0,,0,0,0,0,0,0,0,,,0,0,,0,0,0,0,0,0,0,0,0,0,0,,,0,0,0,,,0,,0,0,0,0,0,0,0,0,,,,,,,,0,0,,,,0,0,0,0,0,0,0,0,0,,,,0,0,,0,0,0,0,,,0,0,,,0,0,,0,0,0,0,0,0,0,0,,0,0,0,0,0,0,0,,,0,0,0,0,,0,,0,0,0,,,,0,0,0,0,,0,0,0,,,,,0,0,0,0,,0,,0,,0,0,0,0,0,,0,0,0,,,0,0,0,0,0,0,0,,0,0,,0,0,,0,0,0,,,,,0,0,0,0,,0,0,0,0,0,0,0,0,0,0,0,0,0,0,0,0,0,0.192,,,,,,,0,0,0,,0,0,0,0,0,0.0,0,0,0,0,0,0,0.0,0.0,0,0,0,0,0,0,0,0,0,0,0,0,0,0,0,0,0,0,0,0,0,0,0,0,0,0,2,0
https://www.beko.com.tr/kahve-demleme-ekipmanlari/rocket-kahve-atik-kabi-kahve-makinesi,Rocket Kahve Atık Kabı Kahve Demleme Ekipmanları,3150.0,0,Kahve Demleme Ekipmanlari,Küçük Ev Aletleri,Kahve Makinesi,10.0,10.0,14.0,,0,0,0,,0,0,0,,,,,,,0,,,0,,0,0,0,0,0,0,0,0,0,,0,0,0,0,0,0,,,,0,0,0,,0,0,0,0,0,0,0,,,0,0,,0,0,0,0,0,0,0,0,0,0,0,,,0,0,0,,,0,,0,0,0,0,0,0,0,0,,,,,,,,0,0,,,,0,0,0,0,0,0,0,0,0,,,,0,0,,0,0,0,0,,,0,0,,,0,0,,0,0,0,0,0,0,0,0,,0,0,0,0,0,0,0,,,0,0,0,0,,0,,0,0,0,,,,0,0,0,0,,0,0,0,,,,,0,0,0,0,,0,,0,,0,0,0,0,0,,0,0,0,,,0,0,0,0,0,0,0,,0,0,,0,0,,0,0,0,,,,,0,0,0,0,,0,0,0,0,0,0,0,0,0,0,0,0,0,0,0,0,0,0.662,,,,,,,0,0,0,,0,0,0,0,0,0.0,0,0,0,0,0,0,0.0,0.0,0,0,0,0,0,0,0,0,0,0,0,0,0,0,0,0,0,0,0,0,0,0,0,0,0,0,2,0
https://www.beko.com.tr/kahve-demleme-ekipmanlari/brewista-artisan-isi-ayarli-beyaz-kettle-kahve-makinesi,Brewista Artisan Isı Ayarlı Beyaz Kettle Kahve Demleme Ekipmanları,13387.5,0,Kahve Demleme Ekipmanlari,Küçük Ev Aletleri,Kahve Makinesi,21.0,21.0,27.0,,0,0,0,,0,0,0,,,,,,,0,,,0,,0,0,0,0,0,0,0,0,0,,0,0,0,0,0,0,,,,0,0,0,,0,0,0,0,0,0,0,,,0,0,,0,0,0,0,0,0,0,0,0,0,0,,,0,0,0,,,0,,0,0,0,0,0,0,0,0,,,,,,,,0,0,,,,0,0,0,0,0,0,0,0,0,,,,0,0,,0,0,0,0,,,0,0,,,0,0,,0,0,0,0,0,0,0,0,,0,0,0,0,0,0,0,,,0,0,0,0,,0,,0,0,0,,,,0,0,0,0,,0,0,0,,,,,0,0,0,0,,0,,0,,0,0,0,0,0,,0,0,0,,,0,0,0,0,0,0,0,,0,0,,0,0,,0,0,0,,,,,0,0,0,0,,0,0,0,0,0,0,0,0,0,0,0,0,0,0,0,0,0,2.0,,,,,,,0,0,0,,0,0,0,0,0,0.0,0,0,0,0,0,0,0.0,0.0,0,0,0,0,0,0,0,0,0,0,0,0,0,0,0,0,0,0,0,0,0,0,0,0,0,0,2,0
https://www.beko.com.tr/kahve-ogutucu/rocket-super-fausto-krom-kahve-makinesi,Rocket Super Fausto Krom Kahve Öğütücü,79799.96,0,Kahve Ogutucu,Küçük Ev Aletleri,Kahve Makinesi,28.0,18.0,48.0,,0,0,0,,0,0,0,,,,,,,0,,,0,600.0,0,0,0,0,0,0,0,0,0,,0,0,0,0,0,0,,,,0,0,0,,0,0,0,0,0,0,0,,,0,0,,0,0,0,0,0,0,0,0,0,0,0,,,0,0,0,,,0,,0,0,0,0,0,0,0,0,,,,,,,,0,0,,,,0,0,0,0,0,0,0,0,0,,,,0,0,,0,0,0,0,,,0,0,,,0,0,,0,0,0,0,0,0,0,0,,0,0,0,0,0,0,0,,,0,0,0,0,,0,,0,0,0,,,,0,0,0,0,,0,0,0,,,,,0,0,0,0,,0,,0,,0,0,0,0,0,,0,0,0,,,0,0,0,0,0,0,0,,0,0,,0,0,,0,0,0,,,,,0,0,0,0,,0,0,0,0,0,0,0,0,0,0,0,0,0,0,0,0,0,,,,,,,,0,0,0,,0,0,0,0,0,0.0,0,0,0,0,0,0,0.0,0.0,0,0,0,0,0,0,0,0,0,0,0,0,0,0,0,0,0,0,0,0,0,0,0,0,0,0,2,0
https://www.beko.com.tr/kahve-ogutucu/eureka-atom-w-65-beyaz-kahve-makinesi,Eureka Atom W 65 Beyaz Kahve Öğütücü,77948.0,0,Kahve Ogutucu,Küçük Ev Aletleri,Kahve Makinesi,24.0,18.0,48.0,,0,0,0,,0,0,0,,,,,,,0,,,0,1200.0,0,0,0,0,0,0,0,0,0,,0,0,0,0,0,0,,,,0,0,0,,0,0,0,0,0,0,0,,,0,0,,0,0,0,0,0,0,0,0,0,0,0,,,0,0,0,,,0,,0,0,0,0,0,0,0,0,,,,,,,,0,0,,,,0,0,0,0,0,0,0,0,0,,,,0,0,,0,0,0,0,,,0,0,,,0,0,,0,0,0,0,0,0,0,0,,0,0,0,0,0,0,0,,,0,0,0,0,,0,,0,0,0,,,,0,0,0,0,,0,0,0,,,,,0,0,0,0,,0,,0,,0,0,0,0,0,,0,0,0,,,0,0,0,0,0,0,0,,0,0,,0,0,,0,0,0,,,,,0,0,0,0,,0,0,0,0,0,0,0,0,0,0,0,0,0,0,0,0,0,,,,,,,,0,0,0,,0,0,0,0,0,0.0,0,0,0,0,0,0,0.0,0.0,0,0,0,0,0,0,0,0,0,0,0,0,0,0,0,0,0,0,0,0,0,0,0,0,0,0,2,0
https://www.beko.com.tr/kahve-demleme-ekipmanlari/rocket-koseli-tamper-mati-kahve-makinesi,Rocket Köşeli Tamper Matı Kahve Demleme Ekipmanları,1469.98,0,Kahve Demleme Ekipmanlari,Küçük Ev Aletleri,Kahve Makinesi,22.0,16.0,3.0,,0,0,0,,0,0,0,,,,,,,0,,,0,,0,0,0,0,0,0,0,0,0,,0,0,0,0,0,0,,,,0,0,0,,0,0,0,0,0,0,0,,,0,0,,0,0,0,0,0,0,0,0,0,0,0,,,0,0,0,,,0,,0,0,0,0,0,0,0,0,,,,,,,,0,0,,,,0,0,0,0,0,0,0,0,0,,,,0,0,,0,0,0,0,,,0,0,,,0,0,,0,0,0,0,0,0,0,0,,0,0,0,0,0,0,0,,,0,0,0,0,,0,,0,0,0,,,,0,0,0,0,,0,0,0,,,,,0,0,0,0,,0,,0,,0,0,0,0,0,,0,0,0,,,0,0,0,0,0,0,0,,0,0,,0,0,,0,0,0,,,,,0,0,0,0,,0,0,0,0,0,0,0,0,0,0,0,0,0,0,0,0,0,0.207,,,,,,,0,0,0,,0,0,0,0,0,0.0,0,0,0,0,0,0,0.0,0.0,0,0,0,0,0,0,0,0,0,0,0,0,0,0,0,0,0,0,0,0,0,0,0,0,0,0,2,0
https://www.beko.com.tr/kahve-demleme-ekipmanlari/ecm-sutluk-360-ml--kahve-makinesi,ECM Sütlük 360 ml. Kahve Demleme Ekipmanları,1994.96,0,Kahve Demleme Ekipmanlari,Küçük Ev Aletleri,Kahve Makinesi,8.0,,11.0,,0,0,0,,0,0,0,,,,,,,0,,,0,,0,0,0,0,0,0,0,0,0,,0,0,0,0,0,0,,,,0,0,0,,0,0,0,0,0,0,0,,,0,0,,0,0,0,0,0,0,0,0,0,0,0,,,0,0,0,,,0,,0,0,0,0,0,0,0,0,,,,,,,,0,0,,,,0,0,0,0,0,0,0,0,0,,,,0,0,,0,0,0,0,,,0,0,,,0,0,,0,0,0,0,0,0,0,0,,0,0,0,0,0,0,0,,,0,0,0,0,,0,,0,0,0,,,,0,0,0,0,,0,0,0,,,,,0,0,0,0,,0,,0,,0,0,0,0,0,,0,0,0,,,0,0,0,0,0,0,0,,0,0,,0,0,,0,0,0,,,,,0,0,0,0,,0,0,0,0,0,0,0,0,0,0,0,0,0,0,0,0,0,0.2,,,,,,,0,0,0,,0,0,0,0,0,0.0,0,0,0,0,0,0,0.0,0.0,0,0,0,0,0,0,0,0,0,0,0,0,0,0,0,0,0,0,0,0,0,0,0,0,0,0,2,0
https://www.beko.com.tr/kahve-demleme-ekipmanlari/ecm-sutluk-600-ml--kahve-makinesi,ECM Sütlük 600 ml. Kahve Demleme Ekipmanları,2152.46,0,Kahve Demleme Ekipmanlari,Küçük Ev Aletleri,Kahve Makinesi,10.0,,12.0,,0,0,0,,0,0,0,,,,,,,0,,,0,,0,0,0,0,0,0,0,0,0,,0,0,0,0,0,0,,,,0,0,0,,0,0,0,0,0,0,0,,,0,0,,0,0,0,0,0,0,0,0,0,0,0,,,0,0,0,,,0,,0,0,0,0,0,0,0,0,,,,,,,,0,0,,,,0,0,0,0,0,0,0,0,0,,,,0,0,,0,0,0,0,,,0,0,,,0,0,,0,0,0,0,0,0,0,0,,0,0,0,0,0,0,0,,,0,0,0,0,,0,,0,0,0,,,,0,0,0,0,,0,0,0,,,,,0,0,0,0,,0,,0,,0,0,0,0,0,,0,0,0,,,0,0,0,0,0,0,0,,0,0,,0,0,,0,0,0,,,,,0,0,0,0,,0,0,0,0,0,0,0,0,0,0,0,0,0,0,0,0,0,0.278,,,,,,,0,0,0,,0,0,0,0,0,0.0,0,0,0,0,0,0,0.0,0.0,0,0,0,0,0,0,0,0,0,0,0,0,0,0,0,0,0,0,0,0,0,0,0,0,0,0,2,0
https://www.beko.com.tr/kahve-demleme-ekipmanlari/profitec-sutluk-kahve-makinesi,Profitec Sütlük Kahve Demleme Ekipmanları,2362.5,0,Kahve Demleme Ekipmanlari,Küçük Ev Aletleri,Kahve Makinesi,8.0,,11.0,,0,0,0,,0,0,0,,,,,,,0,,,0,,0,0,0,0,0,0,0,0,0,,0,0,0,0,0,0,,,,0,0,0,,0,0,0,0,0,0,0,,,0,0,,0,0,0,0,0,0,0,0,0,0,0,,,0,0,0,,,0,,0,0,0,0,0,0,0,0,,,,,,,,0,0,,,,0,0,0,0,0,0,0,0,0,,,,0,0,,0,0,0,0,,,0,0,,,0,0,,0,0,0,0,0,0,0,0,,0,0,0,0,0,0,0,,,0,0,0,0,,0,,0,0,0,,,,0,0,0,0,,0,0,0,,,,,0,0,0,0,,0,,0,,0,0,0,0,0,,0,0,0,,,0,0,0,0,0,0,0,,0,0,,0,0,,0,0,0,,,,,0,0,0,0,,0,0,0,0,0,0,0,0,0,0,0,0,0,0,0,0,0,0.286,,,,,,,0,0,0,,0,0,0,0,0,0.0,0,0,0,0,0,0,0.0,0.0,0,0,0,0,0,0,0,0,0,0,0,0,0,0,0,0,0,0,0,0,0,0,0,0,0,0,2,0
https://www.beko.com.tr/cay-makinesi/cm-2626-ic-cay-makinesi,CM 2626 IC Çay Makinesi,3749.0,11,Cay Makinesi,Küçük Ev Aletleri,Çay Makinesi,14.5,,,,0,0,0,,0,0,0,,,,,,,0,,,0,,0,0,0,0,0,0,0,0,0,,0,0,0,0,0,0,,,,0,0,0,,0,0,0,0,0,0,0,,,0,0,,0,0,0,0,0,0,0,0,0,0,0,,,0,0,0,,,0,,0,0,0,0,0,0,0,0,,,,,,,,0,0,,,,0,0,0,0,0,0,0,0,0,,,,0,0,,0,0,0,0,,,0,0,,,0,0,,0,0,0,0,0,0,0,0,,0,0,0,0,0,0,0,0.7,1.7,0,1,1,0,,0,,1,1,1,,,,0,0,0,0,,0,0,0,,,,,0,0,0,0,,0,,0,,0,0,0,0,0,,0,0,0,,,0,0,0,0,0,0,0,,0,0,,0,0,,0,0,0,,,,,0,0,0,0,,0,0,0,0,0,0,0,0,1,0,0,0,0,0,0,0,0,1.75,,1650.0,,,,,0,0,0,,0,0,0,0,0,0.0,0,0,0,0,0,0,0.0,0.0,0,0,0,0,0,0,0,0,0,0,0,0,0,0,0,2,0,0,0,0,0,0,0,0,0,0,2,0
https://www.beko.com.tr/cay-makinesi/cm-5582-i-cay-makinesi,CM 5582 I Çay Makinesi,4899.0,51,Cay Makinesi,Küçük Ev Aletleri,Çay Makinesi,14.5,,,,0,0,0,,0,0,0,,,,,,,0,,,0,,0,0,0,0,0,0,0,0,0,,0,0,0,0,0,0,,,,0,0,0,,0,0,0,0,0,0,0,,,0,0,,0,0,0,0,0,0,0,0,0,0,0,,,0,0,0,,,0,,0,0,0,0,0,0,0,0,,,,,,,,0,0,,,,0,0,0,0,0,0,0,0,0,,,,0,0,,0,0,0,0,,,0,0,,,0,0,,0,0,0,0,0,0,0,0,,0,0,0,0,0,0,0,1.2,1.7,0,1,1,0,,0,,1,1,1,,,,0,0,0,0,,0,0,0,,,,,0,0,0,0,,0,,0,,0,0,0,0,0,,0,0,0,,,0,0,0,0,0,0,0,,0,0,,0,0,,0,0,0,,,,,0,0,0,0,,0,0,0,0,0,0,0,0,1,0,0,0,0,0,0,0,0,1.75,,1650.0,,,,,0,0,0,,0,0,0,0,0,0.0,0,0,0,0,0,0,0.0,0.0,0,0,0,0,0,0,0,0,0,0,0,0,0,0,0,2,0,0,0,0,0,0,0,0,0,0,2,0
https://www.beko.com.tr/cay-makinesi/cm-5964-w-floral-cay-makinesi,CM 5964 W Floral Çay Makinesi,6399.0,14,Cay Makinesi,Küçük Ev Aletleri,Çay Makinesi,17.0,,,,0,0,0,,0,0,0,,,,,,,0,,,0,,0,0,0,0,0,0,0,0,0,,0,0,0,0,0,0,,,,0,0,0,,0,0,0,0,0,0,0,,,0,0,,0,0,0,0,0,0,0,0,0,0,0,,,0,0,0,,,0,,0,0,0,0,0,0,0,0,,,,,,,,0,0,,,,0,0,0,0,0,0,0,0,0,,,,0,0,,0,0,0,0,,,0,0,,,0,0,,0,0,0,0,0,0,0,0,,0,0,0,0,0,0,0,0.8,2.0,1,1,1,0,,0,,1,1,1,,,,0,0,0,0,,0,0,0,,,,,0,0,0,0,,0,,0,,0,0,0,0,0,,0,0,0,,,0,0,0,0,0,0,0,,0,0,,0,0,,0,0,0,,,,,0,0,0,0,,0,0,0,0,0,0,0,0,0,0,0,0,0,0,0,1,0,1.669,,1900.0,,,,,0,0,0,,0,0,0,0,0,0.0,0,0,0,0,0,0,0.0,0.0,0,0,0,0,0,0,0,0,0,0,0,0,0,0,0,3,3,0,0,0,0,0,0,0,0,0,2,0
https://www.beko.com.tr/semaver/se-8034-semaver,SE 8034 Semaver,6849.0,12,Semaver,Küçük Ev Aletleri,Semaver,24.5,,,,0,0,0,,0,0,0,,,,,,,0,,,0,,0,0,0,0,0,0,0,0,0,,0,0,0,0,0,0,,,,0,0,0,,0,0,0,0,0,0,0,,,0,0,,0,0,0,0,0,0,0,0,0,0,0,,,0,0,0,,,0,,0,0,0,0,0,0,0,0,,,,,,,,0,0,,,,0,0,0,0,0,0,0,0,0,,,,0,0,,0,0,0,0,,,0,0,,,0,0,,0,0,0,0,0,0,0,0,,0,0,0,0,0,0,0,1.2,3.5,1,1,1,0,,0,,1,0,0,,,,0,0,0,0,,0,0,0,,,,,0,0,0,0,,0,,0,,0,0,0,0,0,,0,0,0,,,0,0,0,0,0,0,0,,0,0,,0,0,,0,0,0,,,,,0,0,0,0,,0,0,0,0,0,0,0,0,0,0,0,1,0,0,0,0,0,2.37,,2000.0,,,,,0,0,0,,0,0,0,0,0,0.0,0,0,0,0,0,0,0.0,0.0,0,0,0,0,0,0,0,0,0,0,0,0,0,0,0,2,1,0,0,0,0,0,0,0,0,0,2,0
https://www.beko.com.tr/semaver/se-8036-i-semaver,SE 8036 I Semaver,10459.0,29,Semaver,Küçük Ev Aletleri,Semaver,28.0,,,,0,0,0,,0,0,0,,,,,,,0,,,0,,0,0,0,0,0,0,0,0,0,,0,0,0,0,0,0,,,,0,0,0,,0,0,0,0,0,0,0,,,0,0,,0,0,0,0,0,0,0,0,0,0,0,,,0,0,0,,,0,,0,0,0,0,0,0,0,0,,,,,,,,0,0,,,,0,0,0,0,0,0,0,0,0,,,,0,0,,0,0,0,0,,,0,0,,,0,0,,0,0,0,0,0,0,0,0,,0,0,0,0,0,0,0,1.2,3.5,1,1,1,1,,0,,0,0,0,,,,0,0,0,0,,0,0,0,,,,,0,0,0,0,,0,,0,,0,0,0,0,0,,0,0,0,,,0,0,0,0,0,0,0,,0,0,,0,0,,0,0,0,,,,,0,0,0,0,,0,0,0,0,0,0,0,0,1,0,0,0,0,0,0,0,0,2.85,,2200.0,,,,,0,0,0,,0,0,0,0,0,0.0,0,0,0,0,0,0,0.0,0.0,0,0,0,0,0,0,0,0,0,0,0,0,0,0,0,3,2,0,0,0,0,0,0,0,0,0,2,0
https://www.beko.com.tr/buz-makinesi/bym-6111-i-buz-makinesi,BYM 6111 I Buz Makinesi,8349.0,16,Buz Makinesi,Küçük Ev Aletleri,Buz Makinesi,28.0,24.0,29.0,,0,0,0,,0,0,0,,,,,,,0,,,0,,0,0,0,0,0,0,0,0,0,,0,0,0,0,0,0,,,,0,0,0,,0,0,0,0,0,0,0,,,0,0,,0,0,0,0,0,0,0,0,0,0,0,,,0,0,0,,,0,,0,0,0,0,0,0,0,0,,,,,,,,0,0,,,,0,0,0,0,0,0,0,0,0,,,,0,0,,0,0,0,0,,,0,0,,,0,0,,0,0,0,0,0,0,0,0,,0,0,0,0,0,0,0,,,0,0,0,0,,0,,0,0,0,,,,0,0,0,0,,0,0,0,,,,,0,0,0,0,,0,,0,,0,0,0,0,0,,0,0,0,,,0,0,0,0,0,0,0,,0,0,,0,0,,0,0,0,,,,,0,0,0,0,,0,0,0,0,0,0,0,0,0,0,0,0,0,0,0,0,0,,,,,,,,0,0,0,,0,0,0,0,0,0.0,0,0,0,0,0,0,0.0,0.0,0,0,0,0,0,0,0,0,0,0,0,0,0,0,0,0,0,0,0,0,0,0,0,0,0,0,2,0
https://www.beko.com.tr/kucuk-ev-aletleri-yedek-parca-ve-aksesuarlari/cezve-grubu-mat-fircali-kucuk-ev-aletleri-yedek-parca-ve-aksesuarlari,Cezve Grubu İndüksiyonlu Küçük Ev Aletleri Yedek Parça ve Aksesuarları,850.0,0,Kucuk Ev Aletleri Yedek Parca Ve Aksesuarlari,Küçük Ev Aletleri,Küçük Ev Aletleri Seti,,,,,0,0,0,,0,0,0,,,,,,,0,,,0,,0,0,0,0,0,0,0,0,0,,0,0,0,0,0,0,,,,0,0,0,,0,0,0,0,0,0,0,,,0,0,,0,0,0,0,0,0,0,0,0,0,0,,,0,0,0,,,0,,0,0,0,0,0,0,0,0,,,,,,,,0,0,,,,0,0,0,0,0,0,0,0,0,,,,0,0,,0,0,0,0,,,0,0,,,0,0,,0,0,0,0,0,0,0,0,,0,0,0,0,0,0,0,,,0,0,0,0,,0,,0,0,0,,,,0,0,0,0,,0,0,0,,,,,0,0,0,0,,0,,0,,0,0,0,0,0,,0,0,0,,,0,0,0,0,0,0,0,,0,0,,0,0,,0,0,0,,,,,0,0,0,0,,0,0,0,0,0,0,0,0,0,0,0,0,0,0,0,0,0,,,,,,,,0,0,0,,0,0,0,0,0,0.0,0,0,0,0,0,0,0.0,0.0,0,0,0,0,0,0,0,0,0,0,0,0,0,0,0,0,0,0,0,0,0,0,0,0,0,0,2,0
https://www.beko.com.tr/kucuk-ev-aletleri-yedek-parca-ve-aksesuarlari/karaf-grubu-arcelik-kucuk-ev-aletleri-yedek-parca-ve-aksesuarlari,Cam Demlik Grubu Kapaklı Küçük Ev Aletleri Yedek Parça ve Aksesuarları,1300.0,0,Kucuk Ev Aletleri Yedek Parca Ve Aksesuarlari,Küçük Ev Aletleri,Küçük Ev Aletleri Seti,,,,,0,0,0,,0,0,0,,,,,,,0,,,0,,0,0,0,0,0,0,0,0,0,,0,0,0,0,0,0,,,,0,0,0,,0,0,0,0,0,0,0,,,0,0,,0,0,0,0,0,0,0,0,0,0,0,,,0,0,0,,,0,,0,0,0,0,0,0,0,0,,,,,,,,0,0,,,,0,0,0,0,0,0,0,0,0,,,,0,0,,0,0,0,0,,,0,0,,,0,0,,0,0,0,0,0,0,0,0,,0,0,0,0,0,0,0,,,0,0,0,0,,0,,0,0,0,,,,0,0,0,0,,0,0,0,,,,,0,0,0,0,,0,,0,,0,0,0,0,0,,0,0,0,,,0,0,0,0,0,0,0,,0,0,,0,0,,0,0,0,,,,,0,0,0,0,,0,0,0,0,0,0,0,0,0,0,0,0,0,0,0,0,0,,,,,,,,0,0,0,,0,0,0,0,0,0.0,0,0,0,0,0,0,0.0,0.0,0,0,0,0,0,0,0,0,0,0,0,0,0,0,0,0,0,0,0,0,0,0,0,0,0,0,2,0
https://www.beko.com.tr/kucuk-ev-aletleri-yedek-parca-ve-aksesuarlari/pisirme-haznesi-grubu-akromid-gri-kucuk-ev-aletleri-yedek-parca-ve-aksesuarlari,Cezve Grubu Akromid Gri Küçük Ev Aletleri Yedek Parça ve Aksesuarları,650.0,0,Kucuk Ev Aletleri Yedek Parca Ve Aksesuarlari,Küçük Ev Aletleri,Küçük Ev Aletleri Seti,,,,,0,0,0,,0,0,0,,,,,,,0,,,0,,0,0,0,0,0,0,0,0,0,,0,0,0,0,0,0,,,,0,0,0,,0,0,0,0,0,0,0,,,0,0,,0,0,0,0,0,0,0,0,0,0,0,,,0,0,0,,,0,,0,0,0,0,0,0,0,0,,,,,,,,0,0,,,,0,0,0,0,0,0,0,0,0,,,,0,0,,0,0,0,0,,,0,0,,,0,0,,0,0,0,0,0,0,0,0,,0,0,0,0,0,0,0,,,0,0,0,0,,0,,0,0,0,,,,0,0,0,0,,0,0,0,,,,,0,0,0,0,,0,,0,,0,0,0,0,0,,0,0,0,,,0,0,0,0,0,0,0,,0,0,,0,0,,0,0,0,,,,,0,0,0,0,,0,0,0,0,0,0,0,0,0,0,0,0,0,0,0,0,0,,,,,,,,0,0,0,,0,0,0,0,0,0.0,0,0,0,0,0,0,0.0,0.0,0,0,0,0,0,0,0,0,0,0,0,0,0,0,0,0,0,0,0,0,0,0,0,0,0,0,2,0
https://www.beko.com.tr/kucuk-ev-aletleri-yedek-parca-ve-aksesuarlari/su-deposu-kapagi-kucuk-ev-aletleri-yedek-parca-ve-aksesuarlari,SU DEPOSU KAPAGI Küçük Ev Aletleri Yedek Parça ve Aksesuarları,220.0,0,Kucuk Ev Aletleri Yedek Parca Ve Aksesuarlari,Küçük Ev Aletleri,Küçük Ev Aletleri Seti,,,,,0,0,0,,0,0,0,,,,,,,0,,,0,,0,0,0,0,0,0,0,0,0,,0,0,0,0,0,0,,,,0,0,0,,0,0,0,0,0,0,0,,,0,0,,0,0,0,0,0,0,0,0,0,0,0,,,0,0,0,,,0,,0,0,0,0,0,0,0,0,,,,,,,,0,0,,,,0,0,0,0,0,0,0,0,0,,,,0,0,,0,0,0,0,,,0,0,,,0,0,,0,0,0,0,0,0,0,0,,0,0,0,0,0,0,0,,,0,0,0,0,,0,,0,0,0,,,,0,0,0,0,,0,0,0,,,,,0,0,0,0,,0,,0,,0,0,0,0,0,,0,0,0,,,0,0,0,0,0,0,0,,0,0,,0,0,,0,0,0,,,,,0,0,0,0,,0,0,0,0,0,0,0,0,0,0,0,0,0,0,0,0,0,,,,,,,,0,0,0,,0,0,0,0,0,0.0,0,0,0,0,0,0,0.0,0.0,0,0,0,0,0,0,0,0,0,0,0,0,0,0,0,0,0,0,0,0,0,0,0,0,0,0,2,0
https://www.beko.com.tr/kucuk-ev-aletleri-yedek-parca-ve-aksesuarlari/cezve-grubu-bakir-boyali-kucuk-ev-aletleri-yedek-parca-ve-aksesuarlari,Cezve Grubu Bakır Küçük Ev Aletleri Yedek Parça ve Aksesuarları,850.0,0,Kucuk Ev Aletleri Yedek Parca Ve Aksesuarlari,Küçük Ev Aletleri,Küçük Ev Aletleri Seti,,,,,0,0,0,,0,0,0,,,,,,,0,,,0,,0,0,0,0,0,0,0,0,0,,0,0,0,0,0,0,,,,0,0,0,,0,0,0,0,0,0,0,,,0,0,,0,0,0,0,0,0,0,0,0,0,0,,,0,0,0,,,0,,0,0,0,0,0,0,0,0,,,,,,,,0,0,,,,0,0,0,0,0,0,0,0,0,,,,0,0,,0,0,0,0,,,0,0,,,0,0,,0,0,0,0,0,0,0,0,,0,0,0,0,0,0,0,,,0,0,0,0,,0,,0,0,0,,,,0,0,0,0,,0,0,0,,,,,0,0,0,0,,0,,0,,0,0,0,0,0,,0,0,0,,,0,0,0,0,0,0,0,,0,0,,0,0,,0,0,0,,,,,0,0,0,0,,0,0,0,0,0,0,0,0,0,0,0,0,0,0,0,0,0,,,,,,,,0,0,0,,0,0,0,0,0,0.0,0,0,0,0,0,0,0.0,0.0,0,0,0,0,0,0,0,0,0,0,0,0,0,0,0,0,0,0,0,0,0,0,0,0,0,0,2,0
https://www.beko.com.tr/kucuk-ev-aletleri-yedek-parca-ve-aksesuarlari/cezve-grubu-yapistirmasiz-kucuk-ev-aletleri-yedek-parca-ve-aksesuarlari,Cezve Grubu Küçük Ev Aletleri Yedek Parça ve Aksesuarları,650.0,1,Kucuk Ev Aletleri Yedek Parca Ve Aksesuarlari,Küçük Ev Aletleri,Küçük Ev Aletleri Seti,,,,,0,0,0,,0,0,0,,,,,,,0,,,0,,0,0,0,0,0,0,0,0,0,,0,0,0,0,0,0,,,,0,0,0,,0,0,0,0,0,0,0,,,0,0,,0,0,0,0,0,0,0,0,0,0,0,,,0,0,0,,,0,,0,0,0,0,0,0,0,0,,,,,,,,0,0,,,,0,0,0,0,0,0,0,0,0,,,,0,0,,0,0,0,0,,,0,0,,,0,0,,0,0,0,0,0,0,0,0,,0,0,0,0,0,0,0,,,0,0,0,0,,0,,0,0,0,,,,0,0,0,0,,0,0,0,,,,,0,0,0,0,,0,,0,,0,0,0,0,0,,0,0,0,,,0,0,0,0,0,0,0,,0,0,,0,0,,0,0,0,,,,,0,0,0,0,,0,0,0,0,0,0,0,0,0,0,0,0,0,0,0,0,0,,,,,,,,0,0,0,,0,0,0,0,0,0.0,0,0,0,0,0,0,0.0,0.0,0,0,0,0,0,0,0,0,0,0,0,0,0,0,0,0,0,0,0,0,0,0,0,0,0,0,2,0
https://www.beko.com.tr/kucuk-ev-aletleri-yedek-parca-ve-aksesuarlari/cezve-grubu-mat-siyah-boyali-kucuk-ev-aletleri-yedek-parca-ve-aksesuarlari,Cezve Grubu Mat Siyah Küçük Ev Aletleri Yedek Parça ve Aksesuarları,850.0,1,Kucuk Ev Aletleri Yedek Parca Ve Aksesuarlari,Küçük Ev Aletleri,Küçük Ev Aletleri Seti,,,,,0,0,0,,0,0,0,,,,,,,0,,,0,,0,0,0,0,0,0,0,0,0,,0,0,0,0,0,0,,,,0,0,0,,0,0,0,0,0,0,0,,,0,0,,0,0,0,0,0,0,0,0,0,0,0,,,0,0,0,,,0,,0,0,0,0,0,0,0,0,,,,,,,,0,0,,,,0,0,0,0,0,0,0,0,0,,,,0,0,,0,0,0,0,,,0,0,,,0,0,,0,0,0,0,0,0,0,0,,0,0,0,0,0,0,0,,,0,0,0,0,,0,,0,0,0,,,,0,0,0,0,,0,0,0,,,,,0,0,0,0,,0,,0,,0,0,0,0,0,,0,0,0,,,0,0,0,0,0,0,0,,0,0,,0,0,,0,0,0,,,,,0,0,0,0,,0,0,0,0,0,0,0,0,0,0,0,0,0,0,0,0,0,,,,,,,,0,0,0,,0,0,0,0,0,0.0,0,0,0,0,0,0,0.0,0.0,0,0,0,0,0,0,0,0,0,0,0,0,0,0,0,0,0,0,0,0,0,0,0,0,0,0,2,0
https://www.beko.com.tr/kucuk-ev-aletleri-yedek-parca-ve-aksesuarlari/pisirme-haznesi-gr-turk-srg-servis-kucuk-ev-aletleri-yedek-parca-ve-aksesuarlari,Cezve Grubu Serigrafili Küçük Ev Aletleri Yedek Parça ve Aksesuarları,1400.0,0,Kucuk Ev Aletleri Yedek Parca Ve Aksesuarlari,Küçük Ev Aletleri,Küçük Ev Aletleri Seti,,,,,0,0,0,,0,0,0,,,,,,,0,,,0,,0,0,0,0,0,0,0,0,0,,0,0,0,0,0,0,,,,0,0,0,,0,0,0,0,0,0,0,,,0,0,,0,0,0,0,0,0,0,0,0,0,0,,,0,0,0,,,0,,0,0,0,0,0,0,0,0,,,,,,,,0,0,,,,0,0,0,0,0,0,0,0,0,,,,0,0,,0,0,0,0,,,0,0,,,0,0,,0,0,0,0,0,0,0,0,,0,0,0,0,0,0,0,,,0,0,0,0,,0,,0,0,0,,,,0,0,0,0,,0,0,0,,,,,0,0,0,0,,0,,0,,0,0,0,0,0,,0,0,0,,,0,0,0,0,0,0,0,,0,0,,0,0,,0,0,0,,,,,0,0,0,0,,0,0,0,0,0,0,0,0,0,0,0,0,0,0,0,0,0,,,,,,,,0,0,0,,0,0,0,0,0,0.0,0,0,0,0,0,0,0.0,0.0,0,0,0,0,0,0,0,0,0,0,0,0,0,0,0,0,0,0,0,0,0,0,0,0,0,0,2,0
https://www.beko.com.tr/kucuk-ev-aletleri-yedek-parca-ve-aksesuarlari/uzatma-borusu-gr-gr01-plastik-askisiz-kucuk-ev-aletleri-yedek-parca-ve-aksesuarlari,Teleskobik Boru Plastik Askısız Küçük Ev Aletleri Yedek Parça ve Aksesuarları,450.0,0,Kucuk Ev Aletleri Yedek Parca Ve Aksesuarlari,Küçük Ev Aletleri,Küçük Ev Aletleri Seti,,,,,0,0,0,,0,0,0,,,,,,,0,,,0,,0,0,0,0,0,0,0,0,0,,0,0,0,0,0,0,,,,0,0,0,,0,0,0,0,0,0,0,,,0,0,,0,0,0,0,0,0,0,0,0,0,0,,,0,0,0,,,0,,0,0,0,0,0,0,0,0,,,,,,,,0,0,,,,0,0,0,0,0,0,0,0,0,,,,0,0,,0,0,0,0,,,0,0,,,0,0,,0,0,0,0,0,0,0,0,,0,0,0,0,0,0,0,,,0,0,0,0,,0,,0,0,0,,,,0,0,0,0,,0,0,0,,,,,0,0,0,0,,0,,0,,0,0,0,0,0,,0,0,0,,,0,0,0,0,0,0,0,,0,0,,0,0,,0,0,0,,,,,0,0,0,0,,0,0,0,0,0,0,0,0,0,0,0,0,0,0,0,0,0,,,,,,,,0,0,0,,0,0,0,0,0,0.0,0,0,0,0,0,0,0.0,0.0,0,0,0,0,0,0,0,0,0,0,0,0,0,0,0,0,0,0,0,0,0,0,0,0,0,0,2,0
https://www.beko.com.tr/kucuk-ev-aletleri-yedek-parca-ve-aksesuarlari/hortum-gr-komp-gr01-l-1700-s-630-s-635-kucuk-ev-aletleri-yedek-parca-ve-aksesuarlari,Hortum Grubu Gri Küçük Ev Aletleri Yedek Parça ve Aksesuarları,600.0,0,Kucuk Ev Aletleri Yedek Parca Ve Aksesuarlari,Küçük Ev Aletleri,Küçük Ev Aletleri Seti,,,,,0,0,0,,0,0,0,,,,,,,0,,,0,,0,0,0,0,0,0,0,0,0,,0,0,0,0,0,0,,,,0,0,0,,0,0,0,0,0,0,0,,,0,0,,0,0,0,0,0,0,0,0,0,0,0,,,0,0,0,,,0,,0,0,0,0,0,0,0,0,,,,,,,,0,0,,,,0,0,0,0,0,0,0,0,0,,,,0,0,,0,0,0,0,,,0,0,,,0,0,,0,0,0,0,0,0,0,0,,0,0,0,0,0,0,0,,,0,0,0,0,,0,,0,0,0,,,,0,0,0,0,,0,0,0,,,,,0,0,0,0,,0,,0,,0,0,0,0,0,,0,0,0,,,0,0,0,0,0,0,0,,0,0,,0,0,,0,0,0,,,,,0,0,0,0,,0,0,0,0,0,0,0,0,0,0,0,0,0,0,0,0,0,,,,,,,,0,0,0,,0,0,0,0,0,0.0,0,0,0,0,0,0,0.0,0.0,0,0,0,0,0,0,0,0,0,0,0,0,0,0,0,0,0,0,0,0,0,0,0,0,0,0,2,0
https://www.beko.com.tr/kucuk-ev-aletleri-yedek-parca-ve-aksesuarlari/kahve-olcu-kasigi-kucuk-ev-aletleri-yedek-parca-ve-aksesuarlari,KAHVE OLCU KASIGI Küçük Ev Aletleri Yedek Parça ve Aksesuarları,110.0,1,Kucuk Ev Aletleri Yedek Parca Ve Aksesuarlari,Küçük Ev Aletleri,Küçük Ev Aletleri Seti,,,,,0,0,0,,0,0,0,,,,,,,0,,,0,,0,0,0,0,0,0,0,0,0,,0,0,0,0,0,0,,,,0,0,0,,0,0,0,0,0,0,0,,,0,0,,0,0,0,0,0,0,0,0,0,0,0,,,0,0,0,,,0,,0,0,0,0,0,0,0,0,,,,,,,,0,0,,,,0,0,0,0,0,0,0,0,0,,,,0,0,,0,0,0,0,,,0,0,,,0,0,,0,0,0,0,0,0,0,0,,0,0,0,0,0,0,0,,,0,0,0,0,,0,,0,0,0,,,,0,0,0,0,,0,0,0,,,,,0,0,0,0,,0,,0,,0,0,0,0,0,,0,0,0,,,0,0,0,0,0,0,0,,0,0,,0,0,,0,0,0,,,,,0,0,0,0,,0,0,0,0,0,0,0,0,0,0,0,0,0,0,0,0,0,,,,,,,,0,0,0,,0,0,0,0,0,0.0,0,0,0,0,0,0,0.0,0.0,0,0,0,0,0,0,0,0,0,0,0,0,0,0,0,0,0,0,0,0,0,0,0,0,0,0,2,0
https://www.beko.com.tr/kucuk-ev-aletleri-yedek-parca-ve-aksesuarlari/pisirme-haznesi-grubu-lal-441-taban-kucuk-ev-aletleri-yedek-parca-ve-aksesuarlari,Cezve Grubu Lal Küçük Ev Aletleri Yedek Parça ve Aksesuarları,650.0,0,Kucuk Ev Aletleri Yedek Parca Ve Aksesuarlari,Küçük Ev Aletleri,Küçük Ev Aletleri Seti,,,,,0,0,0,,0,0,0,,,,,,,0,,,0,,0,0,0,0,0,0,0,0,0,,0,0,0,0,0,0,,,,0,0,0,,0,0,0,0,0,0,0,,,0,0,,0,0,0,0,0,0,0,0,0,0,0,,,0,0,0,,,0,,0,0,0,0,0,0,0,0,,,,,,,,0,0,,,,0,0,0,0,0,0,0,0,0,,,,0,0,,0,0,0,0,,,0,0,,,0,0,,0,0,0,0,0,0,0,0,,0,0,0,0,0,0,0,,,0,0,0,0,,0,,0,0,0,,,,0,0,0,0,,0,0,0,,,,,0,0,0,0,,0,,0,,0,0,0,0,0,,0,0,0,,,0,0,0,0,0,0,0,,0,0,,0,0,,0,0,0,,,,,0,0,0,0,,0,0,0,0,0,0,0,0,0,0,0,0,0,0,0,0,0,,,,,,,,0,0,0,,0,0,0,0,0,0.0,0,0,0,0,0,0,0.0,0.0,0,0,0,0,0,0,0,0,0,0,0,0,0,0,0,0,0,0,0,0,0,0,0,0,0,0,2,0
https://www.beko.com.tr/kucuk-ev-aletleri-yedek-parca-ve-aksesuarlari/uzatma-boru-grcin-teleskobik-32-l-558-kucuk-ev-aletleri-yedek-parca-ve-aksesuarlari,Teleskobik Boru Su filtreli Küçük Ev Aletleri Yedek Parça ve Aksesuarları,600.0,0,Kucuk Ev Aletleri Yedek Parca Ve Aksesuarlari,Küçük Ev Aletleri,Küçük Ev Aletleri Seti,,,,,0,0,0,,0,0,0,,,,,,,0,,,0,,0,0,0,0,0,0,0,0,0,,0,0,0,0,0,0,,,,0,0,0,,0,0,0,0,0,0,0,,,0,0,,0,0,0,0,0,0,0,0,0,0,0,,,0,0,0,,,0,,0,0,0,0,0,0,0,0,,,,,,,,0,0,,,,0,0,0,0,0,0,0,0,0,,,,0,0,,0,0,0,0,,,0,0,,,0,0,,0,0,0,0,0,0,0,0,,0,0,0,0,0,0,0,,,0,0,0,0,,0,,0,0,0,,,,0,0,0,0,,0,0,0,,,,,0,0,0,0,,0,,0,,0,0,0,0,0,,0,0,0,,,0,0,0,0,0,0,0,,0,0,,0,0,,0,0,0,,,,,0,0,0,0,,0,0,0,0,0,0,0,0,0,0,0,0,0,0,0,0,0,,,,,,,,0,0,0,,0,0,0,0,0,0.0,0,0,0,0,0,0,0.0,0.0,0,0,0,0,0,0,0,0,0,0,0,0,0,0,0,0,0,0,0,0,0,0,0,0,0,0,2,0
https://www.beko.com.tr/kucuk-ev-aletleri-yedek-parca-ve-aksesuarlari/sarj-grubu-kucuk-ev-aletleri-yedek-parca-ve-aksesuarlari,Şarj Grubu Küçük Ev Aletleri Yedek Parça ve Aksesuarları,1600.0,0,Kucuk Ev Aletleri Yedek Parca Ve Aksesuarlari,Küçük Ev Aletleri,Küçük Ev Aletleri Seti,,,,,0,0,0,,0,0,0,,,,,,,0,,,0,,0,0,0,0,0,0,0,0,0,,0,0,0,0,0,0,,,,0,0,0,,0,0,0,0,0,0,0,,,0,0,,0,0,0,0,0,0,0,0,0,0,0,,,0,0,0,,,0,,0,0,0,0,0,0,0,0,,,,,,,,0,0,,,,0,0,0,0,0,0,0,0,0,,,,0,0,,0,0,0,0,,,0,0,,,0,0,,0,0,0,0,0,0,0,0,,0,0,0,0,0,0,0,,,0,0,0,0,,0,,0,0,0,,,,0,0,0,0,,0,0,0,,,,,0,0,0,0,,0,,0,,0,0,0,0,0,,0,0,0,,,0,0,0,0,0,0,0,,0,0,,0,0,,0,0,0,,,,,0,0,0,0,,0,0,0,0,0,0,0,0,0,0,0,0,0,0,0,0,0,,,,,,,,0,0,0,,0,0,0,0,0,0.0,0,0,0,0,0,0,0.0,0.0,0,0,0,0,0,0,0,0,0,0,0,0,0,0,0,0,0,0,0,0,0,0,0,0,0,0,2,0
https://www.beko.com.tr/kucuk-ev-aletleri-yedek-parca-ve-aksesuarlari/pil-grubu-kucuk-ev-aletleri-yedek-parca-ve-aksesuarlari,Pil Grubu Şarjlı Dik Süpürge Küçük Ev Aletleri Yedek Parça ve Aksesuarları,4000.0,0,Kucuk Ev Aletleri Yedek Parca Ve Aksesuarlari,Küçük Ev Aletleri,Küçük Ev Aletleri Seti,,,,,0,0,0,,0,0,0,,,,,,,0,,,0,,0,0,0,0,0,0,0,0,0,,0,0,0,0,0,0,,,,0,0,0,,0,0,0,0,0,0,0,,,0,0,,0,0,0,0,0,0,0,0,0,0,0,,,0,0,0,,,0,,0,0,0,0,0,0,0,0,,,,,,,,0,0,,,,0,0,0,0,0,0,0,0,0,,,,0,0,,0,0,0,0,,,0,0,,,0,0,,0,0,0,0,0,0,0,0,,0,0,0,0,0,0,0,,,0,0,0,0,,0,,0,0,0,,,,0,0,0,0,,0,0,0,,,,,0,0,0,0,,0,,0,,0,0,0,0,0,,0,0,0,,,0,0,0,0,0,0,0,,0,0,,0,0,,0,0,0,,,,,0,0,0,0,,0,0,0,0,0,0,0,0,0,0,0,0,0,0,0,0,0,,,,,,,,0,0,0,,0,0,0,0,0,0.0,0,0,0,0,0,0,0.0,0.0,0,0,0,0,0,0,0,0,0,0,0,0,0,0,0,0,0,0,0,0,0,0,0,0,0,0,2,0
https://www.beko.com.tr/kucuk-ev-aletleri-yedek-parca-ve-aksesuarlari/ana-firca-kucuk-ev-aletleri-yedek-parca-ve-aksesuarlari,Fırça Grubu Küçük Ev Aletleri Yedek Parça ve Aksesuarları,850.0,0,Kucuk Ev Aletleri Yedek Parca Ve Aksesuarlari,Küçük Ev Aletleri,Küçük Ev Aletleri Seti,,,,,0,0,0,,0,0,0,,,,,,,0,,,0,,0,0,0,0,0,0,0,0,0,,0,0,0,0,0,0,,,,0,0,0,,0,0,0,0,0,0,0,,,0,0,,0,0,0,0,0,0,0,0,0,0,0,,,0,0,0,,,0,,0,0,0,0,0,0,0,0,,,,,,,,0,0,,,,0,0,0,0,0,0,0,0,0,,,,0,0,,0,0,0,0,,,0,0,,,0,0,,0,0,0,0,0,0,0,0,,0,0,0,0,0,0,0,,,0,0,0,0,,0,,0,0,0,,,,0,0,0,0,,0,0,0,,,,,0,0,0,0,,0,,0,,0,0,0,0,0,,0,0,0,,,0,0,0,0,0,0,0,,0,0,,0,0,,0,0,0,,,,,0,0,0,0,,0,0,0,0,0,0,0,0,0,0,0,0,0,0,0,0,0,,,,,,,,0,0,0,,0,0,0,0,0,0.0,0,0,0,0,0,0,0.0,0.0,0,0,0,0,0,0,0,0,0,0,0,0,0,0,0,0,0,0,0,0,0,0,0,0,0,0,2,0
https://www.beko.com.tr/kucuk-ev-aletleri-yedek-parca-ve-aksesuarlari/metal-teleskobik-boru---kancali-kucuk-ev-aletleri-yedek-parca-ve-aksesuarlari,Teleskobik Boru Metal Kancalı Küçük Ev Aletleri Yedek Parça ve Aksesuarları,750.0,1,Kucuk Ev Aletleri Yedek Parca Ve Aksesuarlari,Küçük Ev Aletleri,Küçük Ev Aletleri Seti,,,,,0,0,0,,0,0,0,,,,,,,0,,,0,,0,0,0,0,0,0,0,0,0,,0,0,0,0,0,0,,,,0,0,0,,0,0,0,0,0,0,0,,,0,0,,0,0,0,0,0,0,0,0,0,0,0,,,0,0,0,,,0,,0,0,0,0,0,0,0,0,,,,,,,,0,0,,,,0,0,0,0,0,0,0,0,0,,,,0,0,,0,0,0,0,,,0,0,,,0,0,,0,0,0,0,0,0,0,0,,0,0,0,0,0,0,0,,,0,0,0,0,,0,,0,0,0,,,,0,0,0,0,,0,0,0,,,,,0,0,0,0,,0,,0,,0,0,0,0,0,,0,0,0,,,0,0,0,0,0,0,0,,0,0,,0,0,,0,0,0,,,,,0,0,0,0,,0,0,0,0,0,0,0,0,0,0,0,0,0,0,0,0,0,,,,,,,,0,0,0,,0,0,0,0,0,0.0,0,0,0,0,0,0,0.0,0.0,0,0,0,0,0,0,0,0,0,0,0,0,0,0,0,0,0,0,0,0,0,0,0,0,0,0,2,0
https://www.beko.com.tr/kucuk-ev-aletleri-yedek-parca-ve-aksesuarlari/on-motor-filtresi-kucuk-ev-aletleri-yedek-parca-ve-aksesuarlari,Filtre Ön Motor Küçük Ev Aletleri Yedek Parça ve Aksesuarları,300.0,0,Kucuk Ev Aletleri Yedek Parca Ve Aksesuarlari,Küçük Ev Aletleri,Küçük Ev Aletleri Seti,,,,,0,0,0,,0,0,0,,,,,,,0,,,0,,0,0,0,0,0,0,0,0,0,,0,0,0,0,0,0,,,,0,0,0,,0,0,0,0,0,0,0,,,0,0,,0,0,0,0,0,0,0,0,0,0,0,,,0,0,0,,,0,,0,0,0,0,0,0,0,0,,,,,,,,0,0,,,,0,0,0,0,0,0,0,0,0,,,,0,0,,0,0,0,0,,,0,0,,,0,0,,0,0,0,0,0,0,0,0,,0,0,0,0,0,0,0,,,0,0,0,0,,0,,0,0,0,,,,0,0,0,0,,0,0,0,,,,,0,0,0,0,,0,,0,,0,0,0,0,0,,0,0,0,,,0,0,0,0,0,0,0,,0,0,,0,0,,0,0,0,,,,,0,0,0,0,,0,0,0,0,0,0,0,0,0,0,0,0,0,0,0,0,0,,,,,,,,0,0,0,,0,0,0,0,0,0.0,0,0,0,0,0,0,0.0,0.0,0,0,0,0,0,0,0,0,0,0,0,0,0,0,0,0,0,0,0,0,0,0,0,0,0,0,2,0
https://www.beko.com.tr/kucuk-ev-aletleri-yedek-parca-ve-aksesuarlari/on-motor-hepa-filtre-kucuk-ev-aletleri-yedek-parca-ve-aksesuarlari,Hepa Filtre Ön Motor Küçük Ev Aletleri Yedek Parça ve Aksesuarları,300.0,0,Kucuk Ev Aletleri Yedek Parca Ve Aksesuarlari,Küçük Ev Aletleri,Küçük Ev Aletleri Seti,,,,,0,0,0,,0,0,0,,,,,,,0,,,0,,0,0,0,0,0,0,0,0,0,,0,0,0,0,0,0,,,,0,0,0,,0,0,0,0,0,0,0,,,0,0,,0,0,0,0,0,0,0,0,0,0,0,,,0,0,0,,,0,,0,0,0,0,0,0,0,0,,,,,,,,0,0,,,,0,0,0,0,0,0,0,0,0,,,,0,0,,0,0,0,0,,,0,0,,,0,0,,0,0,0,0,0,0,0,0,,0,0,0,0,0,0,0,,,0,0,0,0,,0,,0,0,0,,,,0,0,0,0,,0,0,0,,,,,0,0,0,0,,0,,0,,0,0,0,0,0,,0,0,0,,,0,0,0,0,0,0,0,,0,0,,0,0,,0,0,0,,,,,0,0,0,0,,0,0,0,0,0,0,0,0,0,0,0,0,0,0,0,0,0,,,,,,,,0,0,0,,0,0,0,0,0,0.0,0,0,0,0,0,0,0.0,0.0,0,0,0,0,0,0,0,0,0,0,0,0,0,0,0,0,0,0,0,0,0,0,0,0,0,0,2,0
https://www.beko.com.tr/kucuk-ev-aletleri-yedek-parca-ve-aksesuarlari/sweeper-ii-firca-kucuk-ev-aletleri-yedek-parca-ve-aksesuarlari,Fırça Grubu Sweeper Küçük Ev Aletleri Yedek Parça ve Aksesuarları,1700.0,0,Kucuk Ev Aletleri Yedek Parca Ve Aksesuarlari,Küçük Ev Aletleri,Küçük Ev Aletleri Seti,,,,,0,0,0,,0,0,0,,,,,,,0,,,0,,0,0,0,0,0,0,0,0,0,,0,0,0,0,0,0,,,,0,0,0,,0,0,0,0,0,0,0,,,0,0,,0,0,0,0,0,0,0,0,0,0,0,,,0,0,0,,,0,,0,0,0,0,0,0,0,0,,,,,,,,0,0,,,,0,0,0,0,0,0,0,0,0,,,,0,0,,0,0,0,0,,,0,0,,,0,0,,0,0,0,0,0,0,0,0,,0,0,0,0,0,0,0,,,0,0,0,0,,0,,0,0,0,,,,0,0,0,0,,0,0,0,,,,,0,0,0,0,,0,,0,,0,0,0,0,0,,0,0,0,,,0,0,0,0,0,0,0,,0,0,,0,0,,0,0,0,,,,,0,0,0,0,,0,0,0,0,0,0,0,0,0,0,0,0,0,0,0,0,0,,,,,,,,0,0,0,,0,0,0,0,0,0.0,0,0,0,0,0,0,0.0,0.0,0,0,0,0,0,0,0,0,0,0,0,0,0,0,0,0,0,0,0,0,0,0,0,0,0,0,2,0
https://www.beko.com.tr/kucuk-ev-aletleri-yedek-parca-ve-aksesuarlari/toz-kutusu-kucuk-ev-aletleri-yedek-parca-ve-aksesuarlari,Toz Haznesi Torbasız Süpürge Küçük Ev Aletleri Yedek Parça ve Aksesuarları,2450.0,1,Kucuk Ev Aletleri Yedek Parca Ve Aksesuarlari,Küçük Ev Aletleri,Küçük Ev Aletleri Seti,,,,,0,0,0,,0,0,0,,,,,,,0,,,0,,0,0,0,0,0,0,0,0,0,,0,0,0,0,0,0,,,,0,0,0,,0,0,0,0,0,0,0,,,0,0,,0,0,0,0,0,0,0,0,0,0,0,,,0,0,0,,,0,,0,0,0,0,0,0,0,0,,,,,,,,0,0,,,,0,0,0,0,0,0,0,0,0,,,,0,0,,0,0,0,0,,,0,0,,,0,0,,0,0,0,0,0,0,0,0,,0,0,0,0,0,0,0,,,0,0,0,0,,0,,0,0,0,,,,0,0,0,0,,0,0,0,,,,,0,0,0,0,,0,,0,,0,0,0,0,0,,0,0,0,,,0,0,0,0,0,0,0,,0,0,,0,0,,0,0,0,,,,,0,0,0,0,,0,0,0,0,0,0,0,0,0,0,0,0,0,0,0,0,0,,,,,,,,0,0,0,,0,0,0,0,0,0.0,0,0,0,0,0,0,0.0,0.0,0,0,0,0,0,0,0,0,0,0,0,0,0,0,0,0,0,0,0,0,0,0,0,0,0,0,2,0
https://www.beko.com.tr/kucuk-ev-aletleri-yedek-parca-ve-aksesuarlari/adaptor-vde-kucuk-ev-aletleri-yedek-parca-ve-aksesuarlari,Adaptör SD-2061 Küçük Ev Aletleri Yedek Parça ve Aksesuarları,475.0,0,Kucuk Ev Aletleri Yedek Parca Ve Aksesuarlari,Küçük Ev Aletleri,Küçük Ev Aletleri Seti,,,,,0,0,0,,0,0,0,,,,,,,0,,,0,,0,0,0,0,0,0,0,0,0,,0,0,0,0,0,0,,,,0,0,0,,0,0,0,0,0,0,0,,,0,0,,0,0,0,0,0,0,0,0,0,0,0,,,0,0,0,,,0,,0,0,0,0,0,0,0,0,,,,,,,,0,0,,,,0,0,0,0,0,0,0,0,0,,,,0,0,,0,0,0,0,,,0,0,,,0,0,,0,0,0,0,0,0,0,0,,0,0,0,0,0,0,0,,,0,0,0,0,,0,,0,0,0,,,,0,0,0,0,,0,0,0,,,,,0,0,0,0,,0,,0,,0,0,0,0,0,,0,0,0,,,0,0,0,0,0,0,0,,0,0,,0,0,,0,0,0,,,,,0,0,0,0,,0,0,0,0,0,0,0,0,0,0,0,0,0,0,0,0,0,,,,,,,,0,0,0,,0,0,0,0,0,0.0,0,0,0,0,0,0,0.0,0.0,0,0,0,0,0,0,0,0,0,0,0,0,0,0,0,0,0,0,0,0,0,0,0,0,0,0,2,0
https://www.beko.com.tr/kucuk-ev-aletleri-yedek-parca-ve-aksesuarlari/dograyici-ust-bicak-kucuk-ev-aletleri-yedek-parca-ve-aksesuarlari,Bıçak Tutucu Küçük Ev Aletleri Yedek Parça ve Aksesuarları,400.0,0,Kucuk Ev Aletleri Yedek Parca Ve Aksesuarlari,Küçük Ev Aletleri,Küçük Ev Aletleri Seti,,,,,0,0,0,,0,0,0,,,,,,,0,,,0,,0,0,0,0,0,0,0,0,0,,0,0,0,0,0,0,,,,0,0,0,,0,0,0,0,0,0,0,,,0,0,,0,0,0,0,0,0,0,0,0,0,0,,,0,0,0,,,0,,0,0,0,0,0,0,0,0,,,,,,,,0,0,,,,0,0,0,0,0,0,0,0,0,,,,0,0,,0,0,0,0,,,0,0,,,0,0,,0,0,0,0,0,0,0,0,,0,0,0,0,0,0,0,,,0,0,0,0,,0,,0,0,0,,,,0,0,0,0,,0,0,0,,,,,0,0,0,0,,0,,0,,0,0,0,0,0,,0,0,0,,,0,0,0,0,0,0,0,,0,0,,0,0,,0,0,0,,,,,0,0,0,0,,0,0,0,0,0,0,0,0,0,0,0,0,0,0,0,0,0,,,,,,,,0,0,0,,0,0,0,0,0,0.0,0,0,0,0,0,0,0.0,0.0,0,0,0,0,0,0,0,0,0,0,0,0,0,0,0,0,0,0,0,0,0,0,0,0,0,0,2,0
https://www.beko.com.tr/kucuk-ev-aletleri-yedek-parca-ve-aksesuarlari/bicak-kucuk-ev-aletleri-yedek-parca-ve-aksesuarlari,Bıçak Grubu Blender Küçük Ev Aletleri Yedek Parça ve Aksesuarları,475.0,1,Kucuk Ev Aletleri Yedek Parca Ve Aksesuarlari,Küçük Ev Aletleri,Küçük Ev Aletleri Seti,,,,,0,0,0,,0,0,0,,,,,,,0,,,0,,0,0,0,0,0,0,0,0,0,,0,0,0,0,0,0,,,,0,0,0,,0,0,0,0,0,0,0,,,0,0,,0,0,0,0,0,0,0,0,0,0,0,,,0,0,0,,,0,,0,0,0,0,0,0,0,0,,,,,,,,0,0,,,,0,0,0,0,0,0,0,0,0,,,,0,0,,0,0,0,0,,,0,0,,,0,0,,0,0,0,0,0,0,0,0,,0,0,0,0,0,0,0,,,0,0,0,0,,0,,0,0,0,,,,0,0,0,0,,0,0,0,,,,,0,0,0,0,,0,,0,,0,0,0,0,0,,0,0,0,,,0,0,0,0,0,0,0,,0,0,,0,0,,0,0,0,,,,,0,0,0,0,,0,0,0,0,0,0,0,0,0,0,0,0,0,0,0,0,0,,,,,,,,0,0,0,,0,0,0,0,0,0.0,0,0,0,0,0,0,0.0,0.0,0,0,0,0,0,0,0,0,0,0,0,0,0,0,0,0,0,0,0,0,0,0,0,0,0,0,2,0
https://www.beko.com.tr/kucuk-ev-aletleri-yedek-parca-ve-aksesuarlari/boru-grubu-kucuk-ev-aletleri-yedek-parca-ve-aksesuarlari,Şarjlı Dik Süpürge Boru Grubu Küçük Ev Aletleri Yedek Parça ve Aksesuarları,800.0,0,Kucuk Ev Aletleri Yedek Parca Ve Aksesuarlari,Küçük Ev Aletleri,Küçük Ev Aletleri Seti,,,,,0,0,0,,0,0,0,,,,,,,0,,,0,,0,0,0,0,0,0,0,0,0,,0,0,0,0,0,0,,,,0,0,0,,0,0,0,0,0,0,0,,,0,0,,0,0,0,0,0,0,0,0,0,0,0,,,0,0,0,,,0,,0,0,0,0,0,0,0,0,,,,,,,,0,0,,,,0,0,0,0,0,0,0,0,0,,,,0,0,,0,0,0,0,,,0,0,,,0,0,,0,0,0,0,0,0,0,0,,0,0,0,0,0,0,0,,,0,0,0,0,,0,,0,0,0,,,,0,0,0,0,,0,0,0,,,,,0,0,0,0,,0,,0,,0,0,0,0,0,,0,0,0,,,0,0,0,0,0,0,0,,0,0,,0,0,,0,0,0,,,,,0,0,0,0,,0,0,0,0,0,0,0,0,0,0,0,0,0,0,0,0,0,,,,,,,,0,0,0,,0,0,0,0,0,0.0,0,0,0,0,0,0,0.0,0.0,0,0,0,0,0,0,0,0,0,0,0,0,0,0,0,0,0,0,0,0,0,0,0,0,0,0,2,0
https://www.beko.com.tr/kucuk-ev-aletleri-yedek-parca-ve-aksesuarlari/br-ar-blen-stick-par-grb-b-kucuk-ev-aletleri-yedek-parca-ve-aksesuarlari,Blender Ayağı Komple Beyaz Küçük Ev Aletleri Yedek Parça ve Aksesuarları,800.0,1,Kucuk Ev Aletleri Yedek Parca Ve Aksesuarlari,Küçük Ev Aletleri,Küçük Ev Aletleri Seti,,,,,0,0,0,,0,0,0,,,,,,,0,,,0,,0,0,0,0,0,0,0,0,0,,0,0,0,0,0,0,,,,0,0,0,,0,0,0,0,0,0,0,,,0,0,,0,0,0,0,0,0,0,0,0,0,0,,,0,0,0,,,0,,0,0,0,0,0,0,0,0,,,,,,,,0,0,,,,0,0,0,0,0,0,0,0,0,,,,0,0,,0,0,0,0,,,0,0,,,0,0,,0,0,0,0,0,0,0,0,,0,0,0,0,0,0,0,,,0,0,0,0,,0,,0,0,0,,,,0,0,0,0,,0,0,0,,,,,0,0,0,0,,0,,0,,0,0,0,0,0,,0,0,0,,,0,0,0,0,0,0,0,,0,0,,0,0,,0,0,0,,,,,0,0,0,0,,0,0,0,0,0,0,0,0,0,0,0,0,0,0,0,0,0,,,,,,,,0,0,0,,0,0,0,0,0,0.0,0,0,0,0,0,0,0.0,0.0,0,0,0,0,0,0,0,0,0,0,0,0,0,0,0,0,0,0,0,0,0,0,0,0,0,0,2,0
https://www.beko.com.tr/kucuk-ev-aletleri-yedek-parca-ve-aksesuarlari/br-ar-blen-stick-par-grb-s-kucuk-ev-aletleri-yedek-parca-ve-aksesuarlari,Blender Ayağı Komple Siyah Küçük Ev Aletleri Yedek Parça ve Aksesuarları,800.0,1,Kucuk Ev Aletleri Yedek Parca Ve Aksesuarlari,Küçük Ev Aletleri,Küçük Ev Aletleri Seti,,,,,0,0,0,,0,0,0,,,,,,,0,,,0,,0,0,0,0,0,0,0,0,0,,0,0,0,0,0,0,,,,0,0,0,,0,0,0,0,0,0,0,,,0,0,,0,0,0,0,0,0,0,0,0,0,0,,,0,0,0,,,0,,0,0,0,0,0,0,0,0,,,,,,,,0,0,,,,0,0,0,0,0,0,0,0,0,,,,0,0,,0,0,0,0,,,0,0,,,0,0,,0,0,0,0,0,0,0,0,,0,0,0,0,0,0,0,,,0,0,0,0,,0,,0,0,0,,,,0,0,0,0,,0,0,0,,,,,0,0,0,0,,0,,0,,0,0,0,0,0,,0,0,0,,,0,0,0,0,0,0,0,,0,0,,0,0,,0,0,0,,,,,0,0,0,0,,0,0,0,0,0,0,0,0,0,0,0,0,0,0,0,0,0,,,,,,,,0,0,0,,0,0,0,0,0,0.0,0,0,0,0,0,0,0.0,0.0,0,0,0,0,0,0,0,0,0,0,0,0,0,0,0,0,0,0,0,0,0,0,0,0,0,0,2,0
https://www.beko.com.tr/kucuk-ev-aletleri-yedek-parca-ve-aksesuarlari/br-ar-ren-disktut-bicak-grb-s-kucuk-ev-aletleri-yedek-parca-ve-aksesuarlari,Çırpıcı Bıçak Grubu Siyah Küçük Ev Aletleri Yedek Parça ve Aksesuarları,350.0,0,Kucuk Ev Aletleri Yedek Parca Ve Aksesuarlari,Küçük Ev Aletleri,Küçük Ev Aletleri Seti,,,,,0,0,0,,0,0,0,,,,,,,0,,,0,,0,0,0,0,0,0,0,0,0,,0,0,0,0,0,0,,,,0,0,0,,0,0,0,0,0,0,0,,,0,0,,0,0,0,0,0,0,0,0,0,0,0,,,0,0,0,,,0,,0,0,0,0,0,0,0,0,,,,,,,,0,0,,,,0,0,0,0,0,0,0,0,0,,,,0,0,,0,0,0,0,,,0,0,,,0,0,,0,0,0,0,0,0,0,0,,0,0,0,0,0,0,0,,,0,0,0,0,,0,,0,0,0,,,,0,0,0,0,,0,0,0,,,,,0,0,0,0,,0,,0,,0,0,0,0,0,,0,0,0,,,0,0,0,0,0,0,0,,0,0,,0,0,,0,0,0,,,,,0,0,0,0,,0,0,0,0,0,0,0,0,0,0,0,0,0,0,0,0,0,,,,,,,,0,0,0,,0,0,0,0,0,0.0,0,0,0,0,0,0,0.0,0.0,0,0,0,0,0,0,0,0,0,0,0,0,0,0,0,0,0,0,0,0,0,0,0,0,0,0,2,0
https://www.beko.com.tr/kucuk-ev-aletleri-yedek-parca-ve-aksesuarlari/br-ar-renhazne-grb-ag-s-ag-s-kucuk-ev-aletleri-yedek-parca-ve-aksesuarlari,Hazne Grubu Siyah Saplı AG Küçük Ev Aletleri Yedek Parça ve Aksesuarları,500.0,0,Kucuk Ev Aletleri Yedek Parca Ve Aksesuarlari,Küçük Ev Aletleri,Küçük Ev Aletleri Seti,,,,,0,0,0,,0,0,0,,,,,,,0,,,0,,0,0,0,0,0,0,0,0,0,,0,0,0,0,0,0,,,,0,0,0,,0,0,0,0,0,0,0,,,0,0,,0,0,0,0,0,0,0,0,0,0,0,,,0,0,0,,,0,,0,0,0,0,0,0,0,0,,,,,,,,0,0,,,,0,0,0,0,0,0,0,0,0,,,,0,0,,0,0,0,0,,,0,0,,,0,0,,0,0,0,0,0,0,0,0,,0,0,0,0,0,0,0,,,0,0,0,0,,0,,0,0,0,,,,0,0,0,0,,0,0,0,,,,,0,0,0,0,,0,,0,,0,0,0,0,0,,0,0,0,,,0,0,0,0,0,0,0,,0,0,,0,0,,0,0,0,,,,,0,0,0,0,,0,0,0,0,0,0,0,0,0,0,0,0,0,0,0,0,0,,,,,,,,0,0,0,,0,0,0,0,0,0.0,0,0,0,0,0,0,0.0,0.0,0,0,0,0,0,0,0,0,0,0,0,0,0,0,0,0,0,0,0,0,0,0,0,0,0,0,2,0
https://www.beko.com.tr/kucuk-ev-aletleri-yedek-parca-ve-aksesuarlari/bv-ar-cirpici-grubu-b-cg-kucuk-ev-aletleri-yedek-parca-ve-aksesuarlari,Çırpıcı Bıçak Grubu Beyaz Küçük Ev Aletleri Yedek Parça ve Aksesuarları,350.0,0,Kucuk Ev Aletleri Yedek Parca Ve Aksesuarlari,Küçük Ev Aletleri,Küçük Ev Aletleri Seti,,,,,0,0,0,,0,0,0,,,,,,,0,,,0,,0,0,0,0,0,0,0,0,0,,0,0,0,0,0,0,,,,0,0,0,,0,0,0,0,0,0,0,,,0,0,,0,0,0,0,0,0,0,0,0,0,0,,,0,0,0,,,0,,0,0,0,0,0,0,0,0,,,,,,,,0,0,,,,0,0,0,0,0,0,0,0,0,,,,0,0,,0,0,0,0,,,0,0,,,0,0,,0,0,0,0,0,0,0,0,,0,0,0,0,0,0,0,,,0,0,0,0,,0,,0,0,0,,,,0,0,0,0,,0,0,0,,,,,0,0,0,0,,0,,0,,0,0,0,0,0,,0,0,0,,,0,0,0,0,0,0,0,,0,0,,0,0,,0,0,0,,,,,0,0,0,0,,0,0,0,0,0,0,0,0,0,0,0,0,0,0,0,0,0,,,,,,,,0,0,0,,0,0,0,0,0,0.0,0,0,0,0,0,0,0.0,0.0,0,0,0,0,0,0,0,0,0,0,0,0,0,0,0,0,0,0,0,0,0,0,0,0,0,0,2,0
https://www.beko.com.tr/kucuk-ev-aletleri-yedek-parca-ve-aksesuarlari/cam-surahi-kucuk-ev-aletleri-yedek-parca-ve-aksesuarlari,Cam Sürahi Küçük Ev Aletleri Yedek Parça ve Aksesuarları,475.0,1,Kucuk Ev Aletleri Yedek Parca Ve Aksesuarlari,Küçük Ev Aletleri,Küçük Ev Aletleri Seti,,,,,0,0,0,,0,0,0,,,,,,,0,,,0,,0,0,0,0,0,0,0,0,0,,0,0,0,0,0,0,,,,0,0,0,,0,0,0,0,0,0,0,,,0,0,,0,0,0,0,0,0,0,0,0,0,0,,,0,0,0,,,0,,0,0,0,0,0,0,0,0,,,,,,,,0,0,,,,0,0,0,0,0,0,0,0,0,,,,0,0,,0,0,0,0,,,0,0,,,0,0,,0,0,0,0,0,0,0,0,,0,0,0,0,0,0,0,,,0,0,0,0,,0,,0,0,0,,,,0,0,0,0,,0,0,0,,,,,0,0,0,0,,0,,0,,0,0,0,0,0,,0,0,0,,,0,0,0,0,0,0,0,,0,0,,0,0,,0,0,0,,,,,0,0,0,0,,0,0,0,0,0,0,0,0,0,0,0,0,0,0,0,0,0,,,,,,,,0,0,0,,0,0,0,0,0,0.0,0,0,0,0,0,0,0.0,0.0,0,0,0,0,0,0,0,0,0,0,0,0,0,0,0,0,0,0,0,0,0,0,0,0,0,0,2,0
https://www.beko.com.tr/kucuk-ev-aletleri-yedek-parca-ve-aksesuarlari/cop-kovasi-assy-yeni-kucuk-ev-aletleri-yedek-parca-ve-aksesuarlari,Toz Haznesi Yeni Küçük Ev Aletleri Yedek Parça ve Aksesuarları,550.0,0,Kucuk Ev Aletleri Yedek Parca Ve Aksesuarlari,Küçük Ev Aletleri,Küçük Ev Aletleri Seti,,,,,0,0,0,,0,0,0,,,,,,,0,,,0,,0,0,0,0,0,0,0,0,0,,0,0,0,0,0,0,,,,0,0,0,,0,0,0,0,0,0,0,,,0,0,,0,0,0,0,0,0,0,0,0,0,0,,,0,0,0,,,0,,0,0,0,0,0,0,0,0,,,,,,,,0,0,,,,0,0,0,0,0,0,0,0,0,,,,0,0,,0,0,0,0,,,0,0,,,0,0,,0,0,0,0,0,0,0,0,,0,0,0,0,0,0,0,,,0,0,0,0,,0,,0,0,0,,,,0,0,0,0,,0,0,0,,,,,0,0,0,0,,0,,0,,0,0,0,0,0,,0,0,0,,,0,0,0,0,0,0,0,,0,0,,0,0,,0,0,0,,,,,0,0,0,0,,0,0,0,0,0,0,0,0,0,0,0,0,0,0,0,0,0,,,,,,,,0,0,0,,0,0,0,0,0,0.0,0,0,0,0,0,0,0.0,0.0,0,0,0,0,0,0,0,0,0,0,0,0,0,0,0,0,0,0,0,0,0,0,0,0,0,0,2,0
https://www.beko.com.tr/kucuk-ev-aletleri-yedek-parca-ve-aksesuarlari/k---1252-dograyici-govde-grubu--beyaz-kucuk-ev-aletleri-yedek-parca-ve-aksesuarlari,Doğrayıcı Gövde Grubu B Küçük Ev Aletleri Yedek Parça ve Aksesuarları,425.0,0,Kucuk Ev Aletleri Yedek Parca Ve Aksesuarlari,Küçük Ev Aletleri,Küçük Ev Aletleri Seti,,,,,0,0,0,,0,0,0,,,,,,,0,,,0,,0,0,0,0,0,0,0,0,0,,0,0,0,0,0,0,,,,0,0,0,,0,0,0,0,0,0,0,,,0,0,,0,0,0,0,0,0,0,0,0,0,0,,,0,0,0,,,0,,0,0,0,0,0,0,0,0,,,,,,,,0,0,,,,0,0,0,0,0,0,0,0,0,,,,0,0,,0,0,0,0,,,0,0,,,0,0,,0,0,0,0,0,0,0,0,,0,0,0,0,0,0,0,,,0,0,0,0,,0,,0,0,0,,,,0,0,0,0,,0,0,0,,,,,0,0,0,0,,0,,0,,0,0,0,0,0,,0,0,0,,,0,0,0,0,0,0,0,,0,0,,0,0,,0,0,0,,,,,0,0,0,0,,0,0,0,0,0,0,0,0,0,0,0,0,0,0,0,0,0,,,,,,,,0,0,0,,0,0,0,0,0,0.0,0,0,0,0,0,0,0.0,0.0,0,0,0,0,0,0,0,0,0,0,0,0,0,0,0,0,0,0,0,0,0,0,0,0,0,0,2,0
https://www.beko.com.tr/kucuk-ev-aletleri-yedek-parca-ve-aksesuarlari/k---1252-parcalayici-bicak-komple---beya-kucuk-ev-aletleri-yedek-parca-ve-aksesuarlari,Bıçak Grubu Beyaz Küçük Ev Aletleri Yedek Parça ve Aksesuarları,375.0,0,Kucuk Ev Aletleri Yedek Parca Ve Aksesuarlari,Küçük Ev Aletleri,Küçük Ev Aletleri Seti,,,,,0,0,0,,0,0,0,,,,,,,0,,,0,,0,0,0,0,0,0,0,0,0,,0,0,0,0,0,0,,,,0,0,0,,0,0,0,0,0,0,0,,,0,0,,0,0,0,0,0,0,0,0,0,0,0,,,0,0,0,,,0,,0,0,0,0,0,0,0,0,,,,,,,,0,0,,,,0,0,0,0,0,0,0,0,0,,,,0,0,,0,0,0,0,,,0,0,,,0,0,,0,0,0,0,0,0,0,0,,0,0,0,0,0,0,0,,,0,0,0,0,,0,,0,0,0,,,,0,0,0,0,,0,0,0,,,,,0,0,0,0,,0,,0,,0,0,0,0,0,,0,0,0,,,0,0,0,0,0,0,0,,0,0,,0,0,,0,0,0,,,,,0,0,0,0,,0,0,0,0,0,0,0,0,0,0,0,0,0,0,0,0,0,,,,,,,,0,0,0,,0,0,0,0,0,0.0,0,0,0,0,0,0,0.0,0.0,0,0,0,0,0,0,0,0,0,0,0,0,0,0,0,0,0,0,0,0,0,0,0,0,0,0,2,0
https://www.beko.com.tr/kucuk-ev-aletleri-yedek-parca-ve-aksesuarlari/kahve-potu-kapak-ile-birlikte-kucuk-ev-aletleri-yedek-parca-ve-aksesuarlari,Cam Demlik Grubu Siyah Kapaklı FKM 4 Küçük Ev Aletleri Yedek Parça ve Aksesuarları,525.0,0,Kucuk Ev Aletleri Yedek Parca Ve Aksesuarlari,Küçük Ev Aletleri,Küçük Ev Aletleri Seti,,,,,0,0,0,,0,0,0,,,,,,,0,,,0,,0,0,0,0,0,0,0,0,0,,0,0,0,0,0,0,,,,0,0,0,,0,0,0,0,0,0,0,,,0,0,,0,0,0,0,0,0,0,0,0,0,0,,,0,0,0,,,0,,0,0,0,0,0,0,0,0,,,,,,,,0,0,,,,0,0,0,0,0,0,0,0,0,,,,0,0,,0,0,0,0,,,0,0,,,0,0,,0,0,0,0,0,0,0,0,,0,0,0,0,0,0,0,,,0,0,0,0,,0,,0,0,0,,,,0,0,0,0,,0,0,0,,,,,0,0,0,0,,0,,0,,0,0,0,0,0,,0,0,0,,,0,0,0,0,0,0,0,,0,0,,0,0,,0,0,0,,,,,0,0,0,0,,0,0,0,0,0,0,0,0,0,0,0,0,0,0,0,0,0,,,,,,,,0,0,0,,0,0,0,0,0,0.0,0,0,0,0,0,0,0.0,0.0,0,0,0,0,0,0,0,0,0,0,0,0,0,0,0,0,0,0,0,0,0,0,0,0,0,0,2,0
https://www.beko.com.tr/kucuk-ev-aletleri-yedek-parca-ve-aksesuarlari/plastik-dograyici-bicagi-kucuk-ev-aletleri-yedek-parca-ve-aksesuarlari,Çırpıcı Bıçak Grubu Gri Küçük Ev Aletleri Yedek Parça ve Aksesuarları,375.0,0,Kucuk Ev Aletleri Yedek Parca Ve Aksesuarlari,Küçük Ev Aletleri,Küçük Ev Aletleri Seti,,,,,0,0,0,,0,0,0,,,,,,,0,,,0,,0,0,0,0,0,0,0,0,0,,0,0,0,0,0,0,,,,0,0,0,,0,0,0,0,0,0,0,,,0,0,,0,0,0,0,0,0,0,0,0,0,0,,,0,0,0,,,0,,0,0,0,0,0,0,0,0,,,,,,,,0,0,,,,0,0,0,0,0,0,0,0,0,,,,0,0,,0,0,0,0,,,0,0,,,0,0,,0,0,0,0,0,0,0,0,,0,0,0,0,0,0,0,,,0,0,0,0,,0,,0,0,0,,,,0,0,0,0,,0,0,0,,,,,0,0,0,0,,0,,0,,0,0,0,0,0,,0,0,0,,,0,0,0,0,0,0,0,,0,0,,0,0,,0,0,0,,,,,0,0,0,0,,0,0,0,0,0,0,0,0,0,0,0,0,0,0,0,0,0,,,,,,,,0,0,0,,0,0,0,0,0,0.0,0,0,0,0,0,0,0.0,0.0,0,0,0,0,0,0,0,0,0,0,0,0,0,0,0,0,0,0,0,0,0,0,0,0,0,0,2,0
https://www.beko.com.tr/kucuk-ev-aletleri-yedek-parca-ve-aksesuarlari/plastik-kap-1500ml-kucuk-ev-aletleri-yedek-parca-ve-aksesuarlari,Plastik Kap 1500 ml Küçük Ev Aletleri Yedek Parça ve Aksesuarları,425.0,0,Kucuk Ev Aletleri Yedek Parca Ve Aksesuarlari,Küçük Ev Aletleri,Küçük Ev Aletleri Seti,,,,,0,0,0,,0,0,0,,,,,,,0,,,0,,0,0,0,0,0,0,0,0,0,,0,0,0,0,0,0,,,,0,0,0,,0,0,0,0,0,0,0,,,0,0,,0,0,0,0,0,0,0,0,0,0,0,,,0,0,0,,,0,,0,0,0,0,0,0,0,0,,,,,,,,0,0,,,,0,0,0,0,0,0,0,0,0,,,,0,0,,0,0,0,0,,,0,0,,,0,0,,0,0,0,0,0,0,0,0,,0,0,0,0,0,0,0,,,0,0,0,0,,0,,0,0,0,,,,0,0,0,0,,0,0,0,,,,,0,0,0,0,,0,,0,,0,0,0,0,0,,0,0,0,,,0,0,0,0,0,0,0,,0,0,,0,0,,0,0,0,,,,,0,0,0,0,,0,0,0,0,0,0,0,0,0,0,0,0,0,0,0,0,0,,,,,,,,0,0,0,,0,0,0,0,0,0.0,0,0,0,0,0,0,0.0,0.0,0,0,0,0,0,0,0,0,0,0,0,0,0,0,0,0,0,0,0,0,0,0,0,0,0,0,2,0
https://www.beko.com.tr/kucuk-ev-aletleri-yedek-parca-ve-aksesuarlari/su-tanki-kucuk-ev-aletleri-yedek-parca-ve-aksesuarlari,Su Tankı Grubu Robot Süpürge Küçük Ev Aletleri Yedek Parça ve Aksesuarları,350.0,0,Kucuk Ev Aletleri Yedek Parca Ve Aksesuarlari,Küçük Ev Aletleri,Küçük Ev Aletleri Seti,,,,,0,0,0,,0,0,0,,,,,,,0,,,0,,0,0,0,0,0,0,0,0,0,,0,0,0,0,0,0,,,,0,0,0,,0,0,0,0,0,0,0,,,0,0,,0,0,0,0,0,0,0,0,0,0,0,,,0,0,0,,,0,,0,0,0,0,0,0,0,0,,,,,,,,0,0,,,,0,0,0,0,0,0,0,0,0,,,,0,0,,0,0,0,0,,,0,0,,,0,0,,0,0,0,0,0,0,0,0,,0,0,0,0,0,0,0,,,0,0,0,0,,0,,0,0,0,,,,0,0,0,0,,0,0,0,,,,,0,0,0,0,,0,,0,,0,0,0,0,0,,0,0,0,,,0,0,0,0,0,0,0,,0,0,,0,0,,0,0,0,,,,,0,0,0,0,,0,0,0,0,0,0,0,0,0,0,0,0,0,0,0,0,0,,,,,,,,0,0,0,,0,0,0,0,0,0.0,0,0,0,0,0,0,0.0,0.0,0,0,0,0,0,0,0,0,0,0,0,0,0,0,0,0,0,0,0,0,0,0,0,0,0,0,2,0
https://www.beko.com.tr/kucuk-ev-aletleri-yedek-parca-ve-aksesuarlari/sup-ucu-eski-kap-se-std-hp-kucuk-ev-aletleri-yedek-parca-ve-aksesuarlari,Fırça Grubu Ucu Eski Tip Küçük Ev Aletleri Yedek Parça ve Aksesuarları,650.0,0,Kucuk Ev Aletleri Yedek Parca Ve Aksesuarlari,Küçük Ev Aletleri,Küçük Ev Aletleri Seti,,,,,0,0,0,,0,0,0,,,,,,,0,,,0,,0,0,0,0,0,0,0,0,0,,0,0,0,0,0,0,,,,0,0,0,,0,0,0,0,0,0,0,,,0,0,,0,0,0,0,0,0,0,0,0,0,0,,,0,0,0,,,0,,0,0,0,0,0,0,0,0,,,,,,,,0,0,,,,0,0,0,0,0,0,0,0,0,,,,0,0,,0,0,0,0,,,0,0,,,0,0,,0,0,0,0,0,0,0,0,,0,0,0,0,0,0,0,,,0,0,0,0,,0,,0,0,0,,,,0,0,0,0,,0,0,0,,,,,0,0,0,0,,0,,0,,0,0,0,0,0,,0,0,0,,,0,0,0,0,0,0,0,,0,0,,0,0,,0,0,0,,,,,0,0,0,0,,0,0,0,0,0,0,0,0,0,0,0,0,0,0,0,0,0,,,,,,,,0,0,0,,0,0,0,0,0,0.0,0,0,0,0,0,0,0.0,0.0,0,0,0,0,0,0,0,0,0,0,0,0,0,0,0,0,0,0,0,0,0,0,0,0,0,0,2,0
https://www.beko.com.tr/kucuk-ev-aletleri-yedek-parca-ve-aksesuarlari/tc28-ekzost-hepa-filtre-yeni-contali-fo-kucuk-ev-aletleri-yedek-parca-ve-aksesuarlari,Hepa Filtre Contalı Küçük Ev Aletleri Yedek Parça ve Aksesuarları,300.0,0,Kucuk Ev Aletleri Yedek Parca Ve Aksesuarlari,Küçük Ev Aletleri,Küçük Ev Aletleri Seti,,,,,0,0,0,,0,0,0,,,,,,,0,,,0,,0,0,0,0,0,0,0,0,0,,0,0,0,0,0,0,,,,0,0,0,,0,0,0,0,0,0,0,,,0,0,,0,0,0,0,0,0,0,0,0,0,0,,,0,0,0,,,0,,0,0,0,0,0,0,0,0,,,,,,,,0,0,,,,0,0,0,0,0,0,0,0,0,,,,0,0,,0,0,0,0,,,0,0,,,0,0,,0,0,0,0,0,0,0,0,,0,0,0,0,0,0,0,,,0,0,0,0,,0,,0,0,0,,,,0,0,0,0,,0,0,0,,,,,0,0,0,0,,0,,0,,0,0,0,0,0,,0,0,0,,,0,0,0,0,0,0,0,,0,0,,0,0,,0,0,0,,,,,0,0,0,0,,0,0,0,0,0,0,0,0,0,0,0,0,0,0,0,0,0,,,,,,,,0,0,0,,0,0,0,0,0,0.0,0,0,0,0,0,0,0.0,0.0,0,0,0,0,0,0,0,0,0,0,0,0,0,0,0,0,0,0,0,0,0,0,0,0,0,0,2,0
https://www.beko.com.tr/kucuk-ev-aletleri-yedek-parca-ve-aksesuarlari/jaguar-hepa-filtre-h12-tc57--kucuk-ev-aletleri-yedek-parca-ve-aksesuarlari,Hepa Filtre Jaguar Küçük Ev Aletleri Yedek Parça ve Aksesuarları,425.0,0,Kucuk Ev Aletleri Yedek Parca Ve Aksesuarlari,Küçük Ev Aletleri,Küçük Ev Aletleri Seti,,,,,0,0,0,,0,0,0,,,,,,,0,,,0,,0,0,0,0,0,0,0,0,0,,0,0,0,0,0,0,,,,0,0,0,,0,0,0,0,0,0,0,,,0,0,,0,0,0,0,0,0,0,0,0,0,0,,,0,0,0,,,0,,0,0,0,0,0,0,0,0,,,,,,,,0,0,,,,0,0,0,0,0,0,0,0,0,,,,0,0,,0,0,0,0,,,0,0,,,0,0,,0,0,0,0,0,0,0,0,,0,0,0,0,0,0,0,,,0,0,0,0,,0,,0,0,0,,,,0,0,0,0,,0,0,0,,,,,0,0,0,0,,0,,0,,0,0,0,0,0,,0,0,0,,,0,0,0,0,0,0,0,,0,0,,0,0,,0,0,0,,,,,0,0,0,0,,0,0,0,0,0,0,0,0,0,0,0,0,0,0,0,0,0,,,,,,,,0,0,0,,0,0,0,0,0,0.0,0,0,0,0,0,0,0.0,0.0,0,0,0,0,0,0,0,0,0,0,0,0,0,0,0,0,0,0,0,0,0,0,0,0,0,0,2,0
https://www.beko.com.tr/kucuk-ev-aletleri-yedek-parca-ve-aksesuarlari/karistirma-kabi-seffaf-kucuk-ev-aletleri-yedek-parca-ve-aksesuarlari,Karıştırma Kabı Küçük Ev Aletleri Yedek Parça ve Aksesuarları,400.0,0,Kucuk Ev Aletleri Yedek Parca Ve Aksesuarlari,Küçük Ev Aletleri,Küçük Ev Aletleri Seti,,,,,0,0,0,,0,0,0,,,,,,,0,,,0,,0,0,0,0,0,0,0,0,0,,0,0,0,0,0,0,,,,0,0,0,,0,0,0,0,0,0,0,,,0,0,,0,0,0,0,0,0,0,0,0,0,0,,,0,0,0,,,0,,0,0,0,0,0,0,0,0,,,,,,,,0,0,,,,0,0,0,0,0,0,0,0,0,,,,0,0,,0,0,0,0,,,0,0,,,0,0,,0,0,0,0,0,0,0,0,,0,0,0,0,0,0,0,,,0,0,0,0,,0,,0,0,0,,,,0,0,0,0,,0,0,0,,,,,0,0,0,0,,0,,0,,0,0,0,0,0,,0,0,0,,,0,0,0,0,0,0,0,,0,0,,0,0,,0,0,0,,,,,0,0,0,0,,0,0,0,0,0,0,0,0,0,0,0,0,0,0,0,0,0,,,,,,,,0,0,0,,0,0,0,0,0,0.0,0,0,0,0,0,0,0.0,0.0,0,0,0,0,0,0,0,0,0,0,0,0,0,0,0,0,0,0,0,0,0,0,0,0,0,0,2,0
https://www.beko.com.tr/kucuk-ev-aletleri-yedek-parca-ve-aksesuarlari/robot-bicagi-grubu-kucuk-ev-aletleri-yedek-parca-ve-aksesuarlari,Bıçak Grubu Küçük Ev Aletleri Yedek Parça ve Aksesuarları,375.0,0,Kucuk Ev Aletleri Yedek Parca Ve Aksesuarlari,Küçük Ev Aletleri,Küçük Ev Aletleri Seti,,,,,0,0,0,,0,0,0,,,,,,,0,,,0,,0,0,0,0,0,0,0,0,0,,0,0,0,0,0,0,,,,0,0,0,,0,0,0,0,0,0,0,,,0,0,,0,0,0,0,0,0,0,0,0,0,0,,,0,0,0,,,0,,0,0,0,0,0,0,0,0,,,,,,,,0,0,,,,0,0,0,0,0,0,0,0,0,,,,0,0,,0,0,0,0,,,0,0,,,0,0,,0,0,0,0,0,0,0,0,,0,0,0,0,0,0,0,,,0,0,0,0,,0,,0,0,0,,,,0,0,0,0,,0,0,0,,,,,0,0,0,0,,0,,0,,0,0,0,0,0,,0,0,0,,,0,0,0,0,0,0,0,,0,0,,0,0,,0,0,0,,,,,0,0,0,0,,0,0,0,0,0,0,0,0,0,0,0,0,0,0,0,0,0,,,,,,,,0,0,0,,0,0,0,0,0,0.0,0,0,0,0,0,0,0.0,0.0,0,0,0,0,0,0,0,0,0,0,0,0,0,0,0,0,0,0,0,0,0,0,0,0,0,0,2,0
https://www.beko.com.tr/kucuk-ev-aletleri-yedek-parca-ve-aksesuarlari/yv-hava-giris-filtre-grubu-kucuk-ev-aletleri-yedek-parca-ve-aksesuarlari,Filtre Hava Giriş Küçük Ev Aletleri Yedek Parça ve Aksesuarları,300.0,0,Kucuk Ev Aletleri Yedek Parca Ve Aksesuarlari,Küçük Ev Aletleri,Küçük Ev Aletleri Seti,,,,,0,0,0,,0,0,0,,,,,,,0,,,0,,0,0,0,0,0,0,0,0,0,,0,0,0,0,0,0,,,,0,0,0,,0,0,0,0,0,0,0,,,0,0,,0,0,0,0,0,0,0,0,0,0,0,,,0,0,0,,,0,,0,0,0,0,0,0,0,0,,,,,,,,0,0,,,,0,0,0,0,0,0,0,0,0,,,,0,0,,0,0,0,0,,,0,0,,,0,0,,0,0,0,0,0,0,0,0,,0,0,0,0,0,0,0,,,0,0,0,0,,0,,0,0,0,,,,0,0,0,0,,0,0,0,,,,,0,0,0,0,,0,,0,,0,0,0,0,0,,0,0,0,,,0,0,0,0,0,0,0,,0,0,,0,0,,0,0,0,,,,,0,0,0,0,,0,0,0,0,0,0,0,0,0,0,0,0,0,0,0,0,0,,,,,,,,0,0,0,,0,0,0,0,0,0.0,0,0,0,0,0,0,0.0,0.0,0,0,0,0,0,0,0,0,0,0,0,0,0,0,0,0,0,0,0,0,0,0,0,0,0,0,2,0
https://www.beko.com.tr/kucuk-ev-aletleri-yedek-parca-ve-aksesuarlari/br-ar-rende-disli-kutu-grb-b-s-kucuk-ev-aletleri-yedek-parca-ve-aksesuarlari,Blender Dişli Grubu Siyah Küçük Ev Aletleri Yedek Parça ve Aksesuarları,525.0,0,Kucuk Ev Aletleri Yedek Parca Ve Aksesuarlari,Küçük Ev Aletleri,Küçük Ev Aletleri Seti,,,,,0,0,0,,0,0,0,,,,,,,0,,,0,,0,0,0,0,0,0,0,0,0,,0,0,0,0,0,0,,,,0,0,0,,0,0,0,0,0,0,0,,,0,0,,0,0,0,0,0,0,0,0,0,0,0,,,0,0,0,,,0,,0,0,0,0,0,0,0,0,,,,,,,,0,0,,,,0,0,0,0,0,0,0,0,0,,,,0,0,,0,0,0,0,,,0,0,,,0,0,,0,0,0,0,0,0,0,0,,0,0,0,0,0,0,0,,,0,0,0,0,,0,,0,0,0,,,,0,0,0,0,,0,0,0,,,,,0,0,0,0,,0,,0,,0,0,0,0,0,,0,0,0,,,0,0,0,0,0,0,0,,0,0,,0,0,,0,0,0,,,,,0,0,0,0,,0,0,0,0,0,0,0,0,0,0,0,0,0,0,0,0,0,,,,,,,,0,0,0,,0,0,0,0,0,0.0,0,0,0,0,0,0,0.0,0.0,0,0,0,0,0,0,0,0,0,0,0,0,0,0,0,0,0,0,0,0,0,0,0,0,0,0,2,0
https://www.beko.com.tr/kucuk-ev-aletleri-yedek-parca-ve-aksesuarlari/br-ar-rende-hazne-grb-s-dug-yp-kucuk-ev-aletleri-yedek-parca-ve-aksesuarlari,Hazne Grubu Siyah Saplı Küçük Ev Aletleri Yedek Parça ve Aksesuarları,500.0,0,Kucuk Ev Aletleri Yedek Parca Ve Aksesuarlari,Küçük Ev Aletleri,Küçük Ev Aletleri Seti,,,,,0,0,0,,0,0,0,,,,,,,0,,,0,,0,0,0,0,0,0,0,0,0,,0,0,0,0,0,0,,,,0,0,0,,0,0,0,0,0,0,0,,,0,0,,0,0,0,0,0,0,0,0,0,0,0,,,0,0,0,,,0,,0,0,0,0,0,0,0,0,,,,,,,,0,0,,,,0,0,0,0,0,0,0,0,0,,,,0,0,,0,0,0,0,,,0,0,,,0,0,,0,0,0,0,0,0,0,0,,0,0,0,0,0,0,0,,,0,0,0,0,,0,,0,0,0,,,,0,0,0,0,,0,0,0,,,,,0,0,0,0,,0,,0,,0,0,0,0,0,,0,0,0,,,0,0,0,0,0,0,0,,0,0,,0,0,,0,0,0,,,,,0,0,0,0,,0,0,0,0,0,0,0,0,0,0,0,0,0,0,0,0,0,,,,,,,,0,0,0,,0,0,0,0,0,0.0,0,0,0,0,0,0,0.0,0.0,0,0,0,0,0,0,0,0,0,0,0,0,0,0,0,0,0,0,0,0,0,0,0,0,0,0,2,0
https://www.beko.com.tr/kucuk-ev-aletleri-yedek-parca-ve-aksesuarlari/firca-grubu-kucuk-ev-aletleri-yedek-parca-ve-aksesuarlari,Fırça Grubu SD 3061 Küçük Ev Aletleri Yedek Parça ve Aksesuarları,1100.0,0,Kucuk Ev Aletleri Yedek Parca Ve Aksesuarlari,Küçük Ev Aletleri,Küçük Ev Aletleri Seti,,,,,0,0,0,,0,0,0,,,,,,,0,,,0,,0,0,0,0,0,0,0,0,0,,0,0,0,0,0,0,,,,0,0,0,,0,0,0,0,0,0,0,,,0,0,,0,0,0,0,0,0,0,0,0,0,0,,,0,0,0,,,0,,0,0,0,0,0,0,0,0,,,,,,,,0,0,,,,0,0,0,0,0,0,0,0,0,,,,0,0,,0,0,0,0,,,0,0,,,0,0,,0,0,0,0,0,0,0,0,,0,0,0,0,0,0,0,,,0,0,0,0,,0,,0,0,0,,,,0,0,0,0,,0,0,0,,,,,0,0,0,0,,0,,0,,0,0,0,0,0,,0,0,0,,,0,0,0,0,0,0,0,,0,0,,0,0,,0,0,0,,,,,0,0,0,0,,0,0,0,0,0,0,0,0,0,0,0,0,0,0,0,0,0,,,,,,,,0,0,0,,0,0,0,0,0,0.0,0,0,0,0,0,0,0.0,0.0,0,0,0,0,0,0,0,0,0,0,0,0,0,0,0,0,0,0,0,0,0,0,0,0,0,0,2,0
https://www.beko.com.tr/kucuk-ev-aletleri-yedek-parca-ve-aksesuarlari/komple-bicak-16285gri-kucuk-ev-aletleri-yedek-parca-ve-aksesuarlari,Bıçak Grubu Komple Küçük Ev Aletleri Yedek Parça ve Aksesuarları,375.0,0,Kucuk Ev Aletleri Yedek Parca Ve Aksesuarlari,Küçük Ev Aletleri,Küçük Ev Aletleri Seti,,,,,0,0,0,,0,0,0,,,,,,,0,,,0,,0,0,0,0,0,0,0,0,0,,0,0,0,0,0,0,,,,0,0,0,,0,0,0,0,0,0,0,,,0,0,,0,0,0,0,0,0,0,0,0,0,0,,,0,0,0,,,0,,0,0,0,0,0,0,0,0,,,,,,,,0,0,,,,0,0,0,0,0,0,0,0,0,,,,0,0,,0,0,0,0,,,0,0,,,0,0,,0,0,0,0,0,0,0,0,,0,0,0,0,0,0,0,,,0,0,0,0,,0,,0,0,0,,,,0,0,0,0,,0,0,0,,,,,0,0,0,0,,0,,0,,0,0,0,0,0,,0,0,0,,,0,0,0,0,0,0,0,,0,0,,0,0,,0,0,0,,,,,0,0,0,0,,0,0,0,0,0,0,0,0,0,0,0,0,0,0,0,0,0,,,,,,,,0,0,0,,0,0,0,0,0,0.0,0,0,0,0,0,0,0.0,0.0,0,0,0,0,0,0,0,0,0,0,0,0,0,0,0,0,0,0,0,0,0,0,0,0,0,0,2,0
https://www.beko.com.tr/kucuk-ev-aletleri-yedek-parca-ve-aksesuarlari/surahi-kapagi-kucuk-ev-aletleri-yedek-parca-ve-aksesuarlari,Sürahi Kapak Küçük Ev Aletleri Yedek Parça ve Aksesuarları,210.0,0,Kucuk Ev Aletleri Yedek Parca Ve Aksesuarlari,Küçük Ev Aletleri,Küçük Ev Aletleri Seti,,,,,0,0,0,,0,0,0,,,,,,,0,,,0,,0,0,0,0,0,0,0,0,0,,0,0,0,0,0,0,,,,0,0,0,,0,0,0,0,0,0,0,,,0,0,,0,0,0,0,0,0,0,0,0,0,0,,,0,0,0,,,0,,0,0,0,0,0,0,0,0,,,,,,,,0,0,,,,0,0,0,0,0,0,0,0,0,,,,0,0,,0,0,0,0,,,0,0,,,0,0,,0,0,0,0,0,0,0,0,,0,0,0,0,0,0,0,,,0,0,0,0,,0,,0,0,0,,,,0,0,0,0,,0,0,0,,,,,0,0,0,0,,0,,0,,0,0,0,0,0,,0,0,0,,,0,0,0,0,0,0,0,,0,0,,0,0,,0,0,0,,,,,0,0,0,0,,0,0,0,0,0,0,0,0,0,0,0,0,0,0,0,0,0,,,,,,,,0,0,0,,0,0,0,0,0,0.0,0,0,0,0,0,0,0.0,0.0,0,0,0,0,0,0,0,0,0,0,0,0,0,0,0,0,0,0,0,0,0,0,0,0,0,0,2,0
https://www.beko.com.tr/kucuk-ev-aletleri-yedek-parca-ve-aksesuarlari/cam-demlik-grubu-kucuk-ev-aletleri-yedek-parca-ve-aksesuarlari,Cam Demlik Grubu Kapaksız Küçük Ev Aletleri Yedek Parça ve Aksesuarları,525.0,7,Kucuk Ev Aletleri Yedek Parca Ve Aksesuarlari,Küçük Ev Aletleri,Küçük Ev Aletleri Seti,,,,,0,0,0,,0,0,0,,,,,,,0,,,0,,0,0,0,0,0,0,0,0,0,,0,0,0,0,0,0,,,,0,0,0,,0,0,0,0,0,0,0,,,0,0,,0,0,0,0,0,0,0,0,0,0,0,,,0,0,0,,,0,,0,0,0,0,0,0,0,0,,,,,,,,0,0,,,,0,0,0,0,0,0,0,0,0,,,,0,0,,0,0,0,0,,,0,0,,,0,0,,0,0,0,0,0,0,0,0,,0,0,0,0,0,0,0,,,0,0,0,0,,0,,0,0,0,,,,0,0,0,0,,0,0,0,,,,,0,0,0,0,,0,,0,,0,0,0,0,0,,0,0,0,,,0,0,0,0,0,0,0,,0,0,,0,0,,0,0,0,,,,,0,0,0,0,,0,0,0,0,0,0,0,0,0,0,0,0,0,0,0,0,0,,,,,,,,0,0,0,,0,0,0,0,0,0.0,0,0,0,0,0,0,0.0,0.0,0,0,0,0,0,0,0,0,0,0,0,0,0,0,0,0,0,0,0,0,0,0,0,0,0,0,2,0
https://www.beko.com.tr/kucuk-ev-aletleri-yedek-parca-ve-aksesuarlari/adaptor-kucuk-ev-aletleri-yedek-parca-ve-aksesuarlari,Adaptör Şarjı Dik Süpürge Küçük Ev Aletleri Yedek Parça ve Aksesuarları,400.0,1,Kucuk Ev Aletleri Yedek Parca Ve Aksesuarlari,Küçük Ev Aletleri,Küçük Ev Aletleri Seti,,,,,0,0,0,,0,0,0,,,,,,,0,,,0,,0,0,0,0,0,0,0,0,0,,0,0,0,0,0,0,,,,0,0,0,,0,0,0,0,0,0,0,,,0,0,,0,0,0,0,0,0,0,0,0,0,0,,,0,0,0,,,0,,0,0,0,0,0,0,0,0,,,,,,,,0,0,,,,0,0,0,0,0,0,0,0,0,,,,0,0,,0,0,0,0,,,0,0,,,0,0,,0,0,0,0,0,0,0,0,,0,0,0,0,0,0,0,,,0,0,0,0,,0,,0,0,0,,,,0,0,0,0,,0,0,0,,,,,0,0,0,0,,0,,0,,0,0,0,0,0,,0,0,0,,,0,0,0,0,0,0,0,,0,0,,0,0,,0,0,0,,,,,0,0,0,0,,0,0,0,0,0,0,0,0,0,0,0,0,0,0,0,0,0,,,,,,,,0,0,0,,0,0,0,0,0,0.0,0,0,0,0,0,0,0.0,0.0,0,0,0,0,0,0,0,0,0,0,0,0,0,0,0,0,0,0,0,0,0,0,0,0,0,0,2,0
https://www.beko.com.tr/kucuk-ev-aletleri-yedek-parca-ve-aksesuarlari/az-yh-yv-hepa-filtre-h13-siy-kucuk-ev-aletleri-yedek-parca-ve-aksesuarlari,Hepa Filtre Siyah Küçük Ev Aletleri Yedek Parça ve Aksesuarları,375.0,0,Kucuk Ev Aletleri Yedek Parca Ve Aksesuarlari,Küçük Ev Aletleri,Küçük Ev Aletleri Seti,,,,,0,0,0,,0,0,0,,,,,,,0,,,0,,0,0,0,0,0,0,0,0,0,,0,0,0,0,0,0,,,,0,0,0,,0,0,0,0,0,0,0,,,0,0,,0,0,0,0,0,0,0,0,0,0,0,,,0,0,0,,,0,,0,0,0,0,0,0,0,0,,,,,,,,0,0,,,,0,0,0,0,0,0,0,0,0,,,,0,0,,0,0,0,0,,,0,0,,,0,0,,0,0,0,0,0,0,0,0,,0,0,0,0,0,0,0,,,0,0,0,0,,0,,0,0,0,,,,0,0,0,0,,0,0,0,,,,,0,0,0,0,,0,,0,,0,0,0,0,0,,0,0,0,,,0,0,0,0,0,0,0,,0,0,,0,0,,0,0,0,,,,,0,0,0,0,,0,0,0,0,0,0,0,0,0,0,0,0,0,0,0,0,0,,,,,,,,0,0,0,,0,0,0,0,0,0.0,0,0,0,0,0,0,0.0,0.0,0,0,0,0,0,0,0,0,0,0,0,0,0,0,0,0,0,0,0,0,0,0,0,0,0,0,2,0
https://www.beko.com.tr/kucuk-ev-aletleri-yedek-parca-ve-aksesuarlari/k1261-rhb-robot-kabi-komple-kucuk-ev-aletleri-yedek-parca-ve-aksesuarlari,Hazne Grubu Beyaz Saplı Küçük Ev Aletleri Yedek Parça ve Aksesuarları,400.0,0,Kucuk Ev Aletleri Yedek Parca Ve Aksesuarlari,Küçük Ev Aletleri,Küçük Ev Aletleri Seti,,,,,0,0,0,,0,0,0,,,,,,,0,,,0,,0,0,0,0,0,0,0,0,0,,0,0,0,0,0,0,,,,0,0,0,,0,0,0,0,0,0,0,,,0,0,,0,0,0,0,0,0,0,0,0,0,0,,,0,0,0,,,0,,0,0,0,0,0,0,0,0,,,,,,,,0,0,,,,0,0,0,0,0,0,0,0,0,,,,0,0,,0,0,0,0,,,0,0,,,0,0,,0,0,0,0,0,0,0,0,,0,0,0,0,0,0,0,,,0,0,0,0,,0,,0,0,0,,,,0,0,0,0,,0,0,0,,,,,0,0,0,0,,0,,0,,0,0,0,0,0,,0,0,0,,,0,0,0,0,0,0,0,,0,0,,0,0,,0,0,0,,,,,0,0,0,0,,0,0,0,0,0,0,0,0,0,0,0,0,0,0,0,0,0,,,,,,,,0,0,0,,0,0,0,0,0,0.0,0,0,0,0,0,0,0.0,0.0,0,0,0,0,0,0,0,0,0,0,0,0,0,0,0,0,0,0,0,0,0,0,0,0,0,0,2,0
https://www.beko.com.tr/kucuk-ev-aletleri-yedek-parca-ve-aksesuarlari/dograyicinin-ust-bicagi-kucuk-ev-aletleri-yedek-parca-ve-aksesuarlari,Bıçak Grubu Üst Küçük Ev Aletleri Yedek Parça ve Aksesuarları,375.0,0,Kucuk Ev Aletleri Yedek Parca Ve Aksesuarlari,Küçük Ev Aletleri,Küçük Ev Aletleri Seti,,,,,0,0,0,,0,0,0,,,,,,,0,,,0,,0,0,0,0,0,0,0,0,0,,0,0,0,0,0,0,,,,0,0,0,,0,0,0,0,0,0,0,,,0,0,,0,0,0,0,0,0,0,0,0,0,0,,,0,0,0,,,0,,0,0,0,0,0,0,0,0,,,,,,,,0,0,,,,0,0,0,0,0,0,0,0,0,,,,0,0,,0,0,0,0,,,0,0,,,0,0,,0,0,0,0,0,0,0,0,,0,0,0,0,0,0,0,,,0,0,0,0,,0,,0,0,0,,,,0,0,0,0,,0,0,0,,,,,0,0,0,0,,0,,0,,0,0,0,0,0,,0,0,0,,,0,0,0,0,0,0,0,,0,0,,0,0,,0,0,0,,,,,0,0,0,0,,0,0,0,0,0,0,0,0,0,0,0,0,0,0,0,0,0,,,,,,,,0,0,0,,0,0,0,0,0,0.0,0,0,0,0,0,0,0.0,0.0,0,0,0,0,0,0,0,0,0,0,0,0,0,0,0,0,0,0,0,0,0,0,0,0,0,0,2,0
https://www.beko.com.tr/kucuk-ev-aletleri-yedek-parca-ve-aksesuarlari/gweeper-ii-firca-kucuk-ev-aletleri-yedek-parca-ve-aksesuarlari,Fırça Grubu Beko Baskılı Küçük Ev Aletleri Yedek Parça ve Aksesuarları,1800.0,0,Kucuk Ev Aletleri Yedek Parca Ve Aksesuarlari,Küçük Ev Aletleri,Küçük Ev Aletleri Seti,,,,,0,0,0,,0,0,0,,,,,,,0,,,0,,0,0,0,0,0,0,0,0,0,,0,0,0,0,0,0,,,,0,0,0,,0,0,0,0,0,0,0,,,0,0,,0,0,0,0,0,0,0,0,0,0,0,,,0,0,0,,,0,,0,0,0,0,0,0,0,0,,,,,,,,0,0,,,,0,0,0,0,0,0,0,0,0,,,,0,0,,0,0,0,0,,,0,0,,,0,0,,0,0,0,0,0,0,0,0,,0,0,0,0,0,0,0,,,0,0,0,0,,0,,0,0,0,,,,0,0,0,0,,0,0,0,,,,,0,0,0,0,,0,,0,,0,0,0,0,0,,0,0,0,,,0,0,0,0,0,0,0,,0,0,,0,0,,0,0,0,,,,,0,0,0,0,,0,0,0,0,0,0,0,0,0,0,0,0,0,0,0,0,0,,,,,,,,0,0,0,,0,0,0,0,0,0.0,0,0,0,0,0,0,0.0,0.0,0,0,0,0,0,0,0,0,0,0,0,0,0,0,0,0,0,0,0,0,0,0,0,0,0,0,2,0
https://www.beko.com.tr/kucuk-ev-aletleri-yedek-parca-ve-aksesuarlari/hortum-kucuk-ev-aletleri-yedek-parca-ve-aksesuarlari,Hortum Grubu Siyah Küçük Ev Aletleri Yedek Parça ve Aksesuarları,850.0,0,Kucuk Ev Aletleri Yedek Parca Ve Aksesuarlari,Küçük Ev Aletleri,Küçük Ev Aletleri Seti,,,,,0,0,0,,0,0,0,,,,,,,0,,,0,,0,0,0,0,0,0,0,0,0,,0,0,0,0,0,0,,,,0,0,0,,0,0,0,0,0,0,0,,,0,0,,0,0,0,0,0,0,0,0,0,0,0,,,0,0,0,,,0,,0,0,0,0,0,0,0,0,,,,,,,,0,0,,,,0,0,0,0,0,0,0,0,0,,,,0,0,,0,0,0,0,,,0,0,,,0,0,,0,0,0,0,0,0,0,0,,0,0,0,0,0,0,0,,,0,0,0,0,,0,,0,0,0,,,,0,0,0,0,,0,0,0,,,,,0,0,0,0,,0,,0,,0,0,0,0,0,,0,0,0,,,0,0,0,0,0,0,0,,0,0,,0,0,,0,0,0,,,,,0,0,0,0,,0,0,0,0,0,0,0,0,0,0,0,0,0,0,0,0,0,,,,,,,,0,0,0,,0,0,0,0,0,0.0,0,0,0,0,0,0,0.0,0.0,0,0,0,0,0,0,0,0,0,0,0,0,0,0,0,0,0,0,0,0,0,0,0,0,0,0,2,0
https://www.beko.com.tr/kucuk-ev-aletleri-yedek-parca-ve-aksesuarlari/hepa-filter---bks-5423---b-kucuk-ev-aletleri-yedek-parca-ve-aksesuarlari,Hepa Filtre Siyah B Küçük Ev Aletleri Yedek Parça ve Aksesuarları,300.0,0,Kucuk Ev Aletleri Yedek Parca Ve Aksesuarlari,Küçük Ev Aletleri,Küçük Ev Aletleri Seti,,,,,0,0,0,,0,0,0,,,,,,,0,,,0,,0,0,0,0,0,0,0,0,0,,0,0,0,0,0,0,,,,0,0,0,,0,0,0,0,0,0,0,,,0,0,,0,0,0,0,0,0,0,0,0,0,0,,,0,0,0,,,0,,0,0,0,0,0,0,0,0,,,,,,,,0,0,,,,0,0,0,0,0,0,0,0,0,,,,0,0,,0,0,0,0,,,0,0,,,0,0,,0,0,0,0,0,0,0,0,,0,0,0,0,0,0,0,,,0,0,0,0,,0,,0,0,0,,,,0,0,0,0,,0,0,0,,,,,0,0,0,0,,0,,0,,0,0,0,0,0,,0,0,0,,,0,0,0,0,0,0,0,,0,0,,0,0,,0,0,0,,,,,0,0,0,0,,0,0,0,0,0,0,0,0,0,0,0,0,0,0,0,0,0,,,,,,,,0,0,0,,0,0,0,0,0,0.0,0,0,0,0,0,0,0.0,0.0,0,0,0,0,0,0,0,0,0,0,0,0,0,0,0,0,0,0,0,0,0,0,0,0,0,0,2,0
https://www.beko.com.tr/kucuk-ev-aletleri-yedek-parca-ve-aksesuarlari/teleskobik-boru-kucuk-ev-aletleri-yedek-parca-ve-aksesuarlari,Teleskobik Boru Metal Küçük Ev Aletleri Yedek Parça ve Aksesuarları,700.0,0,Kucuk Ev Aletleri Yedek Parca Ve Aksesuarlari,Küçük Ev Aletleri,Küçük Ev Aletleri Seti,,,,,0,0,0,,0,0,0,,,,,,,0,,,0,,0,0,0,0,0,0,0,0,0,,0,0,0,0,0,0,,,,0,0,0,,0,0,0,0,0,0,0,,,0,0,,0,0,0,0,0,0,0,0,0,0,0,,,0,0,0,,,0,,0,0,0,0,0,0,0,0,,,,,,,,0,0,,,,0,0,0,0,0,0,0,0,0,,,,0,0,,0,0,0,0,,,0,0,,,0,0,,0,0,0,0,0,0,0,0,,0,0,0,0,0,0,0,,,0,0,0,0,,0,,0,0,0,,,,0,0,0,0,,0,0,0,,,,,0,0,0,0,,0,,0,,0,0,0,0,0,,0,0,0,,,0,0,0,0,0,0,0,,0,0,,0,0,,0,0,0,,,,,0,0,0,0,,0,0,0,0,0,0,0,0,0,0,0,0,0,0,0,0,0,,,,,,,,0,0,0,,0,0,0,0,0,0.0,0,0,0,0,0,0,0.0,0.0,0,0,0,0,0,0,0,0,0,0,0,0,0,0,0,0,0,0,0,0,0,0,0,0,0,0,2,0
https://www.beko.com.tr/kucuk-ev-aletleri-yedek-parca-ve-aksesuarlari/ana-fircab09-kucuk-ev-aletleri-yedek-parca-ve-aksesuarlari,Fırça Grubu Ana Zemin Küçük Ev Aletleri Yedek Parça ve Aksesuarları,600.0,0,Kucuk Ev Aletleri Yedek Parca Ve Aksesuarlari,Küçük Ev Aletleri,Küçük Ev Aletleri Seti,,,,,0,0,0,,0,0,0,,,,,,,0,,,0,,0,0,0,0,0,0,0,0,0,,0,0,0,0,0,0,,,,0,0,0,,0,0,0,0,0,0,0,,,0,0,,0,0,0,0,0,0,0,0,0,0,0,,,0,0,0,,,0,,0,0,0,0,0,0,0,0,,,,,,,,0,0,,,,0,0,0,0,0,0,0,0,0,,,,0,0,,0,0,0,0,,,0,0,,,0,0,,0,0,0,0,0,0,0,0,,0,0,0,0,0,0,0,,,0,0,0,0,,0,,0,0,0,,,,0,0,0,0,,0,0,0,,,,,0,0,0,0,,0,,0,,0,0,0,0,0,,0,0,0,,,0,0,0,0,0,0,0,,0,0,,0,0,,0,0,0,,,,,0,0,0,0,,0,0,0,0,0,0,0,0,0,0,0,0,0,0,0,0,0,,,,,,,,0,0,0,,0,0,0,0,0,0.0,0,0,0,0,0,0,0.0,0.0,0,0,0,0,0,0,0,0,0,0,0,0,0,0,0,0,0,0,0,0,0,0,0,0,0,0,2,0
https://www.beko.com.tr/kucuk-ev-aletleri-yedek-parca-ve-aksesuarlari/toz-kutusu-kapagi-grb--kucuk-ev-aletleri-yedek-parca-ve-aksesuarlari,Toz Haznesi Kapağı Küçük Ev Aletleri Yedek Parça ve Aksesuarları,375.0,0,Kucuk Ev Aletleri Yedek Parca Ve Aksesuarlari,Küçük Ev Aletleri,Küçük Ev Aletleri Seti,,,,,0,0,0,,0,0,0,,,,,,,0,,,0,,0,0,0,0,0,0,0,0,0,,0,0,0,0,0,0,,,,0,0,0,,0,0,0,0,0,0,0,,,0,0,,0,0,0,0,0,0,0,0,0,0,0,,,0,0,0,,,0,,0,0,0,0,0,0,0,0,,,,,,,,0,0,,,,0,0,0,0,0,0,0,0,0,,,,0,0,,0,0,0,0,,,0,0,,,0,0,,0,0,0,0,0,0,0,0,,0,0,0,0,0,0,0,,,0,0,0,0,,0,,0,0,0,,,,0,0,0,0,,0,0,0,,,,,0,0,0,0,,0,,0,,0,0,0,0,0,,0,0,0,,,0,0,0,0,0,0,0,,0,0,,0,0,,0,0,0,,,,,0,0,0,0,,0,0,0,0,0,0,0,0,0,0,0,0,0,0,0,0,0,,,,,,,,0,0,0,,0,0,0,0,0,0.0,0,0,0,0,0,0,0.0,0.0,0,0,0,0,0,0,0,0,0,0,0,0,0,0,0,0,0,0,0,0,0,0,0,0,0,0,2,0
https://www.beko.com.tr/kucuk-ev-aletleri-yedek-parca-ve-aksesuarlari/firca-grb--kucuk-ev-aletleri-yedek-parca-ve-aksesuarlari,Fırça Grubu Pratik Beyaz Küçük Ev Aletleri Yedek Parça ve Aksesuarları,950.0,0,Kucuk Ev Aletleri Yedek Parca Ve Aksesuarlari,Küçük Ev Aletleri,Küçük Ev Aletleri Seti,,,,,0,0,0,,0,0,0,,,,,,,0,,,0,,0,0,0,0,0,0,0,0,0,,0,0,0,0,0,0,,,,0,0,0,,0,0,0,0,0,0,0,,,0,0,,0,0,0,0,0,0,0,0,0,0,0,,,0,0,0,,,0,,0,0,0,0,0,0,0,0,,,,,,,,0,0,,,,0,0,0,0,0,0,0,0,0,,,,0,0,,0,0,0,0,,,0,0,,,0,0,,0,0,0,0,0,0,0,0,,0,0,0,0,0,0,0,,,0,0,0,0,,0,,0,0,0,,,,0,0,0,0,,0,0,0,,,,,0,0,0,0,,0,,0,,0,0,0,0,0,,0,0,0,,,0,0,0,0,0,0,0,,0,0,,0,0,,0,0,0,,,,,0,0,0,0,,0,0,0,0,0,0,0,0,0,0,0,0,0,0,0,0,0,,,,,,,,0,0,0,,0,0,0,0,0,0.0,0,0,0,0,0,0,0.0,0.0,0,0,0,0,0,0,0,0,0,0,0,0,0,0,0,0,0,0,0,0,0,0,0,0,0,0,2,0
https://www.beko.com.tr/kucuk-ev-aletleri-yedek-parca-ve-aksesuarlari/on-motor-hepa-filtresi-kucuk-ev-aletleri-yedek-parca-ve-aksesuarlari,Hepa Filtre Ön Motor Küçük Ev Aletleri Yedek Parça ve Aksesuarları,300.0,1,Kucuk Ev Aletleri Yedek Parca Ve Aksesuarlari,Küçük Ev Aletleri,Küçük Ev Aletleri Seti,,,,,0,0,0,,0,0,0,,,,,,,0,,,0,,0,0,0,0,0,0,0,0,0,,0,0,0,0,0,0,,,,0,0,0,,0,0,0,0,0,0,0,,,0,0,,0,0,0,0,0,0,0,0,0,0,0,,,0,0,0,,,0,,0,0,0,0,0,0,0,0,,,,,,,,0,0,,,,0,0,0,0,0,0,0,0,0,,,,0,0,,0,0,0,0,,,0,0,,,0,0,,0,0,0,0,0,0,0,0,,0,0,0,0,0,0,0,,,0,0,0,0,,0,,0,0,0,,,,0,0,0,0,,0,0,0,,,,,0,0,0,0,,0,,0,,0,0,0,0,0,,0,0,0,,,0,0,0,0,0,0,0,,0,0,,0,0,,0,0,0,,,,,0,0,0,0,,0,0,0,0,0,0,0,0,0,0,0,0,0,0,0,0,0,,,,,,,,0,0,0,,0,0,0,0,0,0.0,0,0,0,0,0,0,0.0,0.0,0,0,0,0,0,0,0,0,0,0,0,0,0,0,0,0,0,0,0,0,0,0,0,0,0,0,2,0
https://www.beko.com.tr/kucuk-ev-aletleri-yedek-parca-ve-aksesuarlari/plastik-hali-fircasi-kucuk-ev-aletleri-yedek-parca-ve-aksesuarlari,Fırça Grubu Halı Küçük Ev Aletleri Yedek Parça ve Aksesuarları,900.0,0,Kucuk Ev Aletleri Yedek Parca Ve Aksesuarlari,Küçük Ev Aletleri,Küçük Ev Aletleri Seti,,,,,0,0,0,,0,0,0,,,,,,,0,,,0,,0,0,0,0,0,0,0,0,0,,0,0,0,0,0,0,,,,0,0,0,,0,0,0,0,0,0,0,,,0,0,,0,0,0,0,0,0,0,0,0,0,0,,,0,0,0,,,0,,0,0,0,0,0,0,0,0,,,,,,,,0,0,,,,0,0,0,0,0,0,0,0,0,,,,0,0,,0,0,0,0,,,0,0,,,0,0,,0,0,0,0,0,0,0,0,,0,0,0,0,0,0,0,,,0,0,0,0,,0,,0,0,0,,,,0,0,0,0,,0,0,0,,,,,0,0,0,0,,0,,0,,0,0,0,0,0,,0,0,0,,,0,0,0,0,0,0,0,,0,0,,0,0,,0,0,0,,,,,0,0,0,0,,0,0,0,0,0,0,0,0,0,0,0,0,0,0,0,0,0,,,,,,,,0,0,0,,0,0,0,0,0,0.0,0,0,0,0,0,0,0.0,0.0,0,0,0,0,0,0,0,0,0,0,0,0,0,0,0,0,0,0,0,0,0,0,0,0,0,0,2,0
https://www.beko.com.tr/kucuk-ev-aletleri-yedek-parca-ve-aksesuarlari/surahi-grb--kucuk-ev-aletleri-yedek-parca-ve-aksesuarlari,Cam Demlik Grubu Siyah Kapaklı FKM 2 Küçük Ev Aletleri Yedek Parça ve Aksesuarları,525.0,0,Kucuk Ev Aletleri Yedek Parca Ve Aksesuarlari,Küçük Ev Aletleri,Küçük Ev Aletleri Seti,,,,,0,0,0,,0,0,0,,,,,,,0,,,0,,0,0,0,0,0,0,0,0,0,,0,0,0,0,0,0,,,,0,0,0,,0,0,0,0,0,0,0,,,0,0,,0,0,0,0,0,0,0,0,0,0,0,,,0,0,0,,,0,,0,0,0,0,0,0,0,0,,,,,,,,0,0,,,,0,0,0,0,0,0,0,0,0,,,,0,0,,0,0,0,0,,,0,0,,,0,0,,0,0,0,0,0,0,0,0,,0,0,0,0,0,0,0,,,0,0,0,0,,0,,0,0,0,,,,0,0,0,0,,0,0,0,,,,,0,0,0,0,,0,,0,,0,0,0,0,0,,0,0,0,,,0,0,0,0,0,0,0,,0,0,,0,0,,0,0,0,,,,,0,0,0,0,,0,0,0,0,0,0,0,0,0,0,0,0,0,0,0,0,0,,,,,,,,0,0,0,,0,0,0,0,0,0.0,0,0,0,0,0,0,0.0,0.0,0,0,0,0,0,0,0,0,0,0,0,0,0,0,0,0,0,0,0,0,0,0,0,0,0,0,2,0
https://www.beko.com.tr/kucuk-ev-aletleri-yedek-parca-ve-aksesuarlari/az-buyuk-sup-ucu---kucuk-ev-aletleri-yedek-parca-ve-aksesuarlari,Fırça Grubu Siyah Küçük Ev Aletleri Yedek Parça ve Aksesuarları,1500.0,0,Kucuk Ev Aletleri Yedek Parca Ve Aksesuarlari,Küçük Ev Aletleri,Küçük Ev Aletleri Seti,,,,,0,0,0,,0,0,0,,,,,,,0,,,0,,0,0,0,0,0,0,0,0,0,,0,0,0,0,0,0,,,,0,0,0,,0,0,0,0,0,0,0,,,0,0,,0,0,0,0,0,0,0,0,0,0,0,,,0,0,0,,,0,,0,0,0,0,0,0,0,0,,,,,,,,0,0,,,,0,0,0,0,0,0,0,0,0,,,,0,0,,0,0,0,0,,,0,0,,,0,0,,0,0,0,0,0,0,0,0,,0,0,0,0,0,0,0,,,0,0,0,0,,0,,0,0,0,,,,0,0,0,0,,0,0,0,,,,,0,0,0,0,,0,,0,,0,0,0,0,0,,0,0,0,,,0,0,0,0,0,0,0,,0,0,,0,0,,0,0,0,,,,,0,0,0,0,,0,0,0,0,0,0,0,0,0,0,0,0,0,0,0,0,0,,,,,,,,0,0,0,,0,0,0,0,0,0.0,0,0,0,0,0,0,0.0,0.0,0,0,0,0,0,0,0,0,0,0,0,0,0,0,0,0,0,0,0,0,0,0,0,0,0,0,2,0
https://www.beko.com.tr/kucuk-ev-aletleri-yedek-parca-ve-aksesuarlari/batarya-grubu-kucuk-ev-aletleri-yedek-parca-ve-aksesuarlari,Batarya Grubu Küçük Ev Aletleri Yedek Parça ve Aksesuarları,3000.0,0,Kucuk Ev Aletleri Yedek Parca Ve Aksesuarlari,Küçük Ev Aletleri,Küçük Ev Aletleri Seti,,,,,0,0,0,,0,0,0,,,,,,,0,,,0,,0,0,0,0,0,0,0,0,0,,0,0,0,0,0,0,,,,0,0,0,,0,0,0,0,0,0,0,,,0,0,,0,0,0,0,0,0,0,0,0,0,0,,,0,0,0,,,0,,0,0,0,0,0,0,0,0,,,,,,,,0,0,,,,0,0,0,0,0,0,0,0,0,,,,0,0,,0,0,0,0,,,0,0,,,0,0,,0,0,0,0,0,0,0,0,,0,0,0,0,0,0,0,,,0,0,0,0,,0,,0,0,0,,,,0,0,0,0,,0,0,0,,,,,0,0,0,0,,0,,0,,0,0,0,0,0,,0,0,0,,,0,0,0,0,0,0,0,,0,0,,0,0,,0,0,0,,,,,0,0,0,0,,0,0,0,0,0,0,0,0,0,0,0,0,0,0,0,0,0,,,,,,,,0,0,0,,0,0,0,0,0,0.0,0,0,0,0,0,0,0.0,0.0,0,0,0,0,0,0,0,0,0,0,0,0,0,0,0,0,0,0,0,0,0,0,0,0,0,0,2,0
https://www.beko.com.tr/kucuk-ev-aletleri-yedek-parca-ve-aksesuarlari/dogr-govde-grubu-beyaz-kucuk-ev-aletleri-yedek-parca-ve-aksesuarlari,Doğrayıcı Gövde Grubu Beyaz Küçük Ev Aletleri Yedek Parça ve Aksesuarları,425.0,0,Kucuk Ev Aletleri Yedek Parca Ve Aksesuarlari,Küçük Ev Aletleri,Küçük Ev Aletleri Seti,,,,,0,0,0,,0,0,0,,,,,,,0,,,0,,0,0,0,0,0,0,0,0,0,,0,0,0,0,0,0,,,,0,0,0,,0,0,0,0,0,0,0,,,0,0,,0,0,0,0,0,0,0,0,0,0,0,,,0,0,0,,,0,,0,0,0,0,0,0,0,0,,,,,,,,0,0,,,,0,0,0,0,0,0,0,0,0,,,,0,0,,0,0,0,0,,,0,0,,,0,0,,0,0,0,0,0,0,0,0,,0,0,0,0,0,0,0,,,0,0,0,0,,0,,0,0,0,,,,0,0,0,0,,0,0,0,,,,,0,0,0,0,,0,,0,,0,0,0,0,0,,0,0,0,,,0,0,0,0,0,0,0,,0,0,,0,0,,0,0,0,,,,,0,0,0,0,,0,0,0,0,0,0,0,0,0,0,0,0,0,0,0,0,0,,,,,,,,0,0,0,,0,0,0,0,0,0.0,0,0,0,0,0,0,0.0,0.0,0,0,0,0,0,0,0,0,0,0,0,0,0,0,0,0,0,0,0,0,0,0,0,0,0,0,2,0
https://www.beko.com.tr/kucuk-ev-aletleri-yedek-parca-ve-aksesuarlari/emici-firca-kucuk-ev-aletleri-yedek-parca-ve-aksesuarlari,Fırça Grubu Zio Küçük Ev Aletleri Yedek Parça ve Aksesuarları,750.0,0,Kucuk Ev Aletleri Yedek Parca Ve Aksesuarlari,Küçük Ev Aletleri,Küçük Ev Aletleri Seti,,,,,0,0,0,,0,0,0,,,,,,,0,,,0,,0,0,0,0,0,0,0,0,0,,0,0,0,0,0,0,,,,0,0,0,,0,0,0,0,0,0,0,,,0,0,,0,0,0,0,0,0,0,0,0,0,0,,,0,0,0,,,0,,0,0,0,0,0,0,0,0,,,,,,,,0,0,,,,0,0,0,0,0,0,0,0,0,,,,0,0,,0,0,0,0,,,0,0,,,0,0,,0,0,0,0,0,0,0,0,,0,0,0,0,0,0,0,,,0,0,0,0,,0,,0,0,0,,,,0,0,0,0,,0,0,0,,,,,0,0,0,0,,0,,0,,0,0,0,0,0,,0,0,0,,,0,0,0,0,0,0,0,,0,0,,0,0,,0,0,0,,,,,0,0,0,0,,0,0,0,0,0,0,0,0,0,0,0,0,0,0,0,0,0,,,,,,,,0,0,0,,0,0,0,0,0,0.0,0,0,0,0,0,0,0.0,0.0,0,0,0,0,0,0,0,0,0,0,0,0,0,0,0,0,0,0,0,0,0,0,0,0,0,0,2,0
https://www.beko.com.tr/kucuk-ev-aletleri-yedek-parca-ve-aksesuarlari/hortum-grb--kucuk-ev-aletleri-yedek-parca-ve-aksesuarlari,Hortum Grubu Toz Torbalı Küçük Ev Aletleri Yedek Parça ve Aksesuarları,750.0,0,Kucuk Ev Aletleri Yedek Parca Ve Aksesuarlari,Küçük Ev Aletleri,Küçük Ev Aletleri Seti,,,,,0,0,0,,0,0,0,,,,,,,0,,,0,,0,0,0,0,0,0,0,0,0,,0,0,0,0,0,0,,,,0,0,0,,0,0,0,0,0,0,0,,,0,0,,0,0,0,0,0,0,0,0,0,0,0,,,0,0,0,,,0,,0,0,0,0,0,0,0,0,,,,,,,,0,0,,,,0,0,0,0,0,0,0,0,0,,,,0,0,,0,0,0,0,,,0,0,,,0,0,,0,0,0,0,0,0,0,0,,0,0,0,0,0,0,0,,,0,0,0,0,,0,,0,0,0,,,,0,0,0,0,,0,0,0,,,,,0,0,0,0,,0,,0,,0,0,0,0,0,,0,0,0,,,0,0,0,0,0,0,0,,0,0,,0,0,,0,0,0,,,,,0,0,0,0,,0,0,0,0,0,0,0,0,0,0,0,0,0,0,0,0,0,,,,,,,,0,0,0,,0,0,0,0,0,0.0,0,0,0,0,0,0,0.0,0.0,0,0,0,0,0,0,0,0,0,0,0,0,0,0,0,0,0,0,0,0,0,0,0,0,0,0,2,0
https://www.beko.com.tr/kucuk-ev-aletleri-yedek-parca-ve-aksesuarlari/uc-kucuk-ev-aletleri-yedek-parca-ve-aksesuarlari,Hortum Ucu Dar Küçük Ev Aletleri Yedek Parça ve Aksesuarları,210.0,0,Kucuk Ev Aletleri Yedek Parca Ve Aksesuarlari,Küçük Ev Aletleri,Küçük Ev Aletleri Seti,,,,,0,0,0,,0,0,0,,,,,,,0,,,0,,0,0,0,0,0,0,0,0,0,,0,0,0,0,0,0,,,,0,0,0,,0,0,0,0,0,0,0,,,0,0,,0,0,0,0,0,0,0,0,0,0,0,,,0,0,0,,,0,,0,0,0,0,0,0,0,0,,,,,,,,0,0,,,,0,0,0,0,0,0,0,0,0,,,,0,0,,0,0,0,0,,,0,0,,,0,0,,0,0,0,0,0,0,0,0,,0,0,0,0,0,0,0,,,0,0,0,0,,0,,0,0,0,,,,0,0,0,0,,0,0,0,,,,,0,0,0,0,,0,,0,,0,0,0,0,0,,0,0,0,,,0,0,0,0,0,0,0,,0,0,,0,0,,0,0,0,,,,,0,0,0,0,,0,0,0,0,0,0,0,0,0,0,0,0,0,0,0,0,0,,,,,,,,0,0,0,,0,0,0,0,0,0.0,0,0,0,0,0,0,0.0,0.0,0,0,0,0,0,0,0,0,0,0,0,0,0,0,0,0,0,0,0,0,0,0,0,0,0,0,2,0
https://www.beko.com.tr/kucuk-ev-aletleri-yedek-parca-ve-aksesuarlari/yv-ac-toz-haz-fume-ser-grb-kucuk-ev-aletleri-yedek-parca-ve-aksesuarlari,Toz Haznesi Füme Küçük Ev Aletleri Yedek Parça ve Aksesuarları,850.0,0,Kucuk Ev Aletleri Yedek Parca Ve Aksesuarlari,Küçük Ev Aletleri,Küçük Ev Aletleri Seti,,,,,0,0,0,,0,0,0,,,,,,,0,,,0,,0,0,0,0,0,0,0,0,0,,0,0,0,0,0,0,,,,0,0,0,,0,0,0,0,0,0,0,,,0,0,,0,0,0,0,0,0,0,0,0,0,0,,,0,0,0,,,0,,0,0,0,0,0,0,0,0,,,,,,,,0,0,,,,0,0,0,0,0,0,0,0,0,,,,0,0,,0,0,0,0,,,0,0,,,0,0,,0,0,0,0,0,0,0,0,,0,0,0,0,0,0,0,,,0,0,0,0,,0,,0,0,0,,,,0,0,0,0,,0,0,0,,,,,0,0,0,0,,0,,0,,0,0,0,0,0,,0,0,0,,,0,0,0,0,0,0,0,,0,0,,0,0,,0,0,0,,,,,0,0,0,0,,0,0,0,0,0,0,0,0,0,0,0,0,0,0,0,0,0,,,,,,,,0,0,0,,0,0,0,0,0,0.0,0,0,0,0,0,0,0.0,0.0,0,0,0,0,0,0,0,0,0,0,0,0,0,0,0,0,0,0,0,0,0,0,0,0,0,0,2,0
https://www.beko.com.tr/kucuk-ev-aletleri-yedek-parca-ve-aksesuarlari/az-hortum-uzaktan-kuman--grup-kucuk-ev-aletleri-yedek-parca-ve-aksesuarlari,Hortum Grubu UK Küçük Ev Aletleri Yedek Parça ve Aksesuarları,3750.0,0,Kucuk Ev Aletleri Yedek Parca Ve Aksesuarlari,Küçük Ev Aletleri,Küçük Ev Aletleri Seti,,,,,0,0,0,,0,0,0,,,,,,,0,,,0,,0,0,0,0,0,0,0,0,0,,0,0,0,0,0,0,,,,0,0,0,,0,0,0,0,0,0,0,,,0,0,,0,0,0,0,0,0,0,0,0,0,0,,,0,0,0,,,0,,0,0,0,0,0,0,0,0,,,,,,,,0,0,,,,0,0,0,0,0,0,0,0,0,,,,0,0,,0,0,0,0,,,0,0,,,0,0,,0,0,0,0,0,0,0,0,,0,0,0,0,0,0,0,,,0,0,0,0,,0,,0,0,0,,,,0,0,0,0,,0,0,0,,,,,0,0,0,0,,0,,0,,0,0,0,0,0,,0,0,0,,,0,0,0,0,0,0,0,,0,0,,0,0,,0,0,0,,,,,0,0,0,0,,0,0,0,0,0,0,0,0,0,0,0,0,0,0,0,0,0,,,,,,,,0,0,0,,0,0,0,0,0,0.0,0,0,0,0,0,0,0.0,0.0,0,0,0,0,0,0,0,0,0,0,0,0,0,0,0,0,0,0,0,0,0,0,0,0,0,0,2,0
https://www.beko.com.tr/kucuk-ev-aletleri-yedek-parca-ve-aksesuarlari/bkk2167-rhb-rende-atacman-govde-grubu-kucuk-ev-aletleri-yedek-parca-ve-aksesuarlari,Blender Rende Gövdesi Mor Küçük Ev Aletleri Yedek Parça ve Aksesuarları,525.0,1,Kucuk Ev Aletleri Yedek Parca Ve Aksesuarlari,Küçük Ev Aletleri,Küçük Ev Aletleri Seti,,,,,0,0,0,,0,0,0,,,,,,,0,,,0,,0,0,0,0,0,0,0,0,0,,0,0,0,0,0,0,,,,0,0,0,,0,0,0,0,0,0,0,,,0,0,,0,0,0,0,0,0,0,0,0,0,0,,,0,0,0,,,0,,0,0,0,0,0,0,0,0,,,,,,,,0,0,,,,0,0,0,0,0,0,0,0,0,,,,0,0,,0,0,0,0,,,0,0,,,0,0,,0,0,0,0,0,0,0,0,,0,0,0,0,0,0,0,,,0,0,0,0,,0,,0,0,0,,,,0,0,0,0,,0,0,0,,,,,0,0,0,0,,0,,0,,0,0,0,0,0,,0,0,0,,,0,0,0,0,0,0,0,,0,0,,0,0,,0,0,0,,,,,0,0,0,0,,0,0,0,0,0,0,0,0,0,0,0,0,0,0,0,0,0,,,,,,,,0,0,0,,0,0,0,0,0,0.0,0,0,0,0,0,0,0.0,0.0,0,0,0,0,0,0,0,0,0,0,0,0,0,0,0,0,0,0,0,0,0,0,0,0,0,0,2,0
https://www.beko.com.tr/kucuk-ev-aletleri-yedek-parca-ve-aksesuarlari/br-ar-blen-stick-par-grb-cg-kucuk-ev-aletleri-yedek-parca-ve-aksesuarlari,Blender Ayağı Komple Beyaz CG Küçük Ev Aletleri Yedek Parça ve Aksesuarları,800.0,2,Kucuk Ev Aletleri Yedek Parca Ve Aksesuarlari,Küçük Ev Aletleri,Küçük Ev Aletleri Seti,,,,,0,0,0,,0,0,0,,,,,,,0,,,0,,0,0,0,0,0,0,0,0,0,,0,0,0,0,0,0,,,,0,0,0,,0,0,0,0,0,0,0,,,0,0,,0,0,0,0,0,0,0,0,0,0,0,,,0,0,0,,,0,,0,0,0,0,0,0,0,0,,,,,,,,0,0,,,,0,0,0,0,0,0,0,0,0,,,,0,0,,0,0,0,0,,,0,0,,,0,0,,0,0,0,0,0,0,0,0,,0,0,0,0,0,0,0,,,0,0,0,0,,0,,0,0,0,,,,0,0,0,0,,0,0,0,,,,,0,0,0,0,,0,,0,,0,0,0,0,0,,0,0,0,,,0,0,0,0,0,0,0,,0,0,,0,0,,0,0,0,,,,,0,0,0,0,,0,0,0,0,0,0,0,0,0,0,0,0,0,0,0,0,0,,,,,,,,0,0,0,,0,0,0,0,0,0.0,0,0,0,0,0,0,0.0,0.0,0,0,0,0,0,0,0,0,0,0,0,0,0,0,0,0,0,0,0,0,0,0,0,0,0,0,2,0
https://www.beko.com.tr/kucuk-ev-aletleri-yedek-parca-ve-aksesuarlari/br-ar-blen-stick-par-grb-ag-kucuk-ev-aletleri-yedek-parca-ve-aksesuarlari,Blender Ayağı Komple Siyah AG Küçük Ev Aletleri Yedek Parça ve Aksesuarları,650.0,0,Kucuk Ev Aletleri Yedek Parca Ve Aksesuarlari,Küçük Ev Aletleri,Küçük Ev Aletleri Seti,,,,,0,0,0,,0,0,0,,,,,,,0,,,0,,0,0,0,0,0,0,0,0,0,,0,0,0,0,0,0,,,,0,0,0,,0,0,0,0,0,0,0,,,0,0,,0,0,0,0,0,0,0,0,0,0,0,,,0,0,0,,,0,,0,0,0,0,0,0,0,0,,,,,,,,0,0,,,,0,0,0,0,0,0,0,0,0,,,,0,0,,0,0,0,0,,,0,0,,,0,0,,0,0,0,0,0,0,0,0,,0,0,0,0,0,0,0,,,0,0,0,0,,0,,0,0,0,,,,0,0,0,0,,0,0,0,,,,,0,0,0,0,,0,,0,,0,0,0,0,0,,0,0,0,,,0,0,0,0,0,0,0,,0,0,,0,0,,0,0,0,,,,,0,0,0,0,,0,0,0,0,0,0,0,0,0,0,0,0,0,0,0,0,0,,,,,,,,0,0,0,,0,0,0,0,0,0.0,0,0,0,0,0,0,0.0,0.0,0,0,0,0,0,0,0,0,0,0,0,0,0,0,0,0,0,0,0,0,0,0,0,0,0,0,2,0
https://www.beko.com.tr/kucuk-ev-aletleri-yedek-parca-ve-aksesuarlari/br-be-rende-disli-kutu-grb-b-g-kucuk-ev-aletleri-yedek-parca-ve-aksesuarlari,Blender Dişli Grubu Gri Küçük Ev Aletleri Yedek Parça ve Aksesuarları,525.0,0,Kucuk Ev Aletleri Yedek Parca Ve Aksesuarlari,Küçük Ev Aletleri,Küçük Ev Aletleri Seti,,,,,0,0,0,,0,0,0,,,,,,,0,,,0,,0,0,0,0,0,0,0,0,0,,0,0,0,0,0,0,,,,0,0,0,,0,0,0,0,0,0,0,,,0,0,,0,0,0,0,0,0,0,0,0,0,0,,,0,0,0,,,0,,0,0,0,0,0,0,0,0,,,,,,,,0,0,,,,0,0,0,0,0,0,0,0,0,,,,0,0,,0,0,0,0,,,0,0,,,0,0,,0,0,0,0,0,0,0,0,,0,0,0,0,0,0,0,,,0,0,0,0,,0,,0,0,0,,,,0,0,0,0,,0,0,0,,,,,0,0,0,0,,0,,0,,0,0,0,0,0,,0,0,0,,,0,0,0,0,0,0,0,,0,0,,0,0,,0,0,0,,,,,0,0,0,0,,0,0,0,0,0,0,0,0,0,0,0,0,0,0,0,0,0,,,,,,,,0,0,0,,0,0,0,0,0,0.0,0,0,0,0,0,0,0.0,0.0,0,0,0,0,0,0,0,0,0,0,0,0,0,0,0,0,0,0,0,0,0,0,0,0,0,0,2,0
https://www.beko.com.tr/kucuk-ev-aletleri-yedek-parca-ve-aksesuarlari/eternity-demlik-uzun-celik-filtresi-kucuk-ev-aletleri-yedek-parca-ve-aksesuarlari,ETERNITY DEMLİK UZUN ÇELİK FİLTRESİ Küçük Ev Aletleri Yedek Parça ve Aksesuarları,350.0,4,Kucuk Ev Aletleri Yedek Parca Ve Aksesuarlari,Küçük Ev Aletleri,Küçük Ev Aletleri Seti,,,,,0,0,0,,0,0,0,,,,,,,0,,,0,,0,0,0,0,0,0,0,0,0,,0,0,0,0,0,0,,,,0,0,0,,0,0,0,0,0,0,0,,,0,0,,0,0,0,0,0,0,0,0,0,0,0,,,0,0,0,,,0,,0,0,0,0,0,0,0,0,,,,,,,,0,0,,,,0,0,0,0,0,0,0,0,0,,,,0,0,,0,0,0,0,,,0,0,,,0,0,,0,0,0,0,0,0,0,0,,0,0,0,0,0,0,0,,,0,0,0,0,,0,,0,0,0,,,,0,0,0,0,,0,0,0,,,,,0,0,0,0,,0,,0,,0,0,0,0,0,,0,0,0,,,0,0,0,0,0,0,0,,0,0,,0,0,,0,0,0,,,,,0,0,0,0,,0,0,0,0,0,0,0,0,0,0,0,0,0,0,0,0,0,,,,,,,,0,0,0,,0,0,0,0,0,0.0,0,0,0,0,0,0,0.0,0.0,0,0,0,0,0,0,0,0,0,0,0,0,0,0,0,0,0,0,0,0,0,0,0,0,0,0,2,0
https://www.beko.com.tr/kucuk-ev-aletleri-yedek-parca-ve-aksesuarlari/hepa-filtre-kucuk-ev-aletleri-yedek-parca-ve-aksesuarlari,Hepa Filtre Yuvarlak Küçük Ev Aletleri Yedek Parça ve Aksesuarları,450.0,0,Kucuk Ev Aletleri Yedek Parca Ve Aksesuarlari,Küçük Ev Aletleri,Küçük Ev Aletleri Seti,,,,,0,0,0,,0,0,0,,,,,,,0,,,0,,0,0,0,0,0,0,0,0,0,,0,0,0,0,0,0,,,,0,0,0,,0,0,0,0,0,0,0,,,0,0,,0,0,0,0,0,0,0,0,0,0,0,,,0,0,0,,,0,,0,0,0,0,0,0,0,0,,,,,,,,0,0,,,,0,0,0,0,0,0,0,0,0,,,,0,0,,0,0,0,0,,,0,0,,,0,0,,0,0,0,0,0,0,0,0,,0,0,0,0,0,0,0,,,0,0,0,0,,0,,0,0,0,,,,0,0,0,0,,0,0,0,,,,,0,0,0,0,,0,,0,,0,0,0,0,0,,0,0,0,,,0,0,0,0,0,0,0,,0,0,,0,0,,0,0,0,,,,,0,0,0,0,,0,0,0,0,0,0,0,0,0,0,0,0,0,0,0,0,0,,,,,,,,0,0,0,,0,0,0,0,0,0.0,0,0,0,0,0,0,0.0,0.0,0,0,0,0,0,0,0,0,0,0,0,0,0,0,0,0,0,0,0,0,0,0,0,0,0,0,2,0
https://www.beko.com.tr/kucuk-ev-aletleri-yedek-parca-ve-aksesuarlari/cop-kovasi-vrt-94929-vv-kucuk-ev-aletleri-yedek-parca-ve-aksesuarlari,Toz Haznesi Şeffaf Küçük Ev Aletleri Yedek Parça ve Aksesuarları,650.0,0,Kucuk Ev Aletleri Yedek Parca Ve Aksesuarlari,Küçük Ev Aletleri,Küçük Ev Aletleri Seti,,,,,0,0,0,,0,0,0,,,,,,,0,,,0,,0,0,0,0,0,0,0,0,0,,0,0,0,0,0,0,,,,0,0,0,,0,0,0,0,0,0,0,,,0,0,,0,0,0,0,0,0,0,0,0,0,0,,,0,0,0,,,0,,0,0,0,0,0,0,0,0,,,,,,,,0,0,,,,0,0,0,0,0,0,0,0,0,,,,0,0,,0,0,0,0,,,0,0,,,0,0,,0,0,0,0,0,0,0,0,,0,0,0,0,0,0,0,,,0,0,0,0,,0,,0,0,0,,,,0,0,0,0,,0,0,0,,,,,0,0,0,0,,0,,0,,0,0,0,0,0,,0,0,0,,,0,0,0,0,0,0,0,,0,0,,0,0,,0,0,0,,,,,0,0,0,0,,0,0,0,0,0,0,0,0,0,0,0,0,0,0,0,0,0,,,,,,,,0,0,0,,0,0,0,0,0,0.0,0,0,0,0,0,0,0.0,0.0,0,0,0,0,0,0,0,0,0,0,0,0,0,0,0,0,0,0,0,0,0,0,0,0,0,0,2,0
https://www.beko.com.tr/kucuk-ev-aletleri-yedek-parca-ve-aksesuarlari/kahve-haznesisiyah-tutamak-ile-kucuk-ev-aletleri-yedek-parca-ve-aksesuarlari,Cam Demlik Grubu Siyah Kapaklı FKM 1 Küçük Ev Aletleri Yedek Parça ve Aksesuarları,525.0,2,Kucuk Ev Aletleri Yedek Parca Ve Aksesuarlari,Küçük Ev Aletleri,Küçük Ev Aletleri Seti,,,,,0,0,0,,0,0,0,,,,,,,0,,,0,,0,0,0,0,0,0,0,0,0,,0,0,0,0,0,0,,,,0,0,0,,0,0,0,0,0,0,0,,,0,0,,0,0,0,0,0,0,0,0,0,0,0,,,0,0,0,,,0,,0,0,0,0,0,0,0,0,,,,,,,,0,0,,,,0,0,0,0,0,0,0,0,0,,,,0,0,,0,0,0,0,,,0,0,,,0,0,,0,0,0,0,0,0,0,0,,0,0,0,0,0,0,0,,,0,0,0,0,,0,,0,0,0,,,,0,0,0,0,,0,0,0,,,,,0,0,0,0,,0,,0,,0,0,0,0,0,,0,0,0,,,0,0,0,0,0,0,0,,0,0,,0,0,,0,0,0,,,,,0,0,0,0,,0,0,0,0,0,0,0,0,0,0,0,0,0,0,0,0,0,,,,,,,,0,0,0,,0,0,0,0,0,0.0,0,0,0,0,0,0,0.0,0.0,0,0,0,0,0,0,0,0,0,0,0,0,0,0,0,0,0,0,0,0,0,0,0,0,0,0,2,0
https://www.beko.com.tr/kucuk-ev-aletleri-yedek-parca-ve-aksesuarlari/k1261-rhb-rende-atacman-govde-grubu-kucuk-ev-aletleri-yedek-parca-ve-aksesuarlari,Blender Rende Gövdesi Mavi Küçük Ev Aletleri Yedek Parça ve Aksesuarları,525.0,0,Kucuk Ev Aletleri Yedek Parca Ve Aksesuarlari,Küçük Ev Aletleri,Küçük Ev Aletleri Seti,,,,,0,0,0,,0,0,0,,,,,,,0,,,0,,0,0,0,0,0,0,0,0,0,,0,0,0,0,0,0,,,,0,0,0,,0,0,0,0,0,0,0,,,0,0,,0,0,0,0,0,0,0,0,0,0,0,,,0,0,0,,,0,,0,0,0,0,0,0,0,0,,,,,,,,0,0,,,,0,0,0,0,0,0,0,0,0,,,,0,0,,0,0,0,0,,,0,0,,,0,0,,0,0,0,0,0,0,0,0,,0,0,0,0,0,0,0,,,0,0,0,0,,0,,0,0,0,,,,0,0,0,0,,0,0,0,,,,,0,0,0,0,,0,,0,,0,0,0,0,0,,0,0,0,,,0,0,0,0,0,0,0,,0,0,,0,0,,0,0,0,,,,,0,0,0,0,,0,0,0,0,0,0,0,0,0,0,0,0,0,0,0,0,0,,,,,,,,0,0,0,,0,0,0,0,0,0.0,0,0,0,0,0,0,0.0,0.0,0,0,0,0,0,0,0,0,0,0,0,0,0,0,0,0,0,0,0,0,0,0,0,0,0,0,2,0
https://www.beko.com.tr/kucuk-ev-aletleri-yedek-parca-ve-aksesuarlari/tc41-35-lik-hortum-komple-boy-1-7msi-kucuk-ev-aletleri-yedek-parca-ve-aksesuarlari,Hortum Komple Boy 1.7 Küçük Ev Aletleri Yedek Parça ve Aksesuarları,600.0,1,Kucuk Ev Aletleri Yedek Parca Ve Aksesuarlari,Küçük Ev Aletleri,Küçük Ev Aletleri Seti,,,,,0,0,0,,0,0,0,,,,,,,0,,,0,,0,0,0,0,0,0,0,0,0,,0,0,0,0,0,0,,,,0,0,0,,0,0,0,0,0,0,0,,,0,0,,0,0,0,0,0,0,0,0,0,0,0,,,0,0,0,,,0,,0,0,0,0,0,0,0,0,,,,,,,,0,0,,,,0,0,0,0,0,0,0,0,0,,,,0,0,,0,0,0,0,,,0,0,,,0,0,,0,0,0,0,0,0,0,0,,0,0,0,0,0,0,0,,,0,0,0,0,,0,,0,0,0,,,,0,0,0,0,,0,0,0,,,,,0,0,0,0,,0,,0,,0,0,0,0,0,,0,0,0,,,0,0,0,0,0,0,0,,0,0,,0,0,,0,0,0,,,,,0,0,0,0,,0,0,0,0,0,0,0,0,0,0,0,0,0,0,0,0,0,,,,,,,,0,0,0,,0,0,0,0,0,0.0,0,0,0,0,0,0,0.0,0.0,0,0,0,0,0,0,0,0,0,0,0,0,0,0,0,0,0,0,0,0,0,0,0,0,0,0,2,0
https://www.beko.com.tr/kucuk-ev-aletleri-yedek-parca-ve-aksesuarlari/dograyici-kabi-komple-kucuk-ev-aletleri-yedek-parca-ve-aksesuarlari,Hazne Grubu Sapsız Küçük Ev Aletleri Yedek Parça ve Aksesuarları,400.0,0,Kucuk Ev Aletleri Yedek Parca Ve Aksesuarlari,Küçük Ev Aletleri,Küçük Ev Aletleri Seti,,,,,0,0,0,,0,0,0,,,,,,,0,,,0,,0,0,0,0,0,0,0,0,0,,0,0,0,0,0,0,,,,0,0,0,,0,0,0,0,0,0,0,,,0,0,,0,0,0,0,0,0,0,0,0,0,0,,,0,0,0,,,0,,0,0,0,0,0,0,0,0,,,,,,,,0,0,,,,0,0,0,0,0,0,0,0,0,,,,0,0,,0,0,0,0,,,0,0,,,0,0,,0,0,0,0,0,0,0,0,,0,0,0,0,0,0,0,,,0,0,0,0,,0,,0,0,0,,,,0,0,0,0,,0,0,0,,,,,0,0,0,0,,0,,0,,0,0,0,0,0,,0,0,0,,,0,0,0,0,0,0,0,,0,0,,0,0,,0,0,0,,,,,0,0,0,0,,0,0,0,0,0,0,0,0,0,0,0,0,0,0,0,0,0,,,,,,,,0,0,0,,0,0,0,0,0,0.0,0,0,0,0,0,0,0.0,0.0,0,0,0,0,0,0,0,0,0,0,0,0,0,0,0,0,0,0,0,0,0,0,0,0,0,0,2,0
https://www.beko.com.tr/kucuk-ev-aletleri-yedek-parca-ve-aksesuarlari/blender-kucuk-ev-aletleri-yedek-parca-ve-aksesuarlari,Blender Ayağı Metal Küçük Ev Aletleri Yedek Parça ve Aksesuarları,900.0,0,Kucuk Ev Aletleri Yedek Parca Ve Aksesuarlari,Küçük Ev Aletleri,Küçük Ev Aletleri Seti,,,,,0,0,0,,0,0,0,,,,,,,0,,,0,,0,0,0,0,0,0,0,0,0,,0,0,0,0,0,0,,,,0,0,0,,0,0,0,0,0,0,0,,,0,0,,0,0,0,0,0,0,0,0,0,0,0,,,0,0,0,,,0,,0,0,0,0,0,0,0,0,,,,,,,,0,0,,,,0,0,0,0,0,0,0,0,0,,,,0,0,,0,0,0,0,,,0,0,,,0,0,,0,0,0,0,0,0,0,0,,0,0,0,0,0,0,0,,,0,0,0,0,,0,,0,0,0,,,,0,0,0,0,,0,0,0,,,,,0,0,0,0,,0,,0,,0,0,0,0,0,,0,0,0,,,0,0,0,0,0,0,0,,0,0,,0,0,,0,0,0,,,,,0,0,0,0,,0,0,0,0,0,0,0,0,0,0,0,0,0,0,0,0,0,,,,,,,,0,0,0,,0,0,0,0,0,0.0,0,0,0,0,0,0,0.0,0.0,0,0,0,0,0,0,0,0,0,0,0,0,0,0,0,0,0,0,0,0,0,0,0,0,0,0,2,0
https://www.beko.com.tr/kucuk-ev-aletleri-yedek-parca-ve-aksesuarlari/dograma-bicagi-kucuk-ev-aletleri-yedek-parca-ve-aksesuarlari,Bıçak Grubu Siyah Küçük Ev Aletleri Yedek Parça ve Aksesuarları,425.0,1,Kucuk Ev Aletleri Yedek Parca Ve Aksesuarlari,Küçük Ev Aletleri,Küçük Ev Aletleri Seti,,,,,0,0,0,,0,0,0,,,,,,,0,,,0,,0,0,0,0,0,0,0,0,0,,0,0,0,0,0,0,,,,0,0,0,,0,0,0,0,0,0,0,,,0,0,,0,0,0,0,0,0,0,0,0,0,0,,,0,0,0,,,0,,0,0,0,0,0,0,0,0,,,,,,,,0,0,,,,0,0,0,0,0,0,0,0,0,,,,0,0,,0,0,0,0,,,0,0,,,0,0,,0,0,0,0,0,0,0,0,,0,0,0,0,0,0,0,,,0,0,0,0,,0,,0,0,0,,,,0,0,0,0,,0,0,0,,,,,0,0,0,0,,0,,0,,0,0,0,0,0,,0,0,0,,,0,0,0,0,0,0,0,,0,0,,0,0,,0,0,0,,,,,0,0,0,0,,0,0,0,0,0,0,0,0,0,0,0,0,0,0,0,0,0,,,,,,,,0,0,0,,0,0,0,0,0,0.0,0,0,0,0,0,0,0.0,0.0,0,0,0,0,0,0,0,0,0,0,0,0,0,0,0,0,0,0,0,0,0,0,0,0,0,0,2,0
https://www.beko.com.tr/cam-temizleme-makineleri-ve-robotlari/csr-55-b-ev-temizlik-ekipmanlari-ve-teknolojileri,CSR 55 B Cam Temizleme Makineleri ve Robotları,13499.0,5,Cam Temizleme Makineleri Ve Robotlari,Küçük Ev Aletleri,Ev Temizlik Ekipmanları Teknolojisi,,,,,0,0,0,65.0,0,0,0,,,,,,,0,,,0,,0,0,0,0,0,0,0,0,0,,0,0,0,0,0,0,,,,0,0,0,,0,0,0,0,0,0,0,,,0,0,,0,0,0,0,0,0,0,0,0,0,0,,,0,0,0,,,0,,0,0,0,0,0,0,0,0,,,,,,,,0,0,,,,0,0,0,0,0,0,0,0,0,,,,0,0,,0,0,0,0,,,0,0,,,0,0,,0,0,0,0,0,0,0,0,,0,0,0,0,0,0,0,,,0,0,0,0,,0,,0,0,0,14.4,1.5,,0,0,0,0,,0,0,0,,,,,0,0,0,0,,0,,0,,0,0,0,0,0,,0,0,0,,,0,0,0,0,0,0,0,,0,0,,0,0,,0,0,0,,,,,0,0,0,0,,0,0,0,0,0,0,0,0,0,0,0,0,0,0,0,0,0,,,,,,,,0,0,0,,0,0,0,0,0,0.0,0,0,0,0,0,0,0.0,0.0,0,0,0,0,0,0,0,0,0,0,0,0,0,0,0,0,0,0,0,0,0,0,0,0,0,0,2,0
https://www.beko.com.tr/hali-ve-koltuk-yikama-makineleri/bvt-75-b-ev-temizlik-ekipmanlari-ve-teknolojileri,BVT 75 B Halı ve Koltuk Yıkama Makineleri,14999.0,1,Hali Ve Koltuk Yikama Makineleri,Küçük Ev Aletleri,Ev Temizlik Ekipmanları Teknolojisi,,,,,0,0,0,88.0,0,0,0,,,,,,,0,,,0,,0,0,0,0,0,0,0,0,0,,0,0,0,0,0,0,,,,0,0,0,,0,0,0,0,0,0,0,,,0,0,,0,0,0,0,0,0,0,0,0,0,0,,,0,0,0,,,0,,0,0,0,0,0,0,0,0,,,,,,,,0,0,,,,0,0,0,0,0,0,0,0,0,,,,0,0,,0,0,0,0,,,0,0,,,0,0,,0,0,0,0,0,0,0,0,,0,0,0,0,0,0,0,,,0,0,0,0,,0,,0,0,0,,5.0,,0,0,0,0,,0,0,0,,,,,0,0,0,0,,0,,0,,0,0,0,0,0,,0,0,0,,,0,0,0,0,0,0,0,,0,0,,0,0,,0,0,0,,,,,0,0,0,0,,0,0,0,0,0,0,0,0,0,0,0,0,0,0,0,0,0,,,,,,,,0,0,0,,0,0,0,0,0,0.0,0,0,0,0,0,0,0.0,0.0,0,0,0,0,0,0,0,0,0,0,0,0,0,0,0,0,0,0,0,0,0,0,0,0,0,0,2,0
https://www.beko.com.tr/hali-ve-koltuk-yikama-makineleri/bvt-65-b-ev-temizlik-ekipmanlari-ve-teknolojileri,BVT 65 B Halı ve Koltuk Yıkama Makineleri,6999.0,17,Hali Ve Koltuk Yikama Makineleri,Küçük Ev Aletleri,Ev Temizlik Ekipmanları Teknolojisi,,,,,0,0,0,88.0,0,0,0,,,,,,,0,,,0,,0,0,0,0,0,0,0,0,0,,0,0,0,0,0,0,,,,0,0,0,,0,0,0,0,0,0,0,,,0,0,,0,0,0,0,0,0,0,0,0,0,0,,,0,0,0,,,0,,0,0,0,0,0,0,0,0,,,,,,,,0,0,,,,0,0,0,0,0,0,0,0,0,,,,0,0,,0,0,0,0,,,0,0,,,0,0,,0,0,0,0,0,0,0,0,,0,0,0,0,0,0,0,,,0,0,0,0,,0,,0,0,0,,5.0,,0,0,0,0,,0,0,0,,,,,0,0,0,0,,0,,0,,0,0,0,0,0,,0,0,0,,,0,0,0,0,0,0,0,,0,0,,0,0,,0,0,0,,,,,0,0,0,0,,0,0,0,0,0,0,0,0,0,0,0,0,0,0,0,0,0,,,,,,,,0,0,0,,0,0,0,0,0,0.0,0,0,0,0,0,0,0.0,0.0,0,0,0,0,0,0,0,0,0,0,0,0,0,0,0,0,0,0,0,0,0,0,0,0,0,0,2,0
https://www.beko.com.tr/buharli-temizleyiciler/karcher-sc-2-deluxe-eu-ev-temizlik-ekipmanlari-ve-teknolojileri,KARCHER SC 2 Deluxe *EU Buharlı Temizleyiciler,10699.0,2,Buharli Temizleyiciler,Küçük Ev Aletleri,Ev Temizlik Ekipmanları Teknolojisi,30.0,23.0,29.0,,0,0,0,,0,0,0,,,,,,,0,,,0,,0,0,0,0,0,0,0,0,0,,0,0,0,0,0,0,,,,0,0,0,,0,0,0,0,0,0,0,,,0,0,,0,0,0,0,0,0,0,0,0,0,0,,,0,0,0,,,0,,0,0,0,0,0,0,0,0,,,,,,,,0,0,,,,0,0,0,0,0,0,0,0,0,,,,0,0,,0,0,0,0,,,0,0,,,0,0,,0,0,0,0,0,0,0,0,,0,0,0,0,0,0,0,,,0,0,0,0,,0,,0,0,0,,,,0,0,0,0,,0,0,0,,,,,0,0,0,0,,0,,0,,0,0,0,0,0,,0,0,0,,,0,0,0,0,0,0,0,,0,0,,0,0,,0,0,0,,,,,0,0,0,0,,0,0,0,0,0,0,0,0,0,0,0,0,0,0,0,0,0,,,,,,,,0,0,0,,0,0,0,0,0,0.0,0,0,0,0,0,0,0.0,0.0,0,0,0,0,0,0,0,0,0,0,0,0,0,0,0,0,0,0,0,0,0,0,0,0,0,0,2,0
https://www.beko.com.tr/cam-temizleme-makineleri-ve-robotlari/karcher-wv-5-plus-n--eu-ev-temizlik-ekipmanlari-ve-teknolojileri,Karcher WV5 Plus Şarjlı Cam Silme Makinesi Cam Temizleme Makineleri ve Robotları,5399.0,2,Cam Temizleme Makineleri Ve Robotlari,Küçük Ev Aletleri,Ev Temizlik Ekipmanları Teknolojisi,12.0,19.0,31.0,,0,0,0,,0,0,0,,,,,,,0,,,0,,0,0,0,0,0,0,0,0,0,,0,0,0,0,0,0,,,,0,0,0,,0,0,0,0,0,0,0,,,0,0,,0,0,0,0,0,0,0,0,0,0,0,,,0,0,0,,,0,,0,0,0,0,0,0,0,0,,,,,,,,0,0,,,,0,0,0,0,0,0,0,0,0,,,,0,0,,0,0,0,0,,,0,0,,,0,0,,0,0,0,0,0,0,0,0,,0,0,0,0,0,0,0,,,0,0,0,0,,0,,0,0,0,,,,0,0,0,0,,0,0,0,,,,,0,0,0,0,,0,,0,,0,0,0,0,0,,0,0,0,,,0,0,0,0,0,0,0,,0,0,,0,0,,0,0,0,,,,,0,0,0,0,,0,0,0,0,0,0,0,0,0,0,0,0,0,0,0,0,0,,,,,,,,0,0,0,,0,0,0,0,0,0.0,0,0,0,0,0,0,0.0,0.0,0,0,0,0,0,0,0,0,0,0,0,0,0,0,0,0,0,0,0,0,0,0,0,0,0,0,2,0
https://www.beko.com.tr/buharli-temizleyiciler/karcher-sc-3-deluxe-textile-edition-ev-temizlik-ekipmanlari-ve-teknolojileri,KARCHER SC 3 Deluxe Textile Edition Buharlı Temizleyiciler,16299.0,2,Buharli Temizleyiciler,Küçük Ev Aletleri,Ev Temizlik Ekipmanları Teknolojisi,36.0,25.0,28.0,,0,0,0,,0,0,0,,,,,,,0,,,0,,0,0,0,0,0,0,0,0,0,,0,0,0,0,0,0,,,,0,0,0,,0,0,0,0,0,0,0,,,0,0,,0,0,0,0,0,0,0,0,0,0,0,,,0,0,0,,,0,,0,0,0,0,0,0,0,0,,,,,,,,0,0,,,,0,0,0,0,0,0,0,0,0,,,,0,0,,0,0,0,0,,,0,0,,,0,0,,0,0,0,0,0,0,0,0,,0,0,0,0,0,0,0,,,0,0,0,0,,0,,0,0,0,,,,0,0,0,0,,0,0,0,,,,,0,0,0,0,,0,,0,,0,0,0,0,0,,0,0,0,,,0,0,0,0,0,0,0,,0,0,,0,0,,0,0,0,,,,,0,0,0,0,,0,0,0,0,0,0,0,0,0,0,0,0,0,0,0,0,0,,,,,,,,0,0,0,,0,0,0,0,0,0.0,0,0,0,0,0,0,0.0,0.0,0,0,0,0,0,0,0,0,0,0,0,0,0,0,0,0,0,0,0,0,0,0,0,0,0,0,2,0
https://www.beko.com.tr/hali-ve-koltuk-yikama-makineleri/bissell-proheat-2x-revolution-cleanshot-ev-temizlik-ekipmanlari-ve-teknolojileri,Bissell ProHeat 2X Revolution CleanShot Halı ve Koltuk Yıkama Makineleri,26999.0,3,Hali Ve Koltuk Yikama Makineleri,Küçük Ev Aletleri,Ev Temizlik Ekipmanları Teknolojisi,,,,,0,0,0,82.0,0,0,0,,,,,,,0,,,0,,0,0,0,0,0,0,0,0,0,,0,0,0,0,0,0,,,,0,0,0,,0,0,0,0,0,0,0,,,0,0,,0,0,0,0,0,0,0,0,0,0,0,,,0,0,0,,,0,,0,0,0,0,0,0,0,0,,,,,,,,0,0,,,,0,0,0,0,0,0,0,0,0,,,,0,0,,0,0,0,0,,,0,0,,,0,0,,0,0,0,0,0,0,0,0,,0,0,0,0,0,0,0,,,0,0,0,0,,0,,0,0,0,,7.0,,0,0,0,0,,0,0,0,,,,,0,0,0,0,,0,,0,,0,0,0,0,0,,0,0,0,,,0,0,0,0,0,0,0,,0,0,,0,0,,0,0,0,,,,,0,0,0,0,,0,0,0,0,0,0,0,0,0,0,0,0,0,0,0,0,0,,,,,,,,0,0,0,,0,0,0,0,0,0.0,0,0,0,0,0,0,0.0,0.0,0,0,0,0,0,0,0,0,0,0,0,0,0,0,0,0,0,0,0,0,0,0,0,0,0,0,2,0
https://www.beko.com.tr/agiz-bakim/foreo-issa-4-arctic-blue-guzellik-ve-bakim,Foreo ISSA 4 Arctic Blue Ağız Bakım,5199.0,0,Agiz Bakim,Küçük Ev Aletleri,Kişisel Bakım,3.0,10.0,12.0,,0,0,0,,0,0,0,,,,,,,0,,,0,,0,0,0,0,0,0,0,0,0,,0,0,0,0,0,0,,,,0,0,0,,0,0,0,0,0,0,0,,,0,0,,0,0,0,0,0,0,0,0,0,0,0,,,0,0,0,,,0,,0,0,0,0,0,0,0,0,,,,,,,,0,0,,,,0,0,0,0,0,0,0,0,0,,,,0,0,,0,0,0,0,,,0,0,,,0,0,,0,0,0,0,0,0,0,0,,0,0,0,0,0,0,0,,,0,0,0,0,,0,,0,0,0,,,,0,0,0,0,,0,0,0,,,,,0,0,0,0,,0,,0,,0,0,0,0,0,,0,0,0,,,0,0,0,0,0,0,0,,0,0,,0,0,,0,0,0,,,,,0,0,0,0,,0,0,0,0,0,0,0,0,0,0,0,0,0,0,0,0,0,,,,,,,,0,0,0,,0,0,0,0,0,0.0,0,0,0,0,0,0,0.0,0.0,0,0,0,0,0,0,0,0,0,0,0,0,0,0,0,0,0,0,0,0,0,0,0,0,0,0,2,0
https://www.beko.com.tr/cilt-bakim/foreo-bear-2-go-pistachio-guzellik-ve-bakim,Foreo Bear 2 Go Pistachio Cilt Bakım,14599.0,0,Cilt Bakim,Küçük Ev Aletleri,Güzellik ve Bakım,3.0,9.0,8.0,,0,0,0,,0,0,0,,,,,,,0,,,0,,0,0,0,0,0,0,0,0,0,,0,0,0,0,0,0,,,,0,0,0,,0,0,0,0,0,0,0,,,0,0,,0,0,0,0,0,0,0,0,0,0,0,,,0,0,0,,,0,,0,0,0,0,0,0,0,0,,,,,,,,0,0,,,,0,0,0,0,0,0,0,0,0,,,,0,0,,0,0,0,0,,,0,0,,,0,0,,0,0,0,0,0,0,0,0,,0,0,0,0,0,0,0,,,0,0,0,0,,0,,0,0,0,,,,0,0,0,0,,0,0,0,,,,,0,0,0,0,,0,,0,,0,0,0,0,0,,0,0,0,,,0,0,0,0,0,0,0,,0,0,,0,0,,0,0,0,,,,,0,0,0,0,,0,0,0,0,0,0,0,0,0,0,0,0,0,0,0,0,0,,,,,,,,0,0,0,,0,0,0,0,0,0.0,0,0,0,0,0,0,0.0,0.0,0,0,0,0,0,0,0,0,0,0,0,0,0,0,0,0,0,0,0,0,0,0,0,0,0,0,2,0
https://www.beko.com.tr/cilt-bakim/foreo-luna-4-body-evergreen-guzellik-ve-bakim,Foreo LUNA 4 Body Evergreen Cilt Bakım,7799.0,0,Cilt Bakim,Küçük Ev Aletleri,Güzellik ve Bakım,4.0,8.0,12.0,,0,0,0,,0,0,0,,,,,,,0,,,0,,0,0,0,0,0,0,0,0,0,,0,0,0,0,0,0,,,,0,0,0,,0,0,0,0,0,0,0,,,0,0,,0,0,0,0,0,0,0,0,0,0,0,,,0,0,0,,,0,,0,0,0,0,0,0,0,0,,,,,,,,0,0,,,,0,0,0,0,0,0,0,0,0,,,,0,0,,0,0,0,0,,,0,0,,,0,0,,0,0,0,0,0,0,0,0,,0,0,0,0,0,0,0,,,0,0,0,0,,0,,0,0,0,,,,0,0,0,0,,0,0,0,,,,,0,0,0,0,,0,,0,,0,0,0,0,0,,0,0,0,,,0,0,0,0,0,0,0,,0,0,,0,0,,0,0,0,,,,,0,0,0,0,,0,0,0,0,0,0,0,0,0,0,0,0,0,0,0,0,0,,,,,,,,0,0,0,,0,0,0,0,0,0.0,0,0,0,0,0,0,0.0,0.0,0,0,0,0,0,0,0,0,0,0,0,0,0,0,0,0,0,0,0,0,0,0,0,0,0,0,2,0
https://www.beko.com.tr/cilt-bakim/foreo-bear-2-body-lavender-guzellik-ve-bakim,Foreo Bear 2 Body Lavender Cilt Bakım,15599.0,0,Cilt Bakim,Küçük Ev Aletleri,Güzellik ve Bakım,4.0,9.0,12.0,,0,0,0,,0,0,0,,,,,,,0,,,0,,0,0,0,0,0,0,0,0,0,,0,0,0,0,0,0,,,,0,0,0,,0,0,0,0,0,0,0,,,0,0,,0,0,0,0,0,0,0,0,0,0,0,,,0,0,0,,,0,,0,0,0,0,0,0,0,0,,,,,,,,0,0,,,,0,0,0,0,0,0,0,0,0,,,,0,0,,0,0,0,0,,,0,0,,,0,0,,0,0,0,0,0,0,0,0,,0,0,0,0,0,0,0,,,0,0,0,0,,0,,0,0,0,,,,0,0,0,0,,0,0,0,,,,,0,0,0,0,,0,,0,,0,0,0,0,0,,0,0,0,,,0,0,0,0,0,0,0,,0,0,,0,0,,0,0,0,,,,,0,0,0,0,,0,0,0,0,0,0,0,0,0,0,0,0,0,0,0,0,0,,,,,,,,0,0,0,,0,0,0,0,0,0.0,0,0,0,0,0,0,0.0,0.0,0,0,0,0,0,0,0,0,0,0,0,0,0,0,0,0,0,0,0,0,0,0,0,0,0,0,2,0
https://www.beko.com.tr/cilt-bakim/foreo-bear-2-fuchsia-guzellik-ve-bakim,Foreo Bear 2 Fuchsia Cilt Bakım,20799.0,1,Cilt Bakim,Küçük Ev Aletleri,Güzellik ve Bakım,4.0,12.0,15.0,,0,0,0,,0,0,0,,,,,,,0,,,0,,0,0,0,0,0,0,0,0,0,,0,0,0,0,0,0,,,,0,0,0,,0,0,0,0,0,0,0,,,0,0,,0,0,0,0,0,0,0,0,0,0,0,,,0,0,0,,,0,,0,0,0,0,0,0,0,0,,,,,,,,0,0,,,,0,0,0,0,0,0,0,0,0,,,,0,0,,0,0,0,0,,,0,0,,,0,0,,0,0,0,0,0,0,0,0,,0,0,0,0,0,0,0,,,0,0,0,0,,0,,0,0,0,,,,0,0,0,0,,0,0,0,,,,,0,0,0,0,,0,,0,,0,0,0,0,0,,0,0,0,,,0,0,0,0,0,0,0,,0,0,,0,0,,0,0,0,,,,,0,0,0,0,,0,0,0,0,0,0,0,0,0,0,0,0,0,0,0,0,0,,,,,,,,0,0,0,,0,0,0,0,0,0.0,0,0,0,0,0,0,0.0,0.0,0,0,0,0,0,0,0,0,0,0,0,0,0,0,0,0,0,0,0,0,0,0,0,0,0,0,2,0
https://www.beko.com.tr/cilt-bakim/foreo-luna-4-play-cherry-up-guzellik-ve-bakim,FOREO LUNA 4 Play Cherry Up Cilt Bakım,3099.0,0,Cilt Bakim,Küçük Ev Aletleri,Güzellik ve Bakım,3.0,9.0,13.0,,0,0,0,,0,0,0,,,,,,,0,,,0,,0,0,0,0,0,0,0,0,0,,0,0,0,0,0,0,,,,0,0,0,,0,0,0,0,0,0,0,,,0,0,,0,0,0,0,0,0,0,0,0,0,0,,,0,0,0,,,0,,0,0,0,0,0,0,0,0,,,,,,,,0,0,,,,0,0,0,0,0,0,0,0,0,,,,0,0,,0,0,0,0,,,0,0,,,0,0,,0,0,0,0,0,0,0,0,,0,0,0,0,0,0,0,,,0,0,0,0,,0,,0,0,0,,,,0,0,0,0,,0,0,0,,,,,0,0,0,0,,0,,0,,0,0,0,0,0,,0,0,0,,,0,0,0,0,0,0,0,,0,0,,0,0,,0,0,0,,,,,0,0,0,0,,0,0,0,0,0,0,0,0,0,0,0,0,0,0,0,0,0,,,,,,,,0,0,0,,0,0,0,0,0,0.0,0,0,0,0,0,0,0.0,0.0,0,0,0,0,0,0,0,0,0,0,0,0,0,0,0,0,0,0,0,0,0,0,0,0,0,0,2,0
https://www.beko.com.tr/cilt-bakim/foreo-luna-4-go-pistachio-guzellik-ve-bakim,FOREO LUNA 4 Go Pistachio Cilt Bakım,5199.0,0,Cilt Bakim,Küçük Ev Aletleri,Güzellik ve Bakım,3.0,9.0,8.0,,0,0,0,,0,0,0,,,,,,,0,,,0,,0,0,0,0,0,0,0,0,0,,0,0,0,0,0,0,,,,0,0,0,,0,0,0,0,0,0,0,,,0,0,,0,0,0,0,0,0,0,0,0,0,0,,,0,0,0,,,0,,0,0,0,0,0,0,0,0,,,,,,,,0,0,,,,0,0,0,0,0,0,0,0,0,,,,0,0,,0,0,0,0,,,0,0,,,0,0,,0,0,0,0,0,0,0,0,,0,0,0,0,0,0,0,,,0,0,0,0,,0,,0,0,0,,,,0,0,0,0,,0,0,0,,,,,0,0,0,0,,0,,0,,0,0,0,0,0,,0,0,0,,,0,0,0,0,0,0,0,,0,0,,0,0,,0,0,0,,,,,0,0,0,0,,0,0,0,0,0,0,0,0,0,0,0,0,0,0,0,0,0,,,,,,,,0,0,0,,0,0,0,0,0,0.0,0,0,0,0,0,0,0.0,0.0,0,0,0,0,0,0,0,0,0,0,0,0,0,0,0,0,0,0,0,0,0,0,0,0,0,0,2,0
https://www.beko.com.tr/cilt-bakim/foreo-luna-4-hassas-cilt-guzellik-ve-bakim,Foreo LUNA 4 Hassas Cilt Cilt Bakım,10399.0,0,Cilt Bakim,Küçük Ev Aletleri,Güzellik ve Bakım,4.0,11.0,17.0,,0,0,0,,0,0,0,,,,,,,0,,,0,,0,0,0,0,0,0,0,0,0,,0,0,0,0,0,0,,,,0,0,0,,0,0,0,0,0,0,0,,,0,0,,0,0,0,0,0,0,0,0,0,0,0,,,0,0,0,,,0,,0,0,0,0,0,0,0,0,,,,,,,,0,0,,,,0,0,0,0,0,0,0,0,0,,,,0,0,,0,0,0,0,,,0,0,,,0,0,,0,0,0,0,0,0,0,0,,0,0,0,0,0,0,0,,,0,0,0,0,,0,,0,0,0,,,,0,0,0,0,,0,0,0,,,,,0,0,0,0,,0,,0,,0,0,0,0,0,,0,0,0,,,0,0,0,0,0,0,0,,0,0,,0,0,,0,0,0,,,,,0,0,0,0,,0,0,0,0,0,0,0,0,0,0,0,0,0,0,0,0,0,,,,,,,,0,0,0,,0,0,0,0,0,0.0,0,0,0,0,0,0,0.0,0.0,0,0,0,0,0,0,0,0,0,0,0,0,0,0,0,0,0,0,0,0,0,0,0,0,0,0,2,0
https://www.beko.com.tr/cilt-bakim/foreo-luna-4-play-tickle-me-pink-guzellik-ve-bakim,FOREO LUNA 4 Play Tickle Me Pink Cilt Bakım,3099.0,0,Cilt Bakim,Küçük Ev Aletleri,Güzellik ve Bakım,3.0,9.0,13.0,,0,0,0,,0,0,0,,,,,,,0,,,0,,0,0,0,0,0,0,0,0,0,,0,0,0,0,0,0,,,,0,0,0,,0,0,0,0,0,0,0,,,0,0,,0,0,0,0,0,0,0,0,0,0,0,,,0,0,0,,,0,,0,0,0,0,0,0,0,0,,,,,,,,0,0,,,,0,0,0,0,0,0,0,0,0,,,,0,0,,0,0,0,0,,,0,0,,,0,0,,0,0,0,0,0,0,0,0,,0,0,0,0,0,0,0,,,0,0,0,0,,0,,0,0,0,,,,0,0,0,0,,0,0,0,,,,,0,0,0,0,,0,,0,,0,0,0,0,0,,0,0,0,,,0,0,0,0,0,0,0,,0,0,,0,0,,0,0,0,,,,,0,0,0,0,,0,0,0,0,0,0,0,0,0,0,0,0,0,0,0,0,0,,,,,,,,0,0,0,,0,0,0,0,0,0.0,0,0,0,0,0,0,0.0,0.0,0,0,0,0,0,0,0,0,0,0,0,0,0,0,0,0,0,0,0,0,0,0,0,0,0,0,2,0
https://www.beko.com.tr/cilt-bakim/foreo-ufo-3-go-lavender-guzellik-ve-bakim,Foreo Ufo 3 Go Lavender Cilt Bakım,3599.0,0,Cilt Bakim,Küçük Ev Aletleri,Güzellik ve Bakım,4.0,10.0,9.0,,0,0,0,,0,0,0,,,,,,,0,,,0,,0,0,0,0,0,0,0,0,0,,0,0,0,0,0,0,,,,0,0,0,,0,0,0,0,0,0,0,,,0,0,,0,0,0,0,0,0,0,0,0,0,0,,,0,0,0,,,0,,0,0,0,0,0,0,0,0,,,,,,,,0,0,,,,0,0,0,0,0,0,0,0,0,,,,0,0,,0,0,0,0,,,0,0,,,0,0,,0,0,0,0,0,0,0,0,,0,0,0,0,0,0,0,,,0,0,0,0,,0,,0,0,0,,,,0,0,0,0,,0,0,0,,,,,0,0,0,0,,0,,0,,0,0,0,0,0,,0,0,0,,,0,0,0,0,0,0,0,,0,0,,0,0,,0,0,0,,,,,0,0,0,0,,0,0,0,0,0,0,0,0,0,0,0,0,0,0,0,0,0,,,,,,,,0,0,0,,0,0,0,0,0,0.0,0,0,0,0,0,0,0.0,0.0,0,0,0,0,0,0,0,0,0,0,0,0,0,0,0,0,0,0,0,0,0,0,0,0,0,0,2,0
https://www.beko.com.tr/cilt-bakim/foreo-ufo-3-go-evergreen-guzellik-ve-bakim,Foreo Ufo 3 Go Evergreen Cilt Bakım,3599.0,0,Cilt Bakim,Küçük Ev Aletleri,Güzellik ve Bakım,4.0,10.0,9.0,,0,0,0,,0,0,0,,,,,,,0,,,0,,0,0,0,0,0,0,0,0,0,,0,0,0,0,0,0,,,,0,0,0,,0,0,0,0,0,0,0,,,0,0,,0,0,0,0,0,0,0,0,0,0,0,,,0,0,0,,,0,,0,0,0,0,0,0,0,0,,,,,,,,0,0,,,,0,0,0,0,0,0,0,0,0,,,,0,0,,0,0,0,0,,,0,0,,,0,0,,0,0,0,0,0,0,0,0,,0,0,0,0,0,0,0,,,0,0,0,0,,0,,0,0,0,,,,0,0,0,0,,0,0,0,,,,,0,0,0,0,,0,,0,,0,0,0,0,0,,0,0,0,,,0,0,0,0,0,0,0,,0,0,,0,0,,0,0,0,,,,,0,0,0,0,,0,0,0,0,0,0,0,0,0,0,0,0,0,0,0,0,0,,,,,,,,0,0,0,,0,0,0,0,0,0.0,0,0,0,0,0,0,0.0,0.0,0,0,0,0,0,0,0,0,0,0,0,0,0,0,0,0,0,0,0,0,0,0,0,0,0,0,2,0
https://www.beko.com.tr/cilt-bakim/foreo-ufo-3-pearl-pink-guzellik-ve-bakim,Foreo Ufo 3 Pearl Pink Cilt Bakım,15599.0,0,Cilt Bakim,Küçük Ev Aletleri,Güzellik ve Bakım,3.0,13.0,10.0,,0,0,0,,0,0,0,,,,,,,0,,,0,,0,0,0,0,0,0,0,0,0,,0,0,0,0,0,0,,,,0,0,0,,0,0,0,0,0,0,0,,,0,0,,0,0,0,0,0,0,0,0,0,0,0,,,0,0,0,,,0,,0,0,0,0,0,0,0,0,,,,,,,,0,0,,,,0,0,0,0,0,0,0,0,0,,,,0,0,,0,0,0,0,,,0,0,,,0,0,,0,0,0,0,0,0,0,0,,0,0,0,0,0,0,0,,,0,0,0,0,,0,,0,0,0,,,,0,0,0,0,,0,0,0,,,,,0,0,0,0,,0,,0,,0,0,0,0,0,,0,0,0,,,0,0,0,0,0,0,0,,0,0,,0,0,,0,0,0,,,,,0,0,0,0,,0,0,0,0,0,0,0,0,0,0,0,0,0,0,0,0,0,,,,,,,,0,0,0,,0,0,0,0,0,0.0,0,0,0,0,0,0,0.0,0.0,0,0,0,0,0,0,0,0,0,0,0,0,0,0,0,0,0,0,0,0,0,0,0,0,0,0,2,0
https://www.beko.com.tr/cilt-bakim/foreo-bear-2-go-lavender-guzellik-ve-bakim,Foreo Bear 2 Go Lavender Cilt Bakım,14599.0,0,Cilt Bakim,Küçük Ev Aletleri,Güzellik ve Bakım,3.0,9.0,8.0,,0,0,0,,0,0,0,,,,,,,0,,,0,,0,0,0,0,0,0,0,0,0,,0,0,0,0,0,0,,,,0,0,0,,0,0,0,0,0,0,0,,,0,0,,0,0,0,0,0,0,0,0,0,0,0,,,0,0,0,,,0,,0,0,0,0,0,0,0,0,,,,,,,,0,0,,,,0,0,0,0,0,0,0,0,0,,,,0,0,,0,0,0,0,,,0,0,,,0,0,,0,0,0,0,0,0,0,0,,0,0,0,0,0,0,0,,,0,0,0,0,,0,,0,0,0,,,,0,0,0,0,,0,0,0,,,,,0,0,0,0,,0,,0,,0,0,0,0,0,,0,0,0,,,0,0,0,0,0,0,0,,0,0,,0,0,,0,0,0,,,,,0,0,0,0,,0,0,0,0,0,0,0,0,0,0,0,0,0,0,0,0,0,,,,,,,,0,0,0,,0,0,0,0,0,0.0,0,0,0,0,0,0,0.0,0.0,0,0,0,0,0,0,0,0,0,0,0,0,0,0,0,0,0,0,0,0,0,0,0,0,0,0,2,0
https://www.beko.com.tr/yaslanma-karsiti-bakim/foreo-faq-221-led-el-maskesi-guzellik-ve-bakim,Foreo FAQ 221 LED El Maskesi Yaşlanma Karşıtı Bakım,15599.0,0,Yaslanma Karsiti Bakim,Küçük Ev Aletleri,Güzellik ve Bakım,3.0,18.0,19.0,,0,0,0,,0,0,0,,,,,,,0,,,0,,0,0,0,0,0,0,0,0,0,,0,0,0,0,0,0,,,,0,0,0,,0,0,0,0,0,0,0,,,0,0,,0,0,0,0,0,0,0,0,0,0,0,,,0,0,0,,,0,,0,0,0,0,0,0,0,0,,,,,,,,0,0,,,,0,0,0,0,0,0,0,0,0,,,,0,0,,0,0,0,0,,,0,0,,,0,0,,0,0,0,0,0,0,0,0,,0,0,0,0,0,0,0,,,0,0,0,0,,0,,0,0,0,,,,0,0,0,0,,0,0,0,,,,,0,0,0,0,,0,,0,,0,0,0,0,0,,0,0,0,,,0,0,0,0,0,0,0,,0,0,,0,0,,0,0,0,,,,,0,0,0,0,,0,0,0,0,0,0,0,0,0,0,0,0,0,0,0,0,0,,,,,,,,0,0,0,,0,0,0,0,0,0.0,0,0,0,0,0,0,0.0,0.0,0,0,0,0,0,0,0,0,0,0,0,0,0,0,0,0,0,0,0,0,0,0,0,0,0,0,2,0
https://www.beko.com.tr/yaslanma-karsiti-bakim/foreo-faq-102-yaslanma-karsiti-cihaz-guzellik-ve-bakim,Foreo FAQ 102 Yaşlanma Karşıtı Cihaz Yaşlanma Karşıtı Bakım,31299.0,1,Yaslanma Karsiti Bakim,Küçük Ev Aletleri,Güzellik ve Bakım,5.0,,18.0,,0,0,0,,0,0,0,,,,,,,0,,,0,,0,0,0,0,0,0,0,0,0,,0,0,0,0,0,0,,,,0,0,0,,0,0,0,0,0,0,0,,,0,0,,0,0,0,0,0,0,0,0,0,0,0,,,0,0,0,,,0,,0,0,0,0,0,0,0,0,,,,,,,,0,0,,,,0,0,0,0,0,0,0,0,0,,,,0,0,,0,0,0,0,,,0,0,,,0,0,,0,0,0,0,0,0,0,0,,0,0,0,0,0,0,0,,,0,0,0,0,,0,,0,0,0,,,,0,0,0,0,,0,0,0,,,,,0,0,0,0,,0,,0,,0,0,0,0,0,,0,0,0,,,0,0,0,0,0,0,0,,0,0,,0,0,,0,0,0,,,,,0,0,0,0,,0,0,0,0,0,0,0,0,0,0,0,0,0,0,0,0,0,,,,,,,,0,0,0,,0,0,0,0,0,0.0,0,0,0,0,0,0,0.0,0.0,0,0,0,0,0,0,0,0,0,0,0,0,0,0,0,0,0,0,0,0,0,0,0,0,0,0,2,0
https://www.beko.com.tr/yaslanma-karsiti-bakim/foreo-faq-211-boyun-ve-dekolte-led-maske-guzellik-ve-bakim,Foreo FAQ 211 Boyun ve Dekolte LED Maske Yaşlanma Karşıtı Bakım,20999.0,0,Yaslanma Karsiti Bakim,Küçük Ev Aletleri,Güzellik ve Bakım,3.0,18.0,19.0,,0,0,0,,0,0,0,,,,,,,0,,,0,,0,0,0,0,0,0,0,0,0,,0,0,0,0,0,0,,,,0,0,0,,0,0,0,0,0,0,0,,,0,0,,0,0,0,0,0,0,0,0,0,0,0,,,0,0,0,,,0,,0,0,0,0,0,0,0,0,,,,,,,,0,0,,,,0,0,0,0,0,0,0,0,0,,,,0,0,,0,0,0,0,,,0,0,,,0,0,,0,0,0,0,0,0,0,0,,0,0,0,0,0,0,0,,,0,0,0,0,,0,,0,0,0,,,,0,0,0,0,,0,0,0,,,,,0,0,0,0,,0,,0,,0,0,0,0,0,,0,0,0,,,0,0,0,0,0,0,0,,0,0,,0,0,,0,0,0,,,,,0,0,0,0,,0,0,0,0,0,0,0,0,0,0,0,0,0,0,0,0,0,,,,,,,,0,0,0,,0,0,0,0,0,0.0,0,0,0,0,0,0,0.0,0.0,0,0,0,0,0,0,0,0,0,0,0,0,0,0,0,0,0,0,0,0,0,0,0,0,0,0,2,0
https://www.beko.com.tr/yaslanma-karsiti-bakim/foreo-faq-202-led-yuz-maskesi-guzellik-ve-bakim,Foreo FAQ 202 LED Yüz Maskesi Yaşlanma Karşıtı Bakım,41999.0,0,Yaslanma Karsiti Bakim,Küçük Ev Aletleri,Güzellik ve Bakım,18.0,17.0,11.0,,0,0,0,,0,0,0,,,,,,,0,,,0,,0,0,0,0,0,0,0,0,0,,0,0,0,0,0,0,,,,0,0,0,,0,0,0,0,0,0,0,,,0,0,,0,0,0,0,0,0,0,0,0,0,0,,,0,0,0,,,0,,0,0,0,0,0,0,0,0,,,,,,,,0,0,,,,0,0,0,0,0,0,0,0,0,,,,0,0,,0,0,0,0,,,0,0,,,0,0,,0,0,0,0,0,0,0,0,,0,0,0,0,0,0,0,,,0,0,0,0,,0,,0,0,0,,,,0,0,0,0,,0,0,0,,,,,0,0,0,0,,0,,0,,0,0,0,0,0,,0,0,0,,,0,0,0,0,0,0,0,,0,0,,0,0,,0,0,0,,,,,0,0,0,0,,0,0,0,0,0,0,0,0,0,0,0,0,0,0,0,0,0,,,,,,,,0,0,0,,0,0,0,0,0,0.0,0,0,0,0,0,0,0.0,0.0,0,0,0,0,0,0,0,0,0,0,0,0,0,0,0,0,0,0,0,0,0,0,0,0,0,0,2,0
https://www.beko.com.tr/ozel-bakimlar/foreo-bear-2-eyeslips-lavender-guzellik-ve-bakim,Foreo Bear 2 Eyes&Lips Lavender Özel Bakımlar,10399.0,2,Ozel Bakimlar,Küçük Ev Aletleri,Güzellik ve Bakım,4.0,9.0,15.0,,0,0,0,,0,0,0,,,,,,,0,,,0,,0,0,0,0,0,0,0,0,0,,0,0,0,0,0,0,,,,0,0,0,,0,0,0,0,0,0,0,,,0,0,,0,0,0,0,0,0,0,0,0,0,0,,,0,0,0,,,0,,0,0,0,0,0,0,0,0,,,,,,,,0,0,,,,0,0,0,0,0,0,0,0,0,,,,0,0,,0,0,0,0,,,0,0,,,0,0,,0,0,0,0,0,0,0,0,,0,0,0,0,0,0,0,,,0,0,0,0,,0,,0,0,0,,,,0,0,0,0,,0,0,0,,,,,0,0,0,0,,0,,0,,0,0,0,0,0,,0,0,0,,,0,0,0,0,0,0,0,,0,0,,0,0,,0,0,0,,,,,0,0,0,0,,0,0,0,0,0,0,0,0,0,0,0,0,0,0,0,0,0,,,,,,,,0,0,0,,0,0,0,0,0,0.0,0,0,0,0,0,0,0.0,0.0,0,0,0,0,0,0,0,0,0,0,0,0,0,0,0,0,0,0,0,0,0,0,0,0,0,0,2,0
https://www.beko.com.tr/cilt-bakim/foreo-peach2-ipl-cihazi-guzellik-ve-bakim,Foreo Peach2 IPL Cihazı Cilt Bakım,20399.0,0,Cilt Bakim,Küçük Ev Aletleri,Güzellik ve Bakım,5.0,10.0,22.0,,0,0,0,,0,0,0,,,,,,,0,,,0,,0,0,0,0,0,0,0,0,0,,0,0,0,0,0,0,,,,0,0,0,,0,0,0,0,0,0,0,,,0,0,,0,0,0,0,0,0,0,0,0,0,0,,,0,0,0,,,0,,0,0,0,0,0,0,0,0,,,,,,,,0,0,,,,0,0,0,0,0,0,0,0,0,,,,0,0,,0,0,0,0,,,0,0,,,0,0,,0,0,0,0,0,0,0,0,,0,0,0,0,0,0,0,,,0,0,0,0,,0,,0,0,0,,,,0,0,0,0,,0,0,0,,,,,0,0,0,0,,0,,0,,0,0,0,0,0,,0,0,0,,,0,0,0,0,0,0,0,,0,0,,0,0,,0,0,0,,,,,0,0,0,0,,0,0,0,0,0,0,0,0,0,0,0,0,0,0,0,0,0,,,,,,,,0,0,0,,0,0,0,0,0,0.0,0,0,0,0,0,0,0.0,0.0,0,0,0,0,0,0,0,0,0,0,0,0,0,0,0,0,0,0,0,0,0,0,0,0,0,0,2,0
https://www.beko.com.tr/yaslanma-karsiti-bakim/foreo-faq-302-black-guzellik-ve-bakim,Foreo FAQ 302 Black Yaşlanma Karşıtı Bakım,25999.0,1,Yaslanma Karsiti Bakim,Küçük Ev Aletleri,Güzellik ve Bakım,5.0,12.0,16.0,,0,0,0,,0,0,0,,,,,,,0,,,0,,0,0,0,0,0,0,0,0,0,,0,0,0,0,0,0,,,,0,0,0,,0,0,0,0,0,0,0,,,0,0,,0,0,0,0,0,0,0,0,0,0,0,,,0,0,0,,,0,,0,0,0,0,0,0,0,0,,,,,,,,0,0,,,,0,0,0,0,0,0,0,0,0,,,,0,0,,0,0,0,0,,,0,0,,,0,0,,0,0,0,0,0,0,0,0,,0,0,0,0,0,0,0,,,0,0,0,0,,0,,0,0,0,,,,0,0,0,0,,0,0,0,,,,,0,0,0,0,,0,,0,,0,0,0,0,0,,0,0,0,,,0,0,0,0,0,0,0,,0,0,,0,0,,0,0,0,,,,,0,0,0,0,,0,0,0,0,0,0,0,0,0,0,0,0,0,0,0,0,0,,,,,,,,0,0,0,,0,0,0,0,0,0.0,0,0,0,0,0,0,0.0,0.0,0,0,0,0,0,0,0,0,0,0,0,0,0,0,0,0,0,0,0,0,0,0,0,0,0,0,2,0
https://www.beko.com.tr/cilt-bakim/foreo-issa-4-smile-summer-sky-guzellik-ve-bakim,Foreo ISSA 4 Smile Summer Sky Cilt Bakım,3099.0,0,Cilt Bakim,Küçük Ev Aletleri,Güzellik ve Bakım,3.0,10.0,12.0,,0,0,0,,0,0,0,,,,,,,0,,,0,,0,0,0,0,0,0,0,0,0,,0,0,0,0,0,0,,,,0,0,0,,0,0,0,0,0,0,0,,,0,0,,0,0,0,0,0,0,0,0,0,0,0,,,0,0,0,,,0,,0,0,0,0,0,0,0,0,,,,,,,,0,0,,,,0,0,0,0,0,0,0,0,0,,,,0,0,,0,0,0,0,,,0,0,,,0,0,,0,0,0,0,0,0,0,0,,0,0,0,0,0,0,0,,,0,0,0,0,,0,,0,0,0,,,,0,0,0,0,,0,0,0,,,,,0,0,0,0,,0,,0,,0,0,0,0,0,,0,0,0,,,0,0,0,0,0,0,0,,0,0,,0,0,,0,0,0,,,,,0,0,0,0,,0,0,0,0,0,0,0,0,0,0,0,0,0,0,0,0,0,,,,,,,,0,0,0,,0,0,0,0,0,0.0,0,0,0,0,0,0,0.0,0.0,0,0,0,0,0,0,0,0,0,0,0,0,0,0,0,0,0,0,0,0,0,0,0,0,0,0,2,0
https://www.beko.com.tr/cilt-bakim/foreo-issa-4-pearl-pink-guzellik-ve-bakim,Foreo ISSA 4 Pearl Pink Cilt Bakım,5199.0,0,Cilt Bakim,Küçük Ev Aletleri,Güzellik ve Bakım,3.0,10.0,12.0,,0,0,0,,0,0,0,,,,,,,0,,,0,,0,0,0,0,0,0,0,0,0,,0,0,0,0,0,0,,,,0,0,0,,0,0,0,0,0,0,0,,,0,0,,0,0,0,0,0,0,0,0,0,0,0,,,0,0,0,,,0,,0,0,0,0,0,0,0,0,,,,,,,,0,0,,,,0,0,0,0,0,0,0,0,0,,,,0,0,,0,0,0,0,,,0,0,,,0,0,,0,0,0,0,0,0,0,0,,0,0,0,0,0,0,0,,,0,0,0,0,,0,,0,0,0,,,,0,0,0,0,,0,0,0,,,,,0,0,0,0,,0,,0,,0,0,0,0,0,,0,0,0,,,0,0,0,0,0,0,0,,0,0,,0,0,,0,0,0,,,,,0,0,0,0,,0,0,0,0,0,0,0,0,0,0,0,0,0,0,0,0,0,,,,,,,,0,0,0,,0,0,0,0,0,0.0,0,0,0,0,0,0,0.0,0.0,0,0,0,0,0,0,0,0,0,0,0,0,0,0,0,0,0,0,0,0,0,0,0,0,0,0,2,0
https://www.beko.com.tr/cilt-bakim/foreo-issa-4-smile-wild-strawberry-guzellik-ve-bakim,"Foreo ISSA 4 Smile, Wild Strawberry Cilt Bakım",3099.0,0,Cilt Bakim,Küçük Ev Aletleri,Güzellik ve Bakım,3.0,10.0,12.0,,0,0,0,,0,0,0,,,,,,,0,,,0,,0,0,0,0,0,0,0,0,0,,0,0,0,0,0,0,,,,0,0,0,,0,0,0,0,0,0,0,,,0,0,,0,0,0,0,0,0,0,0,0,0,0,,,0,0,0,,,0,,0,0,0,0,0,0,0,0,,,,,,,,0,0,,,,0,0,0,0,0,0,0,0,0,,,,0,0,,0,0,0,0,,,0,0,,,0,0,,0,0,0,0,0,0,0,0,,0,0,0,0,0,0,0,,,0,0,0,0,,0,,0,0,0,,,,0,0,0,0,,0,0,0,,,,,0,0,0,0,,0,,0,,0,0,0,0,0,,0,0,0,,,0,0,0,0,0,0,0,,0,0,,0,0,,0,0,0,,,,,0,0,0,0,,0,0,0,0,0,0,0,0,0,0,0,0,0,0,0,0,0,,,,,,,,0,0,0,,0,0,0,0,0,0.0,0,0,0,0,0,0,0.0,0.0,0,0,0,0,0,0,0,0,0,0,0,0,0,0,0,0,0,0,0,0,0,0,0,0,0,0,2,0
https://www.beko.com.tr/cilt-bakim/foreo-luna-4-play-mint-for-you-guzellik-ve-bakim,FOREO LUNA 4 Play Mint For You Cilt Bakım,3099.0,0,Cilt Bakim,Küçük Ev Aletleri,Güzellik ve Bakım,3.0,9.0,13.0,,0,0,0,,0,0,0,,,,,,,0,,,0,,0,0,0,0,0,0,0,0,0,,0,0,0,0,0,0,,,,0,0,0,,0,0,0,0,0,0,0,,,0,0,,0,0,0,0,0,0,0,0,0,0,0,,,0,0,0,,,0,,0,0,0,0,0,0,0,0,,,,,,,,0,0,,,,0,0,0,0,0,0,0,0,0,,,,0,0,,0,0,0,0,,,0,0,,,0,0,,0,0,0,0,0,0,0,0,,0,0,0,0,0,0,0,,,0,0,0,0,,0,,0,0,0,,,,0,0,0,0,,0,0,0,,,,,0,0,0,0,,0,,0,,0,0,0,0,0,,0,0,0,,,0,0,0,0,0,0,0,,0,0,,0,0,,0,0,0,,,,,0,0,0,0,,0,0,0,0,0,0,0,0,0,0,0,0,0,0,0,0,0,,,,,,,,0,0,0,,0,0,0,0,0,0.0,0,0,0,0,0,0,0.0,0.0,0,0,0,0,0,0,0,0,0,0,0,0,0,0,0,0,0,0,0,0,0,0,0,0,0,0,2,0
https://www.beko.com.tr/cilt-bakim/foreo-issa-4-smile-enchanted-violet-guzellik-ve-bakim,Foreo ISSA 4 Smile Enchanted Violet Cilt Bakım,3099.0,0,Cilt Bakim,Küçük Ev Aletleri,Güzellik ve Bakım,3.0,10.0,12.0,,0,0,0,,0,0,0,,,,,,,0,,,0,,0,0,0,0,0,0,0,0,0,,0,0,0,0,0,0,,,,0,0,0,,0,0,0,0,0,0,0,,,0,0,,0,0,0,0,0,0,0,0,0,0,0,,,0,0,0,,,0,,0,0,0,0,0,0,0,0,,,,,,,,0,0,,,,0,0,0,0,0,0,0,0,0,,,,0,0,,0,0,0,0,,,0,0,,,0,0,,0,0,0,0,0,0,0,0,,0,0,0,0,0,0,0,,,0,0,0,0,,0,,0,0,0,,,,0,0,0,0,,0,0,0,,,,,0,0,0,0,,0,,0,,0,0,0,0,0,,0,0,0,,,0,0,0,0,0,0,0,,0,0,,0,0,,0,0,0,,,,,0,0,0,0,,0,0,0,0,0,0,0,0,0,0,0,0,0,0,0,0,0,,,,,,,,0,0,0,,0,0,0,0,0,0.0,0,0,0,0,0,0,0.0,0.0,0,0,0,0,0,0,0,0,0,0,0,0,0,0,0,0,0,0,0,0,0,0,0,0,0,0,2,0
https://www.beko.com.tr/cilt-bakim/foreo-issa-4-fuchsia-guzellik-ve-bakim,Foreo ISSA 4 Fuchsia Cilt Bakım,5199.0,0,Cilt Bakim,Küçük Ev Aletleri,Güzellik ve Bakım,3.0,10.0,12.0,,0,0,0,,0,0,0,,,,,,,0,,,0,,0,0,0,0,0,0,0,0,0,,0,0,0,0,0,0,,,,0,0,0,,0,0,0,0,0,0,0,,,0,0,,0,0,0,0,0,0,0,0,0,0,0,,,0,0,0,,,0,,0,0,0,0,0,0,0,0,,,,,,,,0,0,,,,0,0,0,0,0,0,0,0,0,,,,0,0,,0,0,0,0,,,0,0,,,0,0,,0,0,0,0,0,0,0,0,,0,0,0,0,0,0,0,,,0,0,0,0,,0,,0,0,0,,,,0,0,0,0,,0,0,0,,,,,0,0,0,0,,0,,0,,0,0,0,0,0,,0,0,0,,,0,0,0,0,0,0,0,,0,0,,0,0,,0,0,0,,,,,0,0,0,0,,0,0,0,0,0,0,0,0,0,0,0,0,0,0,0,0,0,,,,,,,,0,0,0,,0,0,0,0,0,0.0,0,0,0,0,0,0,0.0,0.0,0,0,0,0,0,0,0,0,0,0,0,0,0,0,0,0,0,0,0,0,0,0,0,0,0,0,2,0
https://www.beko.com.tr/frozen-ve-slush-makinesi/sm-5670-frozen-ve-slush-makinesi,SM 5670 Frozen ve Slush Makinesi,14999.0,17,Frozen Ve Slush Makinesi,Küçük Ev Aletleri,Frozen ve Slush Makinesi,18.0,,43.0,,0,0,0,,0,0,0,,,,,,,0,,,0,,0,0,0,0,0,0,0,0,0,,0,0,0,0,0,0,,,,0,0,0,,0,0,0,0,0,0,0,,,0,0,,0,0,0,0,0,0,0,0,0,0,0,,,0,0,0,,,0,,0,0,0,0,0,0,0,0,,,,,,,,0,0,,,,0,0,0,0,0,0,0,0,0,,,,0,0,,0,0,0,0,,,0,0,,,0,0,,0,0,0,0,0,0,0,0,,0,0,0,0,0,0,0,,,0,0,0,0,,0,,0,0,0,,,,0,0,0,0,,0,0,0,,,,,0,0,0,0,,0,,0,,0,0,0,0,0,,0,0,0,,,0,0,0,0,0,0,0,,0,0,,0,0,,0,0,0,,,,,0,0,0,0,,0,0,0,0,0,0,0,0,0,0,0,0,0,0,0,0,0,,,,,,,,0,0,0,,0,0,0,0,0,0.0,0,0,0,0,0,0,0.0,0.0,0,0,0,0,0,0,0,0,0,0,0,0,0,0,0,0,0,0,0,0,0,0,0,0,0,0,2,0
https://www.beko.com.tr/arac-buzdolabi/otb-51223-m-arac-buzdolabi,OTB 51223 M Araç Buzdolabı,7999.0,26,Arac Buzdolabi,Beyaz Eşya,Buzdolabı,29.8,,,,0,0,0,,0,0,0,,,,,,,0,,,0,,0,0,0,0,0,0,0,0,0,,0,0,0,0,0,0,,,,0,0,0,,0,0,0,0,0,0,0,,,0,0,,0,0,0,0,0,0,0,0,0,0,0,,,0,0,0,,,0,,0,0,0,0,0,0,0,0,,,,,,,,0,0,,,,0,0,0,0,0,0,0,0,0,,,,0,0,,0,0,0,0,,,0,0,,,0,0,,0,0,0,0,0,0,0,0,,0,0,0,0,0,0,0,,,0,0,0,0,,0,,0,0,0,,,,0,0,0,0,,0,0,0,,,,,0,0,0,0,,0,,0,,0,0,0,0,0,,0,0,0,,,0,0,0,0,0,0,0,,0,0,,0,0,,0,0,0,,,,,0,0,0,0,,0,0,0,0,0,0,0,0,0,0,0,0,0,0,0,0,0,4.9,,,,,,,0,0,0,,0,0,0,0,0,0.0,0,0,0,0,0,0,0.0,0.0,0,0,0,0,0,0,0,0,0,0,0,0,0,0,0,0,0,0,0,0,0,0,0,0,0,0,2,0
https://www.beko.com.tr/kahve-demleme-ekipmanlari/rocket-tamper-leveler-metalik-kahve-makinesi,Rocket Tamper & Leveler Metalik Kahve Demleme Ekipmanları,3674.98,0,Kahve Demleme Ekipmanlari,Küçük Ev Aletleri,Kahve Makinesi,6.0,5.0,4.0,,0,0,0,,0,0,0,,,,,,,0,,,0,,0,0,0,0,0,0,0,0,0,,0,0,0,0,0,0,,,,0,0,0,,0,0,0,0,0,0,0,,,0,0,,0,0,0,0,0,0,0,0,0,0,0,,,0,0,0,,,0,,0,0,0,0,0,0,0,0,,,,,,,,0,0,,,,0,0,0,0,0,0,0,0,0,,,,0,0,,0,0,0,0,,,0,0,,,0,0,,0,0,0,0,0,0,0,0,,0,0,0,0,0,0,0,,,0,0,0,0,,0,,0,0,0,,,,0,0,0,0,,0,0,0,,,,,0,0,0,0,,0,,0,,0,0,0,0,0,,0,0,0,,,0,0,0,0,0,0,0,,0,0,,0,0,,0,0,0,,,,,0,0,0,0,,0,0,0,0,0,0,0,0,0,0,0,0,0,0,0,0,0,0.514,,,,,,,0,0,0,,0,0,0,0,0,0.0,0,0,0,0,0,0,0.0,0.0,0,0,0,0,0,0,0,0,0,0,0,0,0,0,0,0,0,0,0,0,0,0,0,0,0,0,2,0
https://www.beko.com.tr/espresso-makinesi/stone-mine-premium-kahve-makinesi-green-kahve-makinesi,Stone Mine Premium Kahve Makinesi Green Espresso Makinesi,73447.48,0,Espresso Makinesi,Küçük Ev Aletleri,Kahve Makinesi,44.0,23.0,36.0,,0,0,0,,0,0,0,,,,,,,0,,,0,,0,0,0,0,0,0,0,0,0,,0,0,0,0,0,0,,,,0,0,0,,0,0,0,0,0,0,0,,,0,0,,0,0,0,0,0,0,0,0,0,0,0,,,0,0,0,,,0,,0,0,0,0,0,0,0,0,,,,,,,,0,0,,,,0,0,0,0,0,0,0,0,0,,,,0,0,,0,0,0,0,,,0,0,,,0,0,,0,0,0,0,0,0,0,0,,0,0,0,0,0,0,0,,,0,0,0,0,9,1,,0,0,0,,,,0,0,0,0,,0,0,0,,,,,0,0,0,0,,0,,0,,0,0,0,0,0,,0,0,0,,,0,0,0,0,0,0,0,,0,0,,0,0,,0,0,0,,,,,0,0,0,0,,0,0,0,0,0,0,0,0,0,0,0,0,0,0,1,0,0,20.5,,1000.0,1.2,,,,0,0,0,,0,0,0,0,0,0.0,0,0,0,0,0,0,0.0,0.0,0,0,0,0,0,0,0,0,0,0,0,0,0,0,0,0,0,0,0,0,0,0,0,0,0,0,2,0
https://www.beko.com.tr/espresso-makinesi/stone-mine-premium-kahve-makinesi-chrome-kahve-makinesi,Stone Mine Premium Kahve Makinesi Chrome Espresso Makinesi,78697.46,0,Espresso Makinesi,Küçük Ev Aletleri,Kahve Makinesi,44.0,23.0,36.0,,0,0,0,,0,0,0,,,,,,,0,,,0,,0,0,0,0,0,0,0,0,0,,0,0,0,0,0,0,,,,0,0,0,,0,0,0,0,0,0,0,,,0,0,,0,0,0,0,0,0,0,0,0,0,0,,,0,0,0,,,0,,0,0,0,0,0,0,0,0,,,,,,,,0,0,,,,0,0,0,0,0,0,0,0,0,,,,0,0,,0,0,0,0,,,0,0,,,0,0,,0,0,0,0,0,0,0,0,,0,0,0,0,0,0,0,,,0,0,0,0,9,1,,0,0,0,,,,0,0,0,0,,0,0,0,,,,,0,0,0,0,,0,,0,,0,0,0,0,0,,0,0,0,,,0,0,0,0,0,0,0,,0,0,,0,0,,0,0,0,,,,,0,0,0,0,,0,0,0,0,0,0,0,0,0,0,0,0,0,0,0,0,0,20.5,,1000.0,1.2,,,,0,0,0,,0,0,0,0,0,0.0,0,0,0,0,0,0,0.0,0.0,0,0,0,0,0,0,0,0,0,0,0,0,0,0,0,0,0,0,0,0,0,0,0,0,0,0,2,0
https://www.beko.com.tr/espresso-makinesi/stone-mine-premium-kahve-makinesi-wood-kahve-makinesi,Stone Mine Premium Kahve Makinesi Wood Espresso Makinesi,83947.5,0,Espresso Makinesi,Küçük Ev Aletleri,Kahve Makinesi,44.0,23.0,36.0,,0,0,0,,0,0,0,,,,,,,0,,,0,,0,0,0,0,0,0,0,0,0,,0,0,0,0,0,0,,,,0,0,0,,0,0,0,0,0,0,0,,,0,0,,0,0,0,0,0,0,0,0,0,0,0,,,0,0,0,,,0,,0,0,0,0,0,0,0,0,,,,,,,,0,0,,,,0,0,0,0,0,0,0,0,0,,,,0,0,,0,0,0,0,,,0,0,,,0,0,,0,0,0,0,0,0,0,0,,0,0,0,0,0,0,0,,,0,0,0,0,9,1,,0,0,0,,,,0,0,0,0,,0,0,0,,,,,0,0,0,0,,0,,0,,0,0,0,0,0,,0,0,0,,,0,0,0,0,0,0,0,,0,0,,0,0,,0,0,0,,,,,0,0,0,0,,0,0,0,0,0,0,0,0,0,0,0,0,0,0,0,0,0,20.5,,1000.0,1.2,,,,0,0,0,,0,0,0,0,0,0.0,0,0,0,0,0,0,0.0,0.0,0,0,0,0,0,0,0,0,0,0,0,0,0,0,0,0,0,0,0,0,0,0,0,0,0,0,2,0
https://www.beko.com.tr/espresso-makinesi/profitec-pro-go-kahve-makinesi-siyah-kahve-makinesi,Profitec Pro Go Kahve Makinesi Siyah Espresso Makinesi,54599.96,0,Espresso Makinesi,Küçük Ev Aletleri,Kahve Makinesi,38.1,21.0,36.0,,0,0,0,,0,0,0,,,,,,,0,,,0,,0,0,0,0,0,0,0,0,0,,0,0,0,0,0,0,,,,0,0,0,,0,0,0,0,0,0,0,,,0,0,,0,0,0,0,0,0,0,0,0,0,0,,,0,0,0,,,0,,0,0,0,0,0,0,0,0,,,,,,,,0,0,,,,0,0,0,0,0,0,0,0,0,,,,0,0,,0,0,0,0,,,0,0,,,0,0,,0,0,0,0,0,0,0,0,,0,0,0,0,0,0,0,,,0,0,0,0,9,0,0.0,0,0,0,,,,0,0,0,0,,0,0,0,,,,,0,0,0,0,,0,,0,,0,0,0,0,0,,0,0,0,,,0,0,0,0,0,0,0,,0,0,,0,0,,0,0,0,,,,,0,0,0,0,,0,0,0,0,0,0,0,1,0,0,0,0,0,0,0,0,0,12.9,,1200.0,2.8,,,,0,0,0,,0,0,0,0,0,0.0,0,0,0,0,0,0,0.0,0.0,0,0,0,0,0,0,0,0,0,0,0,0,0,0,0,0,0,0,0,0,0,0,0,0,0,0,2,0
https://www.beko.com.tr/kahve-ogutucu/eureka-mignon-specialita-beyaz--kahve-makinesi,Eureka Mignon Specialita Beyaz  Kahve Öğütücü,26775.0,0,Kahve Ogutucu,Küçük Ev Aletleri,Kahve Makinesi,19.0,12.0,35.0,,0,0,0,,0,0,0,,,,,,,0,,,0,300.0,0,0,0,0,0,0,0,0,0,,0,0,0,0,0,0,,,,0,0,0,,0,0,0,0,0,0,0,,,0,0,,0,0,0,0,0,0,0,0,0,0,0,,,0,0,0,,,0,,0,0,0,0,0,0,0,0,,,,,,,,0,0,,,,0,0,0,0,0,0,0,0,0,,,,0,0,,0,0,0,0,,,0,0,,,0,0,,0,0,0,0,0,0,0,0,,0,0,0,0,0,0,0,,,0,0,0,0,,0,,0,0,0,,,,0,0,0,0,,0,0,0,,,,,0,0,0,0,,0,,0,,0,0,0,0,0,,0,0,0,,,0,0,0,0,0,0,0,,0,0,,0,0,,0,0,0,,,,,0,0,0,0,,0,0,0,0,0,0,0,0,0,0,0,0,0,0,0,0,0,,,,,,,,0,0,0,,0,0,0,0,0,0.0,0,0,0,0,0,0,0.0,0.0,0,0,0,0,0,0,0,0,0,0,0,0,0,0,0,0,0,0,0,0,0,0,0,0,0,0,2,0
https://www.beko.com.tr/espresso-makinesi/lelit-mara-x-v2-inox-kahve-makinesi,Lelit Mara X V2 Inox Espresso Makinesi,77437.46,0,Espresso Makinesi,Küçük Ev Aletleri,Kahve Makinesi,41.0,22.0,35.0,,0,0,0,,0,0,0,,,,,,,0,,,0,,0,0,0,0,0,0,0,0,0,,0,0,0,0,0,0,,,,0,0,0,,0,0,0,0,0,0,0,,,0,0,,0,0,0,0,0,0,0,0,0,0,0,,,0,0,0,,,0,,0,0,0,0,0,0,0,0,,,,,,,,0,0,,,,0,0,0,0,0,0,0,0,0,,,,0,0,,0,0,0,0,,,0,0,,,0,0,,0,0,0,0,0,0,0,0,,0,0,0,0,0,0,0,,,0,0,0,0,9,1,0.0,0,0,0,,,,0,0,0,0,,0,0,0,,,,,0,0,0,0,,0,,0,,0,0,0,0,0,,0,0,0,,,0,0,0,0,0,0,0,,0,0,,0,0,,0,0,0,,,,,0,0,0,0,,0,0,0,0,0,0,0,0,1,0,0,0,0,0,0,0,0,18.0,,1300.0,2.5,,,,0,0,0,,0,0,0,0,0,0.0,0,0,0,0,0,0,0.0,0.0,0,0,0,0,0,0,0,0,0,0,0,0,0,0,0,0,0,0,0,0,0,0,0,0,0,0,2,0
https://www.beko.com.tr/kahve-demleme-ekipmanlari/cekmeceli-kahve-atik-kutusu-mini-kahve-makinesi,Çekmeceli Kahve Atık Kutusu Mini Kahve Demleme Ekipmanları,5512.5,0,Kahve Demleme Ekipmanlari,Küçük Ev Aletleri,Kahve Makinesi,28.0,14.0,6.0,,0,0,0,,0,0,0,,,,,,,0,,,0,,0,0,0,0,0,0,0,0,0,,0,0,0,0,0,0,,,,0,0,0,,0,0,0,0,0,0,0,,,0,0,,0,0,0,0,0,0,0,0,0,0,0,,,0,0,0,,,0,,0,0,0,0,0,0,0,0,,,,,,,,0,0,,,,0,0,0,0,0,0,0,0,0,,,,0,0,,0,0,0,0,,,0,0,,,0,0,,0,0,0,0,0,0,0,0,,0,0,0,0,0,0,0,,,0,0,0,0,,0,,0,0,0,,,,0,0,0,0,,0,0,0,,,,,0,0,0,0,,0,,0,,0,0,0,0,0,,0,0,0,,,0,0,0,0,0,0,0,,0,0,,0,0,,0,0,0,,,,,0,0,0,0,,0,0,0,0,0,0,0,0,0,0,0,0,0,0,0,0,0,1.572,,,,,,,0,0,0,,0,0,0,0,0,0.0,0,0,0,0,0,0,0.0,0.0,0,0,0,0,0,0,0,0,0,0,0,0,0,0,0,0,0,0,0,0,0,0,0,0,0,0,2,0
https://www.beko.com.tr/espresso-makinesi/profitec-pro-go-kahve-makinesi-mavi-kahve-makinesi,Profitec Pro Go Kahve Makinesi Mavi Espresso Makinesi,56700.0,0,Espresso Makinesi,Küçük Ev Aletleri,Kahve Makinesi,38.1,21.0,36.0,,0,0,0,,0,0,0,,,,,,,0,,,0,,0,0,0,0,0,0,0,0,0,,0,0,0,0,0,0,,,,0,0,0,,0,0,0,0,0,0,0,,,0,0,,0,0,0,0,0,0,0,0,0,0,0,,,0,0,0,,,0,,0,0,0,0,0,0,0,0,,,,,,,,0,0,,,,0,0,0,0,0,0,0,0,0,,,,0,0,,0,0,0,0,,,0,0,,,0,0,,0,0,0,0,0,0,0,0,,0,0,0,0,0,0,0,,,0,0,0,0,9,0,0.0,0,0,0,,,,0,0,0,0,,0,0,0,,,,,0,0,0,0,,0,,0,,0,0,0,0,0,,0,0,0,,,0,0,0,0,0,0,0,,0,0,,0,0,,0,0,0,,,,,0,0,0,0,,0,0,0,0,0,0,0,1,0,0,0,1,0,0,0,0,0,12.9,,1200.0,2.8,,,,0,0,0,,0,0,0,0,0,0.0,0,0,0,0,0,0,0.0,0.0,0,0,0,0,0,0,0,0,0,0,0,0,0,0,0,0,0,0,0,0,0,0,0,0,0,0,2,0
https://www.beko.com.tr/espresso-makinesi/profitec-pro-go-kahve-makinesi-sari-kahve-makinesi,Profitec Pro Go Kahve Makinesi Sarı Espresso Makinesi,56700.0,0,Espresso Makinesi,Küçük Ev Aletleri,Kahve Makinesi,38.1,21.0,36.0,,0,0,0,,0,0,0,,,,,,,0,,,0,,0,0,0,0,0,0,0,0,0,,0,0,0,0,0,0,,,,0,0,0,,0,0,0,0,0,0,0,,,0,0,,0,0,0,0,0,0,0,0,0,0,0,,,0,0,0,,,0,,0,0,0,0,0,0,0,0,,,,,,,,0,0,,,,0,0,0,0,0,0,0,0,0,,,,0,0,,0,0,0,0,,,0,0,,,0,0,,0,0,0,0,0,0,0,0,,0,0,0,0,0,0,0,,,0,0,0,0,9,0,0.0,0,0,0,,,,0,0,0,0,,0,0,0,,,,,0,0,0,0,,0,,0,,0,0,0,0,0,,0,0,0,,,0,0,0,0,0,0,0,,0,0,,0,0,,0,0,0,,,,,0,0,0,0,,0,0,0,0,0,0,0,1,0,0,0,1,0,0,0,0,0,12.9,,1200.0,2.8,,,,0,0,0,,0,0,0,0,0,0.0,0,0,0,0,0,0,0.0,0.0,0,0,0,0,0,0,0,0,0,0,0,0,0,0,0,0,0,0,0,0,0,0,0,0,0,0,2,0
https://www.beko.com.tr/dondurma-makinesi/dm-5644-s-dondurma-makinesi,DM 5644 S CreamMix Dondurma Makinesi,9999.0,1,Dondurma Makinesi,Küçük Ev Aletleri,Dondurma Makinesi,23.0,39.0,35.0,,0,0,0,,0,0,0,,,,,,,0,,,0,,0,0,0,0,0,0,0,0,0,,0,0,0,0,0,0,,,,0,0,0,,0,0,0,0,0,0,0,,,0,0,,0,0,0,0,0,0,0,0,0,0,0,,,0,0,0,,,0,,0,0,0,0,0,0,0,0,,,,,,,,0,0,,,,0,0,0,0,0,0,0,0,0,,,,0,0,,0,0,0,0,,,0,0,,,0,0,,0,0,0,0,0,0,0,0,,0,0,0,0,0,0,0,,,0,0,0,0,,0,,0,0,0,,,,0,0,0,0,,0,0,0,,,,,0,0,0,0,,0,,0,,0,0,0,0,0,,0,0,0,,,0,0,0,0,0,0,0,,0,0,,0,0,,0,0,0,,,,,0,0,0,0,,0,0,0,0,0,0,0,0,0,0,0,0,0,0,0,0,0,,,,,,,,0,0,0,,0,0,0,0,0,0.0,0,0,0,0,0,0,0.0,0.0,0,0,0,0,0,0,0,0,0,0,0,0,0,0,0,0,0,0,0,0,0,0,0,0,0,0,2,0
https://www.beko.com.tr/tost-makinesi/tm-8946-i-crystal-pisirici,TM 8946 I Crystal Tost Makinesi,8899.0,68,Tost Makinesi,Küçük Ev Aletleri,Pişirici,33.5,41.0,12.0,,0,0,0,,0,0,0,,,,,,,0,,,0,,0,0,0,0,0,0,0,0,0,,0,0,0,0,0,0,,,,0,0,0,,0,0,0,0,0,0,0,,,0,0,,0,0,0,0,0,0,0,0,0,0,0,,1.0,0,0,0,,,0,,0,0,0,0,0,0,0,0,,,,,,,,0,0,,,,0,0,0,0,0,0,0,0,0,,,,0,0,,0,0,0,0,,,0,0,,,0,0,,0,0,0,0,0,0,0,0,,0,0,0,0,0,0,0,,,0,0,0,1,,0,,0,0,0,,,6.0,1,1,1,1,,0,0,0,,,,,0,0,0,0,,0,,0,,0,0,0,0,0,,0,0,0,,,0,0,0,0,0,0,0,,0,0,,0,0,,0,0,0,,,,,0,0,0,0,,0,0,0,0,0,0,0,0,1,0,0,0,0,0,0,0,0,4.659,,2000.0,,,,,0,0,0,,0,0,0,0,0,0.0,0,0,0,0,0,0,0.0,0.0,0,0,0,0,0,0,0,2,0,0,0,0,0,0,0,0,0,0,0,0,0,0,0,0,0,0,2,0
https://www.beko.com.tr/airfryer-az-yagli-fritoz/fr-8284-fitfry-pisirici,FR 8284 FitFry® Airfryer & Az Yağlı Fritöz,8959.0,82,Airfryer Az Yagli Fritoz,Küçük Ev Aletleri,Pişirici,36.0,41.0,31.0,,0,0,0,,0,0,0,,,,,,,0,,,0,,0,0,0,0,0,0,0,0,0,,0,0,0,0,0,0,,,,0,0,0,,0,0,0,0,0,0,0,,,0,0,,0,0,0,0,0,0,0,0,0,0,0,1.0,1.0,1,0,0,,,0,,0,0,0,0,0,0,0,0,,,,,,,,0,0,,,,0,0,0,0,0,0,0,0,0,,,,0,0,,0,0,0,0,,,0,0,,,0,0,,0,0,0,0,0,0,0,0,,0,0,0,0,0,0,0,,,0,0,0,0,,0,,0,0,0,,,,0,0,0,0,8.5,1,1,1,8.5,,,,0,0,0,0,,0,,0,,0,0,0,0,0,,0,0,0,,,0,0,0,0,0,0,0,,0,0,,0,0,,0,0,0,,,,,0,0,0,0,,0,0,0,0,0,0,0,0,0,0,0,0,0,0,0,0,0,4.8,,2400.0,,,,,1,0,0,,0,0,0,0,0,0.0,0,0,0,0,0,0,0.0,0.0,0,0,0,0,0,0,0,0,0,0,0,0,1,0,0,0,0,0,0,0,0,0,0,0,0,0,1,0
https://www.beko.com.tr/tost-makinesi/tm-2302-pisirici,TM 2302 Tost Makinesi,3949.0,7,Tost Makinesi,Küçük Ev Aletleri,Pişirici,25.1,23.0,10.0,,0,0,0,,0,0,0,,,,,,,0,,,0,,0,0,0,0,0,0,0,0,0,,0,0,0,0,0,0,,,,0,0,0,,0,0,0,0,0,0,0,,,0,0,,0,0,0,0,0,0,0,0,0,0,0,,,0,0,0,,,0,,0,0,0,0,0,0,0,0,,,,,,,,0,0,,,,0,0,0,0,0,0,0,0,0,,,,0,0,,0,0,0,0,,,0,0,,,0,0,,0,0,0,0,0,0,0,0,,0,0,0,0,0,0,0,,,0,0,0,1,,0,,0,0,0,,,,1,1,0,1,,0,0,0,,,,,0,0,0,0,,0,,0,,0,0,0,0,0,,0,0,0,,,0,0,0,0,0,0,0,,0,0,,0,0,,0,0,0,,,,,0,0,0,0,,0,0,0,0,0,0,0,1,0,0,0,0,0,0,0,0,0,1.78,,700.0,,,,,0,0,0,,0,0,0,0,0,0.0,0,0,0,0,0,0,0.0,0.0,0,0,0,0,0,0,0,1,0,0,0,0,0,0,0,0,0,0,0,0,0,0,0,0,0,0,2,0
https://www.beko.com.tr/airfryer-az-yagli-fritoz/fr-8374-beko-fitfry-steampro-pisirici,FR 8374 Beko FitFry® SteamPro® Airfryer & Az Yağlı Fritöz,10799.0,11,Airfryer Az Yagli Fritoz,Küçük Ev Aletleri,Pişirici,26.7,38.0,33.0,,0,0,0,,0,0,0,,,,,,,0,,,0,,0,0,0,0,0,0,0,0,0,,0,0,0,0,0,0,,,,0,0,0,,0,0,0,0,0,0,0,,,0,0,,0,0,0,0,0,0,0,0,0,0,0,1.0,1.0,1,0,0,,,0,,0,0,0,0,0,0,0,0,,,,,,,,0,0,,,,0,0,0,0,0,0,0,0,0,,,,0,0,,0,0,0,0,,,0,0,,,0,0,,0,0,0,0,0,0,0,0,,0,0,0,0,0,0,0,,,0,0,0,0,,0,,0,0,0,,,,0,0,0,0,7.0,1,1,1,7.0,,,,0,0,0,0,,0,,0,,0,0,0,0,0,,0,0,0,,,0,0,0,0,0,0,0,,0,0,,0,0,,0,0,0,,,,,0,0,0,0,,0,0,0,0,0,0,0,0,0,0,0,0,0,0,0,0,0,4.8,,2750.0,,,,,1,0,0,,0,0,0,0,0,0.0,0,0,0,0,0,0,0.0,0.0,0,0,0,0,0,0,0,0,0,0,0,0,1,0,0,0,0,0,0,0,0,0,0,0,0,0,1,0
https://www.beko.com.tr/airfryer-az-yagli-fritoz/fra-8494-fitfry-3in1-pisirici,FRA 8494 FitFry® 3in1 Airfryer & Az Yağlı Fritöz,9169.0,11,Airfryer Az Yagli Fritoz,Küçük Ev Aletleri,Pişirici,36.0,41.0,31.0,,0,0,0,,0,0,0,,,,,,,0,,,0,,0,0,0,0,0,0,0,0,0,,0,0,0,0,0,0,,,,0,0,0,,0,0,0,0,0,0,0,,,0,0,,0,0,0,0,0,0,0,0,0,0,0,1.0,1.0,1,1,0,,,0,,0,0,0,0,0,0,0,0,,,,,,,,0,0,,,,0,0,0,0,0,0,0,0,0,,,,0,0,,0,0,0,0,,,0,0,,,0,0,,0,0,0,0,0,0,0,0,,0,0,0,0,0,0,0,,,0,0,0,0,,0,,0,0,0,,,,0,0,0,0,9.5,1,1,1,9.5,,,,0,0,0,0,,0,,0,,0,0,0,0,0,,0,0,0,,,0,0,0,0,0,0,0,,0,0,,0,0,,0,0,0,,,,,0,0,0,0,,0,0,0,0,0,0,0,0,0,0,0,0,0,0,0,0,0,4.8,,2400.0,,,,,1,0,0,,0,0,0,0,0,0.0,0,0,0,0,0,0,0.0,0.0,0,0,0,0,0,0,0,0,0,0,0,0,1,0,0,0,0,0,0,0,0,0,0,0,0,0,1,0
https://www.beko.com.tr/akilli-mutfak-robotu/smc-8491-pisirici,SMC 8491 Akıllı Mutfak Robotu,33549.0,18,Akilli Mutfak Robotu,Küçük Ev Aletleri,Pişirici,45.0,32.0,36.0,,0,0,0,,0,0,0,,,,,,,0,,,0,3.5,0,0,0,0,0,0,0,0,0,,0,0,0,0,0,0,,,,0,0,0,,0,0,0,0,0,0,0,,,0,0,,0,0,0,0,0,0,0,0,0,0,0,,,0,0,0,,,0,,0,0,0,0,0,0,0,0,,,,,,,,0,0,,,,0,0,0,0,0,0,0,0,0,,,,0,0,,0,0,0,0,,,0,0,,,0,0,,0,0,0,0,0,0,0,0,,0,0,0,0,0,0,0,,,0,0,0,0,,0,,0,0,0,,,,0,0,0,0,,0,0,0,,,,,0,0,0,0,,0,,0,,0,0,0,0,0,,0,0,0,,,0,0,0,0,0,0,0,,0,0,,0,0,,0,0,0,,,,,0,0,0,0,,0,0,0,0,0,0,0,0,0,0,0,0,0,0,0,0,0,,,,,,,,0,23,0,,0,0,0,0,0,0.0,0,0,0,0,0,0,0.0,0.0,0,0,0,0,0,0,0,0,3,0,0,0,0,0,0,0,0,0,0,0,0,0,0,0,0,0,14,0
https://www.beko.com.tr/tost-makinesi/tm-5046-cb-floral-pisirici,TM 5046 CB Floral Tost Makinesi,9349.0,21,Tost Makinesi,Küçük Ev Aletleri,Pişirici,33.0,39.0,13.0,,0,0,0,,0,0,0,,,,,,,0,,,0,,0,0,0,0,0,0,0,0,0,,0,0,0,0,0,0,,,,0,0,0,,0,0,0,0,0,0,0,,,0,0,,0,0,0,0,0,0,0,0,0,0,0,,1.0,0,0,0,,,0,,0,0,0,0,0,0,0,0,,,,,,,,0,0,,,,0,0,0,0,0,0,0,0,0,,,,0,0,,0,0,0,0,,,0,0,,,0,0,,0,0,0,0,0,0,0,0,,0,0,0,0,0,0,0,,,0,0,0,1,,0,,0,0,0,,,6.0,1,1,1,1,,0,0,0,,,,,0,0,0,0,,0,,0,,0,0,0,0,0,,0,0,0,,,0,0,0,0,0,0,0,,0,0,,0,0,,0,0,0,,,,,0,0,0,0,,0,0,0,0,0,0,0,1,0,0,0,0,0,0,0,0,0,5.0,,2400.0,,,,,0,0,0,,0,0,0,0,0,0.0,0,0,0,0,0,0,0.0,0.0,0,0,0,0,0,0,0,2,0,0,0,0,0,0,0,0,0,0,0,0,0,0,0,0,0,0,2,0
https://www.beko.com.tr/tost-makinesi/tmw-5046-r-pisirici,TMW 5046 R Floral®2in1 & Waffle Makinesi Tost Makinesi,10549.0,2,Tost Makinesi,Küçük Ev Aletleri,Pişirici,33.0,39.0,13.0,,0,0,0,,0,0,0,,,,,,,0,,,0,,0,0,0,0,0,0,0,0,0,,0,0,0,0,0,0,,,,0,0,0,,0,0,0,0,0,0,0,,,0,0,,0,0,0,0,0,0,0,0,0,0,0,,1.0,0,0,0,,,0,,0,0,0,0,0,0,0,0,,,,,,,,0,0,,,,0,0,0,0,0,0,0,0,0,,,,0,0,,0,0,0,0,,,0,0,,,0,0,,0,0,0,0,0,0,0,0,,0,0,0,0,0,0,0,,,0,0,0,1,,0,,0,0,0,,,6.0,1,1,1,1,,0,0,0,,,,,0,0,0,0,,0,,0,,0,0,0,0,0,,0,0,0,,,0,0,0,0,0,0,0,,0,0,,0,0,,0,0,0,,,,,0,0,0,0,,0,0,0,0,0,0,0,0,0,0,1,0,0,1,0,0,0,5.0,,2400.0,,,,,0,0,0,,0,0,0,0,0,0.0,0,0,0,0,0,0,0.0,0.0,0,0,0,0,0,0,0,2,0,0,0,0,0,0,0,0,0,0,0,0,0,0,0,0,0,0,2,0
https://www.beko.com.tr/tost-makinesi/tm-5046-cw-floral-pisirici,TM 5046 CW Floral Tost Makinesi,9349.0,16,Tost Makinesi,Küçük Ev Aletleri,Pişirici,33.0,39.0,13.0,,0,0,0,,0,0,0,,,,,,,0,,,0,,0,0,0,0,0,0,0,0,0,,0,0,0,0,0,0,,,,0,0,0,,0,0,0,0,0,0,0,,,0,0,,0,0,0,0,0,0,0,0,0,0,0,,1.0,0,0,0,,,0,,0,0,0,0,0,0,0,0,,,,,,,,0,0,,,,0,0,0,0,0,0,0,0,0,,,,0,0,,0,0,0,0,,,0,0,,,0,0,,0,0,0,0,0,0,0,0,,0,0,0,0,0,0,0,,,0,0,0,1,,0,,0,0,0,,,6.0,1,1,1,1,,0,0,0,,,,,0,0,0,0,,0,,0,,0,0,0,0,0,,0,0,0,,,0,0,0,0,0,0,0,,0,0,,0,0,,0,0,0,,,,,0,0,0,0,,0,0,0,0,0,0,0,0,0,0,0,0,0,0,0,1,0,5.0,,2400.0,,,,,0,0,0,,0,0,0,0,0,0.0,0,0,0,0,0,0,0.0,0.0,0,0,0,0,0,0,0,2,0,0,0,0,0,0,0,0,0,0,0,0,0,0,0,0,0,0,2,0
https://www.beko.com.tr/cok-amacli-pisirici/mc-5056-i-expertchef-multi-cooker-pisirici,MC 5056 I ExpertChef® Çok Amaçlı Pişirici,7649.0,94,Cok Amacli Pisirici,Küçük Ev Aletleri,Pişirici,35.0,34.0,32.0,,0,0,0,,0,0,0,,,,,,,0,,,0,,0,0,0,0,0,0,0,0,0,,0,0,0,0,0,0,,,,0,0,0,,0,0,0,0,0,0,0,,,0,0,,0,0,0,0,0,0,0,0,0,0,0,1.0,1.0,1,1,1,,,0,,0,0,0,0,0,0,0,0,,,,,,,,0,0,,,,0,0,0,0,0,0,0,0,0,,,,0,0,,0,0,0,0,,,0,0,,,0,0,,0,0,0,0,0,0,0,0,,0,0,0,0,0,0,0,,,0,0,0,0,,0,,0,0,0,,,,0,0,0,0,,0,0,0,,,,,0,0,0,0,,0,,0,,0,0,0,0,0,,0,0,0,,,0,0,0,0,0,0,0,,0,0,,0,0,,0,0,0,,,,,0,0,0,0,,0,0,0,0,0,0,0,0,0,0,0,0,0,0,0,0,0,,,1100.0,,,,,1,10,0,,0,0,0,0,0,0.0,0,0,0,0,0,0,0.0,0.0,0,0,0,0,0,0,0,0,0,0,0,0,1,0,0,0,0,0,0,0,0,0,0,0,0,0,1,0
https://www.beko.com.tr/ekmek-kizartma-makinesi/ek-5120-i-pisirici,EK 5120 I Ekmek Kızartma Makinesi,2189.0,46,Ekmek Kizartma Makinesi,Küçük Ev Aletleri,Pişirici,17.7,32.0,20.0,,0,0,0,,0,0,0,,,,,,,0,,,0,,0,0,0,0,0,0,0,0,0,,0,0,0,0,0,0,,,,0,0,0,,0,0,0,0,0,0,0,,,0,0,,0,0,0,0,0,0,0,0,0,0,0,,,0,0,0,,,0,,0,0,0,0,0,0,0,0,,,,,,,,0,0,,,,0,0,0,0,0,0,0,0,0,,,,0,0,,0,0,0,0,,,0,0,,,0,0,,0,0,0,0,0,0,0,0,,0,0,0,0,0,0,0,,,0,0,0,1,,0,,0,0,0,,,2.0,0,0,0,0,,0,0,0,,,,,0,0,0,0,,0,,0,,0,0,0,0,0,,0,0,0,,,0,0,0,0,0,0,0,,0,0,,0,0,,0,0,0,,,,,0,0,0,0,,0,0,0,0,0,0,0,0,1,0,0,0,0,0,0,0,0,1.78,,850.0,,,,,0,1,0,,0,0,0,0,0,0.0,0,0,0,0,0,0,0.0,0.0,0,0,0,0,0,0,0,0,0,0,0,0,0,0,0,0,0,0,0,0,0,0,0,0,0,0,1,0
https://www.beko.com.tr/tost-makinesi/tmd-8546-c-pisirici,TMD 8546 C Tost Makinesi,8299.0,1,Tost Makinesi,Küçük Ev Aletleri,Pişirici,33.0,39.0,13.0,,0,0,0,,0,0,0,,,,,,,0,,,0,,0,0,0,0,0,0,0,0,0,,0,0,0,0,0,0,,,,0,0,0,,0,0,0,0,0,0,0,,,0,0,,0,0,0,0,0,0,0,0,0,0,0,,1.0,0,0,0,,,0,,0,0,0,0,0,0,0,0,,,,,,,,0,0,,,,0,0,0,0,0,0,0,0,0,,,,0,0,,0,0,0,0,,,0,0,,,0,0,,0,0,0,0,0,0,0,0,,0,0,0,0,0,0,0,,,0,0,0,1,,0,,0,0,0,,,6.0,1,1,1,1,,0,0,0,,,,,0,0,0,0,,0,,0,,0,0,0,0,0,,0,0,0,,,0,0,0,0,0,0,0,,0,0,,0,0,,0,0,0,,,,,0,0,0,0,,0,0,0,0,0,0,0,1,0,0,0,0,0,0,0,0,0,5.0,,2400.0,,,,,0,0,0,,0,0,0,0,0,0.0,0,0,0,0,0,0,0.0,0.0,0,0,0,0,0,0,0,1,0,0,0,0,0,0,0,0,0,0,0,0,0,0,0,0,0,0,2,0
https://www.beko.com.tr/tost-makinesi/tm-5206-g-pisirici,TM 5206 G Tost Makinesi,5139.0,88,Tost Makinesi,Küçük Ev Aletleri,Pişirici,35.0,40.0,14.0,,0,0,0,,0,0,0,,,,,,,0,,,0,,0,0,0,0,0,0,0,0,0,,0,0,0,0,0,0,,,,0,0,0,,0,0,0,0,0,0,0,,,0,0,,0,0,0,0,0,0,0,0,0,0,0,,1.0,0,0,0,,,0,,0,0,0,0,0,0,0,0,,,,,,,,0,0,,,,0,0,0,0,0,0,0,0,0,,,,0,0,,0,0,0,0,,,0,0,,,0,0,,0,0,0,0,0,0,0,0,,0,0,0,0,0,0,0,,,0,0,0,1,,0,,0,0,0,,,6.0,1,1,0,0,,0,0,0,,,,,0,0,0,0,,0,,0,,0,0,0,0,0,,0,0,0,,,0,0,0,0,0,0,0,,0,0,,0,0,,0,0,0,,,,,0,0,0,0,,0,0,0,0,0,0,0,0,1,0,0,0,0,0,0,0,0,4.5,,2000.0,,,,,0,0,0,,0,0,0,0,0,0.0,0,0,0,0,0,0,0.0,0.0,0,0,0,0,0,0,0,1,0,0,0,0,0,0,0,0,0,0,0,0,0,0,0,0,0,0,2,0
https://www.beko.com.tr/airfryer-az-yagli-fritoz/fra-5244-fitfry-pisirici,FRA 5244 FitFry® Airfryer & Az Yağlı Fritöz,4989.0,41,Airfryer Az Yagli Fritoz,Küçük Ev Aletleri,Pişirici,26.7,38.0,33.0,,0,0,0,,0,0,0,,,,,,,0,,,0,,0,0,0,0,0,0,0,0,0,,0,0,0,0,0,0,,,,0,0,0,,0,0,0,0,0,0,0,,,0,0,,0,0,0,0,0,0,0,0,0,0,0,1.0,1.0,0,1,0,,,0,,0,0,0,0,0,0,0,0,,,,,,,,0,0,,,,0,0,0,0,0,0,0,0,0,,,,0,0,,0,0,0,0,,,0,0,,,0,0,,0,0,0,0,0,0,0,0,,0,0,0,0,0,0,0,,,0,0,0,0,,0,,0,0,0,,,,0,0,0,0,3.9,1,1,1,4.7,,,,0,0,0,0,,0,,0,,0,0,0,0,0,,0,0,0,,,0,0,0,0,0,0,0,,0,0,,0,0,,0,0,0,,,,,0,0,0,0,,0,0,0,0,0,0,0,0,0,0,0,0,0,0,0,0,0,4.8,,1500.0,,,,,0,0,0,,0,0,0,0,0,0.0,0,0,0,0,0,0,0.0,0.0,0,0,0,0,0,0,0,0,0,0,0,0,1,0,0,0,0,0,0,0,0,0,0,0,0,0,2,0
https://www.beko.com.tr/airfryer-az-yagli-fritoz/fra-5364-s-fitfry-xxl-pisirici,FRA 5364 S FitFry® XXL Airfryer & Az Yağlı Fritöz,8609.0,46,Airfryer Az Yagli Fritoz,Küçük Ev Aletleri,Pişirici,31.6,38.0,31.0,,0,0,0,,0,0,0,,,,,,,0,,,0,,0,0,0,0,0,0,0,0,0,,0,0,0,0,0,0,,,,0,0,0,,0,0,0,0,0,0,0,,,0,0,,0,0,0,0,0,0,0,0,0,0,0,1.0,1.0,1,1,0,,,0,,0,0,0,0,0,0,0,0,,,,,,,,0,0,,,,0,0,0,0,0,0,0,0,0,,,,0,0,,0,0,0,0,,,0,0,,,0,0,,0,0,0,0,0,0,0,0,,0,0,0,0,0,0,0,,,0,0,0,0,,0,,0,0,0,,,,0,0,0,0,7.6,1,1,1,7.6,,,,0,0,0,0,,0,,0,,0,0,0,0,0,,0,0,0,,,0,0,0,0,0,0,0,,0,0,,0,0,,0,0,0,,,,,0,0,0,0,,0,0,0,0,0,0,0,0,0,0,0,0,0,0,0,0,0,4.8,,1750.0,,,,,1,0,0,,0,0,0,0,0,0.0,0,0,0,0,0,0,0.0,0.0,0,0,0,0,0,0,0,0,0,0,0,0,1,0,0,0,0,0,0,0,0,0,0,0,0,0,1,0
https://www.beko.com.tr/airfryer-az-yagli-fritoz/fra-5334-b-fitfry-pisirici,FRA 5334 B FitFry® Airfryer & Az Yağlı Fritöz,5099.0,24,Airfryer Az Yagli Fritoz,Küçük Ev Aletleri,Pişirici,34.5,28.0,34.0,,0,0,0,,0,0,0,,,,,,,0,,,0,,0,0,0,0,0,0,0,0,0,,0,0,0,0,0,0,,,,0,0,0,,0,0,0,0,0,0,0,,,0,0,,0,0,0,0,0,0,0,0,0,0,0,1.0,1.0,1,1,0,,,0,,0,0,0,0,0,0,0,0,,,,,,,,0,0,,,,0,0,0,0,0,0,0,0,0,,,,0,0,,0,0,0,0,,,0,0,,,0,0,,0,0,0,0,0,0,0,0,,0,0,0,0,0,0,0,,,0,0,0,0,,0,,0,0,0,,,,0,0,0,0,4.1,1,1,1,4.1,,,,0,0,0,0,,0,,0,,0,0,0,0,0,,0,0,0,,,0,0,0,0,0,0,0,,0,0,,0,0,,0,0,0,,,,,0,0,0,0,,0,0,0,0,0,0,0,0,0,0,0,0,0,0,0,0,0,4.8,,1550.0,,,,,1,0,0,,0,0,0,0,0,0.0,0,0,0,0,0,0,0.0,0.0,0,0,0,0,0,0,0,0,0,0,0,0,1,0,0,0,0,0,0,0,0,0,0,0,0,0,1,0
https://www.beko.com.tr/ekmek-kizartma-makinesi/tam-7321-i-pisirici,TAM 7321 I Ekmek Kızartma Makinesi,2499.0,17,Ekmek Kizartma Makinesi,Küçük Ev Aletleri,Pişirici,20.0,29.0,17.0,,0,0,0,,0,0,0,,,,,,,0,,,0,,0,0,0,0,0,0,0,0,0,,0,0,0,0,0,0,,,,0,0,0,,0,0,0,0,0,0,0,,,0,0,,0,0,0,0,0,0,0,0,0,0,0,,,0,0,0,,,0,,0,0,0,0,0,0,0,0,,,,,,,,0,0,,,,0,0,0,0,0,0,0,0,0,,,,0,0,,0,0,0,0,,,0,0,,,0,0,,0,0,0,0,0,0,0,0,,0,0,0,0,0,0,0,,,0,0,0,0,,0,,0,0,0,,,2.0,0,0,0,0,,0,0,0,,,,,0,0,0,0,,0,,0,,0,0,0,0,0,,0,0,0,,,0,0,0,0,0,0,0,,0,0,,0,0,,0,0,0,,,,,0,0,0,0,,0,0,0,0,0,0,0,0,1,0,0,0,0,0,0,0,0,1.56,,950.0,,,,,0,2,0,,0,0,0,0,0,0.0,0,0,0,0,0,0,0.0,0.0,0,0,0,0,0,0,0,0,0,0,0,0,0,0,0,0,0,0,0,0,0,0,0,0,0,0,1,0
https://www.beko.com.tr/tost-makinesi/tm-5306-s-pisirici,TM 5306 S Tost Makinesi,3899.0,23,Tost Makinesi,Küçük Ev Aletleri,Pişirici,35.0,40.0,14.0,,0,0,0,,0,0,0,,,,,,,0,,,0,,0,0,0,0,0,0,0,0,0,,0,0,0,0,0,0,,,,0,0,0,,0,0,0,0,0,0,0,,,0,0,,0,0,0,0,0,0,0,0,0,0,0,,1.0,0,0,0,,,0,,0,0,0,0,0,0,0,0,,,,,,,,0,0,,,,0,0,0,0,0,0,0,0,0,,,,0,0,,0,0,0,0,,,0,0,,,0,0,,0,0,0,0,0,0,0,0,,0,0,0,0,0,0,0,,,0,0,0,0,,0,,0,0,0,,,6.0,1,0,0,0,,0,0,0,,,,,0,0,0,0,,0,,0,,0,0,0,0,0,,0,0,0,,,0,0,0,0,0,0,0,,0,0,,0,0,,0,0,0,,,,,0,0,0,0,,0,0,0,0,0,0,0,1,0,0,0,0,0,0,0,0,0,4.5,,2000.0,,,,,0,0,0,,0,0,0,0,0,0.0,0,0,0,0,0,0,0.0,0.0,0,0,0,0,0,0,0,1,0,0,0,0,0,0,0,0,0,0,0,0,0,0,0,0,0,0,2,0
https://www.beko.com.tr/airfryer-az-yagli-fritoz/frl-5464-x-fitfry-xl-pisirici,FRL 5464 X FitFry® XL Airfryer & Az Yağlı Fritöz,4789.0,29,Airfryer Az Yagli Fritoz,Küçük Ev Aletleri,Pişirici,31.6,38.0,31.0,,0,0,0,,0,0,0,,,,,,,0,,,0,,0,0,0,0,0,0,0,0,0,,0,0,0,0,0,0,,,,0,0,0,,0,0,0,0,0,0,0,,,0,0,,0,0,0,0,0,0,0,0,0,0,0,1.0,1.0,1,1,0,,,0,,0,0,0,0,0,0,0,0,,,,,,,,0,0,,,,0,0,0,0,0,0,0,0,0,,,,0,0,,0,0,0,0,,,0,0,,,0,0,,0,0,0,0,0,0,0,0,,0,0,0,0,0,0,0,,,0,0,0,0,,0,,0,0,0,,,,0,0,0,0,6.8,1,1,1,6.8,,,,0,0,0,0,,0,,0,,0,0,0,0,0,,0,0,0,,,0,0,0,0,0,0,0,,0,0,,0,0,,0,0,0,,,,,0,0,0,0,,0,0,0,0,0,0,0,0,0,0,0,0,0,0,0,0,0,4.8,,1875.0,,,,,1,0,0,,0,0,0,0,0,0.0,0,0,0,0,0,0,0.0,0.0,0,0,0,0,0,0,0,0,0,0,0,0,1,0,0,0,0,0,0,0,0,0,0,0,0,0,2,0
https://www.beko.com.tr/ekmek-kizartma-makinesi/ek-5420-pisirici,EK 5420 Retro Ekmek Kızartma Makinesi,2199.0,2,Ekmek Kizartma Makinesi,Küçük Ev Aletleri,Pişirici,17.7,32.0,20.0,,0,0,0,,0,0,0,,,,,,,0,,,0,,0,0,0,0,0,0,0,0,0,,0,0,0,0,0,0,,,,0,0,0,,0,0,0,0,0,0,0,,,0,0,,0,0,0,0,0,0,0,0,0,0,0,,,0,0,0,,,0,,0,0,0,0,0,0,0,0,,,,,,,,0,0,,,,0,0,0,0,0,0,0,0,0,,,,0,0,,0,0,0,0,,,0,0,,,0,0,,0,0,0,0,0,0,0,0,,0,0,0,0,0,0,0,,,0,0,0,1,,0,,0,0,0,,,2.0,0,0,0,0,,0,0,0,,,,,0,0,0,0,,0,,0,,0,0,0,0,0,,0,0,0,,,0,0,0,0,0,0,0,,0,0,,0,0,,0,0,0,,,,,0,0,0,0,,0,0,0,0,0,0,0,0,1,0,0,0,0,0,0,0,0,1.78,,850.0,,,,,0,1,0,,0,0,0,0,0,0.0,0,0,0,0,0,0,0.0,0.0,0,0,0,0,0,0,0,0,0,0,0,0,0,0,0,0,0,0,0,0,0,0,0,0,0,0,1,0
https://www.beko.com.tr/ekmek-kizartma-makinesi/ek-5521-pisirici,EK 5521 Ekmek Kızartma Makinesi,3399.0,16,Ekmek Kizartma Makinesi,Küçük Ev Aletleri,Pişirici,17.7,32.0,20.0,,0,0,0,,0,0,0,,,,,,,0,,,0,,0,0,0,0,0,0,0,0,0,,0,0,0,0,0,0,,,,0,0,0,,0,0,0,0,0,0,0,,,0,0,,0,0,0,0,0,0,0,0,0,0,0,,,0,0,0,,,0,,0,0,0,0,0,0,0,0,,,,,,,,0,0,,,,0,0,0,0,0,0,0,0,0,,,,0,0,,0,0,0,0,,,0,0,,,0,0,,0,0,0,0,0,0,0,0,,0,0,0,0,0,0,0,,,0,0,0,1,,0,,0,0,0,,,2.0,0,0,0,0,,0,0,0,,,,,0,0,0,0,,0,,0,,0,0,0,0,0,,0,0,0,,,0,0,0,0,0,0,0,,0,0,,0,0,,0,0,0,,,,,0,0,0,0,,0,0,0,0,0,0,0,0,1,0,0,0,0,0,0,0,0,1.78,,950.0,,,,,0,1,0,,0,0,0,0,0,0.0,0,0,0,0,0,0,0.0,0.0,0,0,0,0,0,0,0,0,0,0,0,0,0,0,0,0,0,0,0,0,0,0,0,0,0,0,1,0
https://www.beko.com.tr/tost-makinesi/tm-5606-i-pisirici,TM 5606 I Tost Makinesi,3949.0,2,Tost Makinesi,Küçük Ev Aletleri,Pişirici,12.4,13.0,30.0,,0,0,0,,0,0,0,,,,,,,0,,,0,,0,0,0,0,0,0,0,0,0,,0,0,0,0,0,0,,,,0,0,0,,0,0,0,0,0,0,0,,,0,0,,0,0,0,0,0,0,0,0,0,0,0,,,0,0,0,,,0,,0,0,0,0,0,0,0,0,,,,,,,,0,0,,,,0,0,0,0,0,0,0,0,0,,,,0,0,,0,0,0,0,,,0,0,,,0,0,,0,0,0,0,0,0,0,0,,0,0,0,0,0,0,0,,,0,0,0,0,,0,,0,0,0,,,,0,0,0,0,,0,0,0,,,,,0,0,0,0,,0,,0,,0,0,0,0,0,,0,0,0,,,0,0,0,0,0,0,0,,0,0,,0,0,,0,0,0,,,,,0,0,0,0,,0,0,0,0,0,0,0,0,0,0,0,0,0,0,0,0,0,1.1,,,,,,,0,0,0,,0,0,0,0,0,0.0,0,0,0,0,0,0,0.0,0.0,0,0,0,0,0,0,0,0,0,0,0,0,0,0,0,0,0,0,0,0,0,0,0,0,0,0,2,0
https://www.beko.com.tr/tost-makinesi/tm-5046-cr-floral-pisirici,TM 5046 CR Floral Tost Makinesi,9349.0,24,Tost Makinesi,Küçük Ev Aletleri,Pişirici,33.0,39.0,13.0,,0,0,0,,0,0,0,,,,,,,0,,,0,,0,0,0,0,0,0,0,0,0,,0,0,0,0,0,0,,,,0,0,0,,0,0,0,0,0,0,0,,,0,0,,0,0,0,0,0,0,0,0,0,0,0,,1.0,0,0,0,,,0,,0,0,0,0,0,0,0,0,,,,,,,,0,0,,,,0,0,0,0,0,0,0,0,0,,,,0,0,,0,0,0,0,,,0,0,,,0,0,,0,0,0,0,0,0,0,0,,0,0,0,0,0,0,0,,,0,0,0,1,,0,,0,0,0,,,6.0,1,1,1,1,,0,0,0,,,,,0,0,0,0,,0,,0,,0,0,0,0,0,,0,0,0,,,0,0,0,0,0,0,0,,0,0,,0,0,,0,0,0,,,,,0,0,0,0,,0,0,0,0,0,0,0,0,0,0,1,0,0,1,0,0,0,5.0,,2400.0,,,,,0,0,0,,0,0,0,0,0,0.0,0,0,0,0,0,0,0.0,0.0,0,0,0,0,0,0,0,2,0,0,0,0,0,0,0,0,0,0,0,0,0,0,0,0,0,0,2,0
https://www.beko.com.tr/tost-makinesi/tm-8046-i-selection-pisirici,TM 8046 I Selection® Tost Makinesi,11949.0,51,Tost Makinesi,Küçük Ev Aletleri,Pişirici,34.0,45.0,15.0,,0,0,0,,0,0,0,,,,,,,0,,,0,,0,0,0,0,0,0,0,0,0,,0,0,0,0,0,0,,,,0,0,0,,0,0,0,0,0,0,0,,,0,0,,0,0,0,0,0,0,0,0,0,0,0,,1.0,0,0,0,,,0,,0,0,0,0,0,0,0,0,,,,,,,,0,0,,,,0,0,0,0,0,0,0,0,0,,,,0,0,,0,0,0,0,,,0,0,,,0,0,,0,0,0,0,0,0,0,0,,0,0,0,0,0,0,0,,,0,0,0,1,,0,,0,0,0,,,6.0,1,1,1,1,,0,0,0,,,,,0,0,0,0,,0,,0,,0,0,0,0,0,,0,0,0,,,0,0,0,0,0,0,0,,0,0,,0,0,,0,0,0,,,,,0,0,0,0,,0,0,0,0,0,0,0,0,1,0,0,0,0,0,0,0,0,6.15,,2400.0,,,,,1,0,0,,0,0,0,0,0,0.0,0,0,0,0,0,0,0.0,0.0,0,0,0,0,0,0,0,1,0,0,0,0,0,0,0,0,0,0,0,0,0,0,0,0,0,0,1,0
https://www.beko.com.tr/sac-duzlestirici/hs-7033-botanika-papatya-yag-terapisi-kisisel-bakim,HS 7033 Botanika Papatya Yağ Terapisi Saç Düzleştirici,1199.0,2,Sac Duzlestirici,Küçük Ev Aletleri,Kişisel Bakım,3.5,30.0,4.0,,0,0,0,,0,0,0,,,,,,,0,,,0,,0,0,0,0,0,0,0,0,0,,0,0,0,0,0,0,,,,0,0,0,,0,0,0,0,0,0,0,,,0,0,,0,0,0,0,0,0,0,0,0,0,0,,,0,1,0,,,0,,0,0,0,0,0,0,0,0,,,,,,,,0,0,,,,0,0,0,0,0,0,0,0,0,,,,0,0,,0,0,0,0,,,0,0,,,0,0,,0,0,0,0,0,0,0,0,,0,0,0,0,0,0,0,,,0,1,0,0,,0,,0,0,0,,1.8,,0,0,0,0,,0,0,0,,4.0,220,160,1,1,1,1,40,1,,0,,0,0,0,0,0,,0,0,0,,,0,0,0,0,0,0,0,,0,0,,0,0,,0,0,0,,,,,0,0,0,0,,0,0,0,0,0,0,0,0,0,0,0,0,0,0,0,0,0,0.38,,50.0,,,,,0,1,0,,0,0,0,0,0,0.0,0,0,0,0,0,0,0.0,0.0,0,0,0,0,0,0,0,0,0,0,0,0,0,0,0,0,0,0,0,0,0,0,0,0,0,0,1,0
https://www.beko.com.tr/sac-duzlestirici/hs-7032-botanika-lavanta-yag-terapisi-kisisel-bakim,HS 7032 Botanika Lavanta Yağ Terapisi Saç Düzleştirici,1199.0,5,Sac Duzlestirici,Küçük Ev Aletleri,Kişisel Bakım,3.5,30.0,4.0,,0,0,0,,0,0,0,,,,,,,0,,,0,,0,0,0,0,0,0,0,0,0,,0,0,0,0,0,0,,,,0,0,0,,0,0,0,0,0,0,0,,,0,0,,0,0,0,0,0,0,0,0,0,0,0,,,0,1,0,,,0,,0,0,0,0,0,0,0,0,,,,,,,,0,0,,,,0,0,0,0,0,0,0,0,0,,,,0,0,,0,0,0,0,,,0,0,,,0,0,,0,0,0,0,0,0,0,0,,0,0,0,0,0,0,0,,,0,1,0,0,,0,,0,0,0,,1.8,,0,0,0,0,,0,0,0,,4.0,220,160,1,1,1,1,40,1,,0,,0,0,0,0,0,,0,0,0,,,0,0,0,0,0,0,0,,0,0,,0,0,,0,0,0,,,,,0,0,0,0,,0,0,0,0,0,0,0,0,0,0,0,0,0,0,0,0,0,0.38,,50.0,,,,,0,1,0,,0,0,0,0,0,0.0,0,0,0,0,0,0,0.0,0.0,0,0,0,0,0,0,0,0,0,0,0,0,0,0,0,0,0,0,0,0,0,0,0,0,0,0,1,0
https://www.beko.com.tr/sac-duzlestirici/hs-7031-botanika-biberiye-yag-terapisi-kisisel-bakim,HS 7031 Botanika Biberiye Yağ Terapisi Saç Düzleştirici,1199.0,4,Sac Duzlestirici,Küçük Ev Aletleri,Kişisel Bakım,3.5,30.0,4.0,,0,0,0,,0,0,0,,,,,,,0,,,0,,0,0,0,0,0,0,0,0,0,,0,0,0,0,0,0,,,,0,0,0,,0,0,0,0,0,0,0,,,0,0,,0,0,0,0,0,0,0,0,0,0,0,,,0,1,0,,,0,,0,0,0,0,0,0,0,0,,,,,,,,0,0,,,,0,0,0,0,0,0,0,0,0,,,,0,0,,0,0,0,0,,,0,0,,,0,0,,0,0,0,0,0,0,0,0,,0,0,0,0,0,0,0,,,0,1,0,0,,0,,0,0,0,,1.8,,0,0,0,0,,0,0,0,,4.0,220,160,1,1,1,1,40,1,,0,,0,0,0,0,0,,0,0,0,,,0,0,0,0,0,0,0,,0,0,,0,0,,0,0,0,,,,,0,0,0,0,,0,0,0,0,0,0,0,0,0,0,0,0,0,0,0,0,0,0.38,,50.0,,,,,0,1,0,,0,0,0,0,0,0.0,0,0,0,0,0,0,0.0,0.0,0,0,0,0,0,0,0,0,0,0,0,0,0,0,0,0,0,0,0,0,0,0,0,0,0,0,1,0
https://www.beko.com.tr/sac-kurutma-makinesi/hd-8080-kisisel-bakim,HD 8080 Saç Kurutma Makinesi,3199.0,34,Sac Kurutma Makinesi,Beyaz Eşya,Kurutma Makinesi,9.0,21.0,28.0,,0,0,0,,0,0,0,,,,,,,0,,,0,,0,0,0,0,0,0,0,0,0,,0,0,0,0,0,0,,,,0,0,0,,0,0,0,0,0,0,0,,,0,0,,0,0,0,0,0,0,0,0,0,0,0,,,0,0,0,,,0,,0,0,0,0,0,0,0,0,,,,,,,,0,0,,,,0,0,0,0,0,0,0,0,0,,,,0,0,,0,0,0,0,,,0,0,,,0,0,,0,0,0,0,0,0,0,0,,0,0,0,0,0,0,0,,,0,0,0,0,,0,,0,0,0,,3.0,,0,0,0,0,,0,0,0,,,,,1,0,0,0,,0,2,1,1.0,1,1,1,1,1,3.0,1,1,1,,,0,0,0,0,0,0,0,,0,0,,0,0,,0,0,0,,,,,0,0,0,0,,0,0,0,0,0,0,0,1,0,0,1,0,0,1,0,0,0,,,2300.0,,,,,0,0,0,,0,0,0,0,0,0.0,0,0,0,0,1,0,0.0,0.0,0,0,0,0,0,0,0,0,0,0,0,0,0,0,0,0,0,0,0,0,0,0,0,0,0,0,2,0
https://www.beko.com.tr/sac-duzlestirici/hs-7080-kisisel-bakim,HS 7080 Saç Düzleştirici,3299.0,16,Sac Duzlestirici,Küçük Ev Aletleri,Kişisel Bakım,30.9,,6.0,,0,0,0,,0,0,0,,,,,,,0,,,0,,0,0,0,0,0,0,0,0,0,,0,0,0,0,0,0,,,,0,0,0,,0,0,0,0,0,0,0,,,0,0,,0,0,0,0,0,0,0,0,0,0,0,,,0,0,0,,,0,,0,0,0,0,0,0,0,0,,,,,,,,0,0,,,,0,0,0,0,0,0,0,0,0,,,,0,0,,0,0,0,0,,,0,0,,,0,0,,0,0,0,0,0,0,0,0,,0,0,0,0,0,0,0,,,0,0,0,0,,0,,0,0,0,,1.8,,0,0,0,0,,0,0,0,,2.0,,,1,1,0,0,,0,,0,,0,0,0,0,0,,0,0,0,,,0,0,0,0,0,0,0,,0,0,,0,0,,0,0,0,,,,,0,0,0,0,,0,0,0,0,0,0,0,1,0,0,0,0,0,0,0,0,0,0.4,,1000.0,,,,,0,0,0,,0,0,0,0,0,0.0,0,0,0,0,0,0,0.0,0.0,0,0,0,0,0,0,0,0,0,0,0,0,0,0,0,0,0,0,0,0,0,0,0,0,0,0,2,0
https://www.beko.com.tr/sac-kurutma-makinesi/hd-9980-ionica-red-kisisel-bakim,HD 9980 IONICA RED Saç Kurutma Makinesi,7999.0,3,Sac Kurutma Makinesi,Beyaz Eşya,Kurutma Makinesi,8.0,12.0,28.0,,0,0,0,,0,0,0,,,,,,,0,,,0,,0,0,0,0,0,0,0,0,0,,0,0,0,0,0,0,,,,0,0,0,,0,0,0,0,0,0,0,,,0,0,,0,0,0,0,0,0,0,0,0,0,0,,,0,0,0,,,0,,0,0,0,0,0,0,0,0,,,,,,,,0,0,,,,0,0,0,0,0,0,0,0,0,,,,0,0,,0,0,0,0,,,0,0,,,0,0,,0,0,0,0,0,0,0,0,,0,0,0,0,0,0,0,,,0,0,0,0,,0,,0,0,0,,10.0,,0,0,0,0,,0,0,0,,,,,1,0,0,0,,0,3,1,,1,1,1,1,1,5.0,0,1,1,,,0,0,0,0,0,0,0,,0,0,,0,0,,0,0,0,,,,,0,0,0,0,,0,0,0,0,0,0,0,0,0,0,0,0,1,0,0,0,0,,,1800.0,,,,,0,0,0,,0,0,0,0,0,0.0,0,0,0,0,3,0,0.0,0.0,0,0,0,0,0,0,0,0,0,0,0,0,0,0,0,0,0,0,0,0,0,0,0,0,0,0,2,0
https://www.beko.com.tr/sac-sakal-kesme-makineleri/mc-8030-kisisel-bakim,MC 8030 Saç Sakal Kesme Makineleri,1199.0,7,Sac Sakal Kesme Makineleri,Küçük Ev Aletleri,Kişisel Bakım,69.0,74.0,19.0,,0,0,0,,0,0,0,,,,,,,0,,,0,,0,0,0,0,0,0,0,0,0,,0,0,0,0,0,0,,,,0,0,0,,0,0,0,0,0,0,0,,,0,0,,0,0,0,0,0,0,0,0,0,0,0,,,0,0,0,,,0,,0,0,0,0,0,0,0,0,,,,,,,,0,0,,,,0,0,0,0,0,0,0,0,0,,,,0,0,,0,0,0,0,,,0,0,,,0,0,,0,0,0,0,0,0,0,0,,0,0,0,0,0,0,0,,,0,0,0,0,,0,,0,0,0,,,,0,0,0,0,,0,0,0,,,,,0,0,0,0,,1,,0,,0,0,0,0,0,,0,0,0,,,0,0,0,0,0,0,0,,0,0,,0,0,,0,0,0,,,,,0,0,0,0,,0,0,0,0,0,0,0,0,0,0,0,0,0,0,0,0,0,0.181,90.0,,,,,,0,0,0,,0,0,0,0,0,0.0,0,0,0,0,0,0,0.0,0.0,0,0,0,0,0,0,0,0,0,0,0,0,0,0,0,0,0,0,0,0,0,0,0,0,0,0,2,0
https://www.beko.com.tr/baskul/ps-7010-bt-kisisel-bakim,PS 7010 BT Baskül,1199.0,11,Baskul,Küçük Ev Aletleri,Kişisel Bakım,,31.0,25.0,,0,0,0,,0,0,0,,,,,,,0,,,0,,0,0,0,0,0,0,0,0,0,,0,0,0,0,0,0,,,,0,0,0,,0,0,0,0,0,0,0,,,0,0,,0,0,0,0,0,0,0,0,0,0,0,,,0,1,0,,,0,,0,0,0,0,0,0,0,0,,,,,,,,0,0,,,,0,0,0,0,0,0,0,0,0,,,,0,0,,0,0,0,0,,,0,0,,,0,0,,0,0,0,0,0,0,0,0,,0,0,0,0,0,0,0,,,0,0,0,0,,0,,0,0,0,,,,0,0,0,0,,0,0,0,,,,,0,0,0,0,,0,,0,,0,0,0,0,0,,0,0,0,,,0,0,0,0,0,0,0,,0,0,,0,0,,0,0,0,,,,,0,0,0,0,,0,0,0,0,0,0,0,0,0,0,0,0,0,0,0,0,0,,,,,,,,0,0,0,,0,0,0,0,0,0.0,0,0,0,0,0,0,0.0,0.0,0,0,0,0,0,0,0,0,0,0,0,0,0,0,0,0,0,2,0,0,0,0,0,0,0,0,2,0
https://www.beko.com.tr/baskul/ps-4111-kisisel-bakim,PS 4111 Baskül,899.0,4,Baskul,Küçük Ev Aletleri,Kişisel Bakım,,30.0,3.0,,0,0,0,,0,0,0,,,,,,,0,,,0,,0,0,0,0,0,0,0,0,0,,0,0,0,0,0,0,,,,0,0,0,,0,0,0,0,0,0,0,,,0,0,,0,0,0,0,0,0,0,0,0,0,0,,,0,1,0,,,0,,0,0,0,0,0,0,0,0,,,,,,,,0,0,,,,0,0,0,0,0,0,0,0,0,,,,0,0,,0,0,0,0,,,0,0,,,0,0,,0,0,0,0,0,0,0,0,,0,0,0,0,0,0,0,,,0,0,0,0,,0,,0,0,0,,,,0,0,0,0,,0,0,0,,,,,0,0,0,0,,0,,0,,0,0,0,0,0,,0,0,0,,,0,0,0,0,0,0,0,,0,0,,0,0,,0,0,0,,,,,0,0,0,0,,0,0,0,0,0,0,0,0,0,0,0,0,0,0,0,0,0,,,,,,,,0,0,0,,0,0,0,0,0,0.0,0,0,0,0,0,0,0.0,0.0,0,0,0,0,0,0,0,0,0,0,0,0,0,0,0,0,0,0,0,0,0,0,0,0,0,0,2,0
https://www.beko.com.tr/sac-sakal-kesme-makineleri/mc-9030-kisisel-bakim,MC 9030 Saç Sakal Kesme Makineleri,1399.0,7,Sac Sakal Kesme Makineleri,Küçük Ev Aletleri,Kişisel Bakım,6.9,7.0,19.0,,0,0,0,,0,0,0,,,,,,,0,,,0,,0,0,0,0,0,0,0,0,0,,0,0,0,0,0,0,,,,0,0,0,,0,0,0,0,0,0,0,,,0,0,,0,0,0,0,0,0,0,0,0,0,0,,,0,0,0,,,0,,0,0,0,0,0,0,0,0,,,,,,,,0,0,,,,0,0,0,0,0,0,0,0,0,,,,0,0,,0,0,0,0,,,0,0,,,0,0,,0,0,0,0,0,0,0,0,,0,0,0,0,0,0,0,,,0,0,0,0,,0,,0,0,0,,,,0,0,0,0,,0,0,0,,,,,0,0,0,0,,1,,0,,0,0,0,0,0,,0,0,0,,,0,0,0,0,0,0,0,,0,0,,0,0,,0,0,0,,,,,0,0,0,0,,0,0,0,0,0,0,0,0,0,0,0,0,0,0,0,0,0,0.189,90.0,,,,,,0,0,0,,0,0,0,0,0,0.0,0,0,0,0,0,0,0.0,0.0,0,0,0,0,0,0,0,0,0,0,0,0,0,0,0,0,0,0,0,0,0,0,0,0,0,0,2,0
https://www.beko.com.tr/sac-sakal-kesme-makineleri/mgk-9030-kisisel-bakim,MGK 9030 Saç Sakal Kesme Makineleri,1799.0,22,Sac Sakal Kesme Makineleri,Küçük Ev Aletleri,Kişisel Bakım,6.9,18.0,7.0,,0,0,0,,0,0,0,,,,,,,0,,,0,,0,0,0,0,0,0,0,0,0,,0,0,0,0,0,0,,,,0,0,0,,0,0,0,0,0,0,0,,,0,0,,0,0,0,0,0,0,0,0,0,0,0,,,0,0,0,,,0,,0,0,0,0,0,0,0,0,,,,,,,,0,0,,,,0,0,0,0,0,0,0,0,0,,,,0,0,,0,0,0,0,,,0,0,,,0,0,,0,0,0,0,0,0,0,0,,0,0,0,0,0,0,0,,,0,0,0,0,,0,,0,0,0,,,,0,0,0,0,,0,0,0,,,,,0,0,0,0,,0,,0,,0,0,0,0,0,,0,0,0,,,0,0,0,0,0,0,0,,0,0,,0,0,,0,0,0,,,,,0,0,0,0,,0,0,0,0,0,0,0,1,0,0,0,0,0,0,0,0,0,0.46,90.0,,,,,,0,0,0,,0,0,0,0,0,0.0,0,0,0,0,0,0,0.0,0.0,0,0,0,0,0,0,0,0,0,0,0,0,0,0,0,0,0,0,0,0,0,0,0,0,0,0,2,0
https://www.beko.com.tr/sac-duzlestirici/hb-7150-kisisel-bakim,HB 7150 Saç Düzleştirici,1299.0,7,Sac Duzlestirici,Küçük Ev Aletleri,Kişisel Bakım,5.5,8.0,28.0,,0,0,0,,0,0,0,,,,,,,0,,,0,,0,0,0,0,0,0,0,0,0,,0,0,0,0,0,0,,,,0,0,0,,0,0,0,0,0,0,0,,,0,0,,0,0,0,0,0,0,0,0,0,0,0,,,0,0,0,,,0,,0,0,0,0,0,0,0,0,,,,,,,,0,0,,,,0,0,0,0,0,0,0,0,0,,,,0,0,,0,0,0,0,,,0,0,,,0,0,,0,0,0,0,0,0,0,0,,0,0,0,0,0,0,0,,,0,1,0,0,,0,,0,0,0,,1.8,,0,0,0,0,,0,0,0,,,210,130,1,0,0,0,,0,,0,,0,0,0,0,0,,0,0,0,,,0,0,0,0,0,0,0,,0,0,,0,0,,0,0,0,,,,,0,0,0,0,,0,0,0,0,0,0,0,0,0,0,0,0,0,0,0,0,0,0.468,,,,,,,0,0,0,,0,0,0,0,0,0.0,0,0,0,0,0,0,0.0,0.0,0,0,0,0,0,0,0,0,0,0,0,0,0,0,0,0,0,0,0,0,0,0,0,0,0,0,2,0
https://www.beko.com.tr/tiras-makineleri/ms-9130-kisisel-bakim,MS 9130 Tıraş Makineleri,1699.0,3,Tiras Makineleri,Küçük Ev Aletleri,Kişisel Bakım,17.0,,6.0,,0,0,0,,0,0,0,,,,,,,0,,,0,,0,0,0,0,0,0,0,0,0,,0,0,0,0,0,0,,,,0,0,0,,0,0,0,0,0,0,0,,,0,0,,0,0,0,0,0,0,0,0,0,0,0,,,0,0,0,,,0,,0,0,0,0,0,0,0,0,,,,,,,,0,0,,,,0,0,0,0,0,0,0,0,0,,,,0,0,,0,0,0,0,,,0,0,,,0,0,,0,0,0,0,0,0,0,0,,0,0,0,0,0,0,0,,,0,0,0,0,,0,,0,0,0,,,,0,0,0,0,,0,0,0,,,,,0,0,0,0,,0,,0,,0,0,0,0,0,,0,0,0,,,0,0,0,0,0,0,0,,0,0,,0,0,,0,0,0,,,,,0,0,0,0,,0,0,0,0,0,0,0,0,1,0,0,0,0,0,0,0,0,0.29,60.0,,,,,,0,0,0,,0,0,0,0,0,0.0,0,0,0,0,0,0,0.0,0.0,0,0,0,0,0,0,0,0,0,0,0,0,0,0,0,0,0,0,0,0,0,0,0,0,0,0,2,0
https://www.beko.com.tr/sac-duzlestirici/hs-5331-kisisel-bakim,HS 5331 Saç Düzleştirici,1299.0,1,Sac Duzlestirici,Küçük Ev Aletleri,Kişisel Bakım,27.5,6.0,4.0,,0,0,0,,0,0,0,,,,,,,0,,,0,,0,0,0,0,0,0,0,0,0,,0,0,0,0,0,0,,,,0,0,0,,0,0,0,0,0,0,0,,,0,0,,0,0,0,0,0,0,0,0,0,0,0,,,0,1,0,,,0,,0,0,0,0,0,0,0,0,,,,,,,,0,0,,,,0,0,0,0,0,0,0,0,0,,,,0,0,,0,0,0,0,,,0,0,,,0,0,,0,0,0,0,0,0,0,0,,0,0,0,0,0,0,0,,,0,1,0,0,,0,,0,0,0,,1.8,,0,0,0,0,,0,0,0,,6.0,220,120,1,0,1,1,60,0,,0,,0,0,0,0,0,,0,0,0,,,0,0,0,0,0,0,0,,0,0,,0,0,,0,0,0,,,,,0,0,0,0,,0,0,0,0,0,0,0,0,0,0,0,0,0,0,0,0,0,0.5,,55.0,,,,,0,1,0,,0,0,0,0,0,0.0,0,0,0,0,0,0,0.0,0.0,0,0,0,0,0,0,0,0,0,0,0,0,0,0,0,0,0,0,0,0,0,0,0,0,0,0,1,0
https://www.beko.com.tr/sac-kurutma-makinesi/hd-2261-kisisel-bakim,HD 2261 Saç Kurutma Makinesi,2899.0,4,Sac Kurutma Makinesi,Beyaz Eşya,Kurutma Makinesi,8.0,18.0,23.0,,0,0,0,,0,0,0,,,,,,,0,,,0,,0,0,0,0,0,0,0,0,0,,0,0,0,0,0,0,,,,0,0,0,,0,0,0,0,0,0,0,,,0,0,,0,0,0,0,0,0,0,0,0,0,0,,,0,0,0,,,0,,0,0,0,0,0,0,0,0,,,,,,,,0,0,,,,0,0,0,0,0,0,0,0,0,,,,0,0,,0,0,0,0,,,0,0,,,0,0,,0,0,0,0,0,0,0,0,,0,0,0,0,0,0,0,,,0,0,0,0,,0,,0,0,0,,,,0,0,0,0,,0,0,0,,,,,0,0,0,0,,0,2,0,0.0,0,1,0,0,0,3.0,1,0,0,,,0,0,0,0,0,0,0,,0,0,,0,0,,0,0,0,,,,,0,0,0,0,,0,0,0,0,0,0,0,0,0,1,0,0,0,0,1,0,0,,,1600.0,,,,,0,0,0,,0,0,0,0,0,0.0,0,0,0,0,2,0,0.0,0.0,0,0,0,0,0,0,0,0,0,0,0,0,0,0,0,0,0,0,0,0,0,0,0,0,0,0,2,0
https://www.beko.com.tr/sac-kurutma-makinesi/hd-8381-kisisel-bakim,HD 8381 Saç Kurutma Makinesi,3399.0,13,Sac Kurutma Makinesi,Beyaz Eşya,Kurutma Makinesi,8.0,22.0,28.0,,0,0,0,,0,0,0,,,,,,,0,,,0,,0,0,0,0,0,0,0,0,0,,0,0,0,0,0,0,,,,0,0,0,,0,0,0,0,0,0,0,,,0,0,,0,0,0,0,0,0,0,0,0,0,0,,,0,0,0,,,0,,0,0,0,0,0,0,0,0,,,,,,,,0,0,,,,0,0,0,0,0,0,0,0,0,,,,0,0,,0,0,0,0,,,0,0,,,0,0,,0,0,0,0,0,0,0,0,,0,0,0,0,0,0,0,,,0,0,0,0,,0,,0,0,0,,,,0,0,0,0,,0,0,0,,,,,1,0,0,0,,0,2,0,,1,1,1,1,1,3.0,1,1,0,,,0,0,0,0,0,0,0,,0,0,,0,0,,0,0,0,,,,,0,0,0,0,,0,0,0,0,0,0,0,1,0,0,0,0,0,1,0,0,0,,,2400.0,,,,,0,0,0,,0,0,0,0,0,0.0,0,0,0,0,1,0,0.0,0.0,0,0,0,0,0,0,0,0,0,0,0,0,0,0,0,0,0,0,0,0,0,0,0,0,0,0,2,0
https://www.beko.com.tr/sac-kurutma-makinesi/hd-6080-b-kisisel-bakim,HD 6080 B Saç Kurutma Makinesi,2699.0,12,Sac Kurutma Makinesi,Beyaz Eşya,Kurutma Makinesi,9.0,22.0,23.0,,0,0,0,,0,0,0,,,,,,,0,,,0,,0,0,0,0,0,0,0,0,0,,0,0,0,0,0,0,,,,0,0,0,,0,0,0,0,0,0,0,,,0,0,,0,0,0,0,0,0,0,0,0,0,0,,,0,0,0,,,0,,0,0,0,0,0,0,0,0,,,,,,,,0,0,,,,0,0,0,0,0,0,0,0,0,,,,0,0,,0,0,0,0,,,0,0,,,0,0,,0,0,0,0,0,0,0,0,,0,0,0,0,0,0,0,,,0,0,0,0,,0,,0,0,0,,,,0,0,0,0,,0,0,0,,,,,1,0,0,0,,0,2,0,,1,1,1,0,1,3.0,1,1,0,,,0,0,0,0,0,0,0,,0,0,,0,0,,0,0,0,,,,,0,0,0,0,,0,0,0,0,0,0,0,1,1,0,0,0,0,0,0,0,0,,,2200.0,,,,,0,0,0,,0,0,0,0,0,0.0,0,0,0,0,2,0,0.0,0.0,0,0,0,0,0,0,0,0,0,0,0,0,0,0,0,0,0,0,0,0,0,0,0,0,0,0,2,0
https://www.beko.com.tr/sac-duzlestirici/hs-8330-kisisel-bakim,HS 8330 Saç Düzleştirici,1699.0,4,Sac Duzlestirici,Küçük Ev Aletleri,Kişisel Bakım,3.5,30.0,4.0,,0,0,0,,0,0,0,,,,,,,0,,,0,,0,0,0,0,0,0,0,0,0,,0,0,0,0,0,0,,,,0,0,0,,0,0,0,0,0,0,0,,,0,0,,0,0,0,0,0,0,0,0,0,0,0,,,0,0,0,,,0,,0,0,0,0,0,0,0,0,,,,,,,,0,0,,,,0,0,0,0,0,0,0,0,0,,,,0,0,,0,0,0,0,,,0,0,,,0,0,,0,0,0,0,0,0,0,0,,0,0,0,0,0,0,0,,,0,1,0,0,,0,,0,0,0,,,,0,0,0,0,,0,0,0,,4.0,210,150,0,0,1,1,,1,,0,,0,0,0,0,0,,0,0,0,,,0,0,0,0,0,0,0,,0,0,,0,0,,0,0,0,,,,,0,0,0,0,,0,0,0,0,0,0,0,0,0,0,0,0,0,0,0,0,0,0.5,,,,,,,0,0,0,,0,0,0,0,0,0.0,0,0,0,0,0,0,0.0,0.0,0,0,0,0,0,0,0,0,0,0,0,0,0,0,0,0,0,0,0,0,0,0,0,0,0,0,2,0
https://www.beko.com.tr/sac-sakal-kesme-makineleri/mt-3810-kisisel-bakim,MT 3810 Saç Sakal Kesme Makineleri,599.0,7,Sac Sakal Kesme Makineleri,Küçük Ev Aletleri,Kişisel Bakım,2.5,16.0,3.0,,0,0,0,,0,0,0,,,,,,,0,,,0,,0,0,0,0,0,0,0,0,0,,0,0,0,0,0,0,,,,0,0,0,,0,0,0,0,0,0,0,,,0,0,,0,0,0,0,0,0,0,0,0,0,0,,,0,0,0,,,0,,0,0,0,0,0,0,0,0,,,,,,,,0,0,,,,0,0,0,0,0,0,0,0,0,,,,0,0,,0,0,0,0,,,0,0,,,0,0,,0,0,0,0,0,0,0,0,,0,0,0,0,0,0,0,,,0,0,0,0,,0,,0,0,0,,,,0,0,0,0,,0,0,0,,,,,0,0,0,0,,0,,0,,0,0,0,0,0,,0,0,0,,,0,0,0,0,0,0,0,,0,0,,0,0,,0,0,0,,,,,0,0,0,0,,0,0,0,0,0,0,0,0,0,0,0,0,0,0,0,0,0,0.108,,,,,,,0,0,0,,0,0,0,0,0,0.0,0,0,0,0,0,0,0.0,0.0,0,0,0,0,0,0,0,0,0,0,0,0,0,0,0,0,0,0,0,0,0,0,0,0,0,0,2,0
https://www.beko.com.tr/sac-duzlestirici/hs-4330-kisisel-bakim,HS 4330 Saç Düzleştirici,1399.0,4,Sac Duzlestirici,Küçük Ev Aletleri,Kişisel Bakım,5.0,34.0,7.0,,0,0,0,,0,0,0,,,,,,,0,,,0,,0,0,0,0,0,0,0,0,0,,0,0,0,0,0,0,,,,0,0,0,,0,0,0,0,0,0,0,,,0,0,,0,0,0,0,0,0,0,0,0,0,0,,,0,0,0,,,0,,0,0,0,0,0,0,0,0,,,,,,,,0,0,,,,0,0,0,0,0,0,0,0,0,,,,0,0,,0,0,0,0,,,0,0,,,0,0,,0,0,0,0,0,0,0,0,,0,0,0,0,0,0,0,,,0,0,0,0,,0,,0,0,0,,,,0,0,0,0,,0,0,0,,,200,100,0,0,0,0,,0,,0,,0,0,0,0,0,,0,0,0,,,0,0,0,0,0,0,0,,0,0,,0,0,,0,0,0,,,,,0,0,0,0,,0,0,0,0,0,0,0,0,0,0,0,0,0,0,0,0,0,0.5,,,,,,,0,0,0,,0,0,0,0,0,0.0,0,0,0,0,0,0,0.0,0.0,0,0,0,0,0,0,0,0,0,0,0,0,0,0,0,0,0,0,0,0,0,0,0,0,0,0,2,0
https://www.beko.com.tr/sac-kurutma-makinesi/hd-8560-kisisel-bakim,HD 8560 Saç Kurutma Makinesi,3199.0,4,Sac Kurutma Makinesi,Beyaz Eşya,Kurutma Makinesi,9.0,,21.0,,0,0,0,,0,0,0,,,,,,,0,,,0,,0,0,0,0,0,0,0,0,0,,0,0,0,0,0,0,,,,0,0,0,,0,0,0,0,0,0,0,,,0,0,,0,0,0,0,0,0,0,0,0,0,0,,,0,0,0,,,0,,0,0,0,0,0,0,0,0,,,,,,,,0,0,,,,0,0,0,0,0,0,0,0,0,,,,0,0,,0,0,0,0,,,0,0,,,0,0,,0,0,0,0,0,0,0,0,,0,0,0,0,0,0,0,,,0,0,0,0,,0,,0,0,0,,,,0,0,0,0,,0,0,0,,,,,1,0,0,0,,0,2,0,1.0,1,1,1,1,1,3.0,1,1,0,,,0,0,0,0,0,0,0,,0,0,,0,0,,0,0,0,,,,,0,0,0,0,,0,0,0,0,0,0,0,1,1,0,0,0,0,0,0,0,0,,,1800.0,,,,,0,0,0,,0,0,0,0,0,0.0,0,0,0,0,3,0,0.0,0.0,0,0,0,0,0,0,0,0,0,0,0,0,0,0,0,0,0,0,0,0,0,0,0,0,0,0,2,0
https://www.beko.com.tr/sac-kurutma-makinesi/hd-8460-kisisel-bakim,HD 8460 Saç Kurutma Makinesi,3499.0,14,Sac Kurutma Makinesi,Beyaz Eşya,Kurutma Makinesi,9.0,,21.0,,0,0,0,,0,0,0,,,,,,,0,,,0,,0,0,0,0,0,0,0,0,0,,0,0,0,0,0,0,,,,0,0,0,,0,0,0,0,0,0,0,,,0,0,,0,0,0,0,0,0,0,0,0,0,0,,,0,0,0,,,0,,0,0,0,0,0,0,0,0,,,,,,,,0,0,,,,0,0,0,0,0,0,0,0,0,,,,0,0,,0,0,0,0,,,0,0,,,0,0,,0,0,0,0,0,0,0,0,,0,0,0,0,0,0,0,,,0,0,0,0,,0,,0,0,0,,,,0,0,0,0,,0,0,0,,,,,1,0,0,0,,0,2,1,1.0,1,1,1,1,1,3.0,1,1,1,,,0,0,0,0,0,0,0,,0,0,,0,0,,0,0,0,,,,,0,0,0,0,,0,0,0,0,0,0,0,1,1,0,0,0,0,0,0,0,0,,,1600.0,,,,,0,0,0,,0,0,0,0,0,0.0,0,0,0,0,3,0,0.0,0.0,0,0,0,0,0,0,0,0,0,0,0,0,0,0,0,0,0,0,0,0,0,0,0,0,0,0,2,0
https://www.beko.com.tr/sac-masasi/hs-9320-kisisel-bakim,Grundig Elementa Ignis Saç Maşası,4599.0,5,Sac Masasi,Küçük Ev Aletleri,Kişisel Bakım,33.5,3.0,7.0,,0,0,0,,0,0,0,,,,,,,0,,,0,,0,0,0,0,0,0,0,0,0,,0,0,0,0,0,0,,,,0,0,0,,0,0,0,0,0,0,0,,,0,0,,0,0,0,0,0,0,0,0,0,0,0,,4.0,0,0,0,,,0,,0,0,0,0,0,0,0,0,,,,,,,,0,0,,,,0,0,0,0,0,0,0,0,0,,,,0,0,,0,0,0,0,,,0,0,,,0,0,,0,0,0,0,0,0,0,0,,0,0,0,0,0,0,0,,,0,1,0,0,,0,,0,0,0,,2.0,,0,0,0,0,,0,0,0,,,220,120,1,0,0,1,,0,,0,,0,0,0,0,0,,0,0,0,,,0,0,0,0,0,0,0,,0,0,,0,0,,0,0,0,,,,,0,0,0,0,,0,0,0,0,0,0,0,0,1,0,0,0,0,0,0,0,0,0.6,,,,,,,0,0,0,,0,0,0,0,0,0.0,0,0,0,0,0,0,0.0,0.0,0,0,0,0,0,0,0,0,0,0,0,0,0,0,0,0,0,0,0,0,0,0,0,0,0,0,2,0
https://www.beko.com.tr/sac-duzlestirici/hs-9330-kisisel-bakim,Grundig Elementa Aqua Saç Düzleştirici,3399.0,2,Sac Duzlestirici,Küçük Ev Aletleri,Kişisel Bakım,3.5,30.0,4.0,,0,0,0,,0,0,0,,,,,,,0,,,0,,0,0,0,0,0,0,0,0,0,,0,0,0,0,0,0,,,,0,0,0,,0,0,0,0,0,0,0,,,0,0,,0,0,0,0,0,0,0,0,0,0,0,,,0,0,0,,,0,,0,0,0,0,0,0,0,0,,,,,,,,0,0,,,,0,0,0,0,0,0,0,0,0,,,,0,0,,0,0,0,0,,,0,0,,,0,0,,0,0,0,0,0,0,0,0,,0,0,0,0,0,0,0,,,0,1,0,0,,0,,0,0,0,,2.0,,0,0,0,0,,0,0,0,,6.0,220,120,1,1,0,1,30,1,,0,,0,0,0,0,0,,0,0,0,,,0,0,0,0,0,0,0,,0,0,,0,0,,0,0,0,,,,,0,0,0,0,,0,0,0,0,0,0,0,0,0,0,0,0,0,0,0,0,0,0.35,,,,,,,0,0,0,,0,0,0,0,0,0.0,0,0,0,0,0,0,0.0,0.0,0,0,0,0,0,0,0,0,0,0,0,0,0,0,0,0,0,0,0,0,0,0,0,0,0,0,2,0
https://www.beko.com.tr/sac-duzlestirici/hb-9350-kisisel-bakim,Grundig Elementa Terra Saç Düzleştirici,2899.0,0,Sac Duzlestirici,Küçük Ev Aletleri,Kişisel Bakım,,,,,0,0,0,,0,0,0,,,,,,,0,,,0,,0,0,0,0,0,0,0,0,0,,0,0,0,0,0,0,,,,0,0,0,,0,0,0,0,0,0,0,,,0,0,,0,0,0,0,0,0,0,0,0,0,0,,,0,0,0,,,0,,0,0,0,0,0,0,0,0,,,,,,,,0,0,,,,0,0,0,0,0,0,0,0,0,,,,0,0,,0,0,0,0,,,0,0,,,0,0,,0,0,0,0,0,0,0,0,,0,0,0,0,0,0,0,,,0,1,0,0,,0,,0,0,0,,2.0,,0,0,0,0,,0,0,0,,,220,120,1,0,0,1,,0,,0,,0,0,0,0,0,,0,0,0,,,0,0,0,0,0,0,0,,0,0,,0,0,,0,0,0,,,,,0,0,0,0,,0,0,0,0,0,0,0,0,0,0,0,0,0,0,0,0,0,0.35,,,,,,,0,0,0,,0,0,0,0,0,0.0,0,0,0,0,0,0,0.0,0.0,0,0,0,0,0,0,0,0,0,0,0,0,0,0,0,0,0,0,0,0,0,0,0,0,0,0,2,0
https://www.beko.com.tr/sac-kurutma-makinesi/hd-9380-kisisel-bakim,Grundig Elementa Aer Saç Kurutma Makinesi,6399.0,9,Sac Kurutma Makinesi,Beyaz Eşya,Kurutma Makinesi,9.0,,22.0,,0,0,0,,0,0,0,,,,,,,0,,,0,,0,0,0,0,0,0,0,0,0,,0,0,0,0,0,0,,,,0,0,0,,0,0,0,0,0,0,0,,,0,0,,0,0,0,0,0,0,0,0,0,0,0,,,0,0,0,,,0,,0,0,0,0,0,0,0,0,,,,,,,,0,0,,,,0,0,0,0,0,0,0,0,0,,,,0,0,,0,0,0,0,,,0,0,,,0,0,,0,0,0,0,0,0,0,0,,0,0,0,0,0,0,0,,,0,0,0,0,,0,,0,0,0,,2.0,,0,0,0,0,,0,0,0,,,,,1,0,0,0,,0,3,1,,0,1,1,0,0,3.0,0,1,1,,,0,0,0,0,0,0,0,,0,0,,0,0,,0,0,0,,,,,0,0,0,0,,0,0,0,0,0,0,0,1,1,0,0,0,0,0,0,0,0,,,1500.0,,,,,0,0,0,,0,0,0,0,0,0.0,0,0,0,0,3,0,0.0,0.0,0,0,0,0,0,0,0,0,0,0,0,0,0,0,0,0,0,0,0,0,0,0,0,0,0,0,2,0
https://www.beko.com.tr/sac-masasi/hs-7431-kisisel-bakim,HS 7431 Saç Maşası,1199.0,0,Sac Masasi,Küçük Ev Aletleri,Kişisel Bakım,3.4,34.0,7.0,,0,0,0,,0,0,0,,,,,,,0,,,0,,0,0,0,0,0,0,0,0,0,,0,0,0,0,0,0,,,,0,0,0,,0,0,0,0,0,0,0,,,0,0,,0,0,0,0,0,0,0,0,0,0,0,,1.0,0,0,0,,,0,,0,0,0,0,0,0,0,0,,,,,,,,0,0,,,,0,0,0,0,0,0,0,0,0,,,,0,0,,0,0,0,0,,,0,0,,,0,0,,0,0,0,0,0,0,0,0,,0,0,0,0,0,0,0,,,0,1,0,0,,0,,0,0,0,,3.0,,0,0,0,0,,0,0,0,,,,,0,0,0,1,,0,,0,,0,0,0,0,0,,0,0,0,,,0,0,0,0,0,0,0,,0,0,,0,0,,0,0,0,,,,,0,0,0,0,,0,0,0,0,0,0,0,1,0,0,0,0,0,0,0,0,0,0.5,,,,,,,0,1,0,,0,0,0,0,0,0.0,0,0,0,0,0,0,0.0,0.0,0,0,0,0,0,0,0,0,0,0,0,0,0,0,0,0,0,0,0,0,0,0,0,0,0,0,1,0
https://www.beko.com.tr/sac-duzlestirici/hs-7430-kisisel-bakim,HS 7430 Kablosuz Snapstyle Saç Düzleştirici,2399.0,1,Sac Duzlestirici,Küçük Ev Aletleri,Kişisel Bakım,3.5,30.0,4.0,,0,0,0,,0,0,0,,,,,,,0,,,0,,0,0,0,0,0,0,0,0,0,,0,0,0,0,0,0,,,,0,0,0,,0,0,0,0,0,0,0,,,0,0,,0,0,0,0,0,0,0,0,0,0,0,,,0,0,0,,,0,,0,0,0,0,0,0,0,0,,,,,,,,0,0,,,,0,0,0,0,0,0,0,0,0,,,,0,0,,0,0,0,0,,,0,0,,,0,0,,0,0,0,0,0,0,0,0,,0,0,0,0,0,0,0,,,0,1,0,0,,0,,0,0,0,,,,0,0,0,0,,0,0,0,,2.0,200,180,0,1,1,1,60,1,,0,,0,0,0,0,0,,0,0,0,,,0,0,0,0,0,0,0,,0,0,,0,0,,0,0,0,,,,,0,0,0,0,,0,0,0,0,0,0,0,0,0,0,1,0,0,0,0,0,0,0.5,,,,,,,0,0,0,,0,0,0,0,0,0.0,0,0,0,0,0,0,0.0,0.0,0,0,0,0,0,0,0,0,0,0,0,0,0,0,0,0,0,0,0,0,0,0,0,0,0,0,2,0
https://www.beko.com.tr/sac-masasi/hs-6231-kisisel-bakim,HS 6231 Snapstyle Kablosuz Otomatik Sarmalı Saç Maşası,2799.0,5,Sac Masasi,Küçük Ev Aletleri,Kişisel Bakım,3.5,30.0,4.0,,0,0,0,,0,0,0,,,,,,,0,,,0,,0,0,0,0,0,0,0,0,0,,0,0,0,0,0,0,,,,0,0,0,,0,0,0,0,0,0,0,,,0,0,,0,0,0,0,0,0,0,0,0,0,0,,1.0,0,0,0,,,0,,0,0,0,0,0,0,0,0,,,,,,,,0,0,,,,0,0,0,0,0,0,0,0,0,,,,0,0,,0,0,0,0,,,0,0,,,0,0,,0,0,0,0,0,0,0,0,,0,0,0,0,0,0,0,,,0,1,0,0,,0,,0,0,0,,,,0,0,0,0,,0,0,0,,,200,160,1,0,0,1,,0,,0,,0,0,0,0,0,,0,0,0,,,0,0,0,0,0,0,0,,0,0,,0,0,,0,0,0,,,,,0,0,0,0,,0,0,0,0,0,0,0,0,0,0,0,0,0,0,0,0,0,0.5,,,,,,,0,0,0,,0,0,0,0,0,0.0,0,0,0,0,0,0,0.0,0.0,0,0,0,0,0,0,0,0,0,0,0,0,0,0,0,0,0,0,0,0,0,0,0,0,0,0,2,0
https://www.beko.com.tr/sac-duzlestirici/hb-6450-kisisel-bakim,HB 6450 Snapstyle Kablosuz Saç Düzleştirici,2699.0,3,Sac Duzlestirici,Küçük Ev Aletleri,Kişisel Bakım,3.5,30.0,4.0,,0,0,0,,0,0,0,,,,,,,0,,,0,,0,0,0,0,0,0,0,0,0,,0,0,0,0,0,0,,,,0,0,0,,0,0,0,0,0,0,0,,,0,0,,0,0,0,0,0,0,0,0,0,0,0,,,0,0,0,,,0,,0,0,0,0,0,0,0,0,,,,,,,,0,0,,,,0,0,0,0,0,0,0,0,0,,,,0,0,,0,0,0,0,,,0,0,,,0,0,,0,0,0,0,0,0,0,0,,0,0,0,0,0,0,0,,,0,1,0,0,,0,,0,0,0,,,,0,0,0,0,,0,0,0,,3.0,200,160,1,0,0,1,,1,,0,,0,0,0,0,0,,0,0,0,,,0,0,0,0,0,0,0,,0,0,,0,0,,0,0,0,,,,,0,0,0,0,,0,0,0,0,0,0,0,0,0,0,1,0,0,0,0,0,0,0.5,,,,,,,0,0,0,,0,0,0,0,0,0.0,0,0,0,0,0,0,0.0,0.0,0,0,0,0,0,0,0,0,0,0,0,0,0,0,0,0,0,0,0,0,0,0,0,0,0,0,2,0
https://www.beko.com.tr/sac-kurutma-makinesi/hd-9483-kisisel-bakim,HD 9483 Botanika™ Argan Yağlı Saç Kurutma Makinesi,3399.0,2,Sac Kurutma Makinesi,Beyaz Eşya,Kurutma Makinesi,9.0,,21.0,,0,0,0,,0,0,0,,,,,,,0,,,0,,0,0,0,0,0,0,0,0,0,,0,0,0,0,0,0,,,,0,0,0,,0,0,0,0,0,0,0,,,0,0,,0,0,0,0,0,0,0,0,0,0,0,,,0,0,0,,,0,,0,0,0,0,0,0,0,0,,,,,,,,0,0,,,,0,0,0,0,0,0,0,0,0,,,,0,0,,0,0,0,0,,,0,0,,,0,0,,0,0,0,0,0,0,0,0,,0,0,0,0,0,0,0,,,0,0,0,0,,0,,0,0,0,,,,0,0,0,0,,0,0,0,,,,,1,0,0,0,,0,3,1,1.0,1,1,1,1,1,3.0,0,1,1,,,0,0,0,0,0,0,0,,0,0,,0,0,,0,0,0,,,,,0,0,0,0,,0,0,0,0,0,0,0,0,0,0,0,0,0,0,1,0,0,,,1600.0,,,,,0,0,0,,0,0,0,0,0,0.0,0,0,0,0,3,0,0.0,0.0,0,0,0,0,0,0,0,0,0,0,0,0,0,0,0,0,0,0,0,0,0,0,0,0,0,0,2,0
https://www.beko.com.tr/sac-kurutma-makinesi/hd-9481-kisisel-bakim,HD 9481 Botanika™ Avokado Yağlı Saç Kurutma Makinesi,3399.0,0,Sac Kurutma Makinesi,Beyaz Eşya,Kurutma Makinesi,9.0,,21.0,,0,0,0,,0,0,0,,,,,,,0,,,0,,0,0,0,0,0,0,0,0,0,,0,0,0,0,0,0,,,,0,0,0,,0,0,0,0,0,0,0,,,0,0,,0,0,0,0,0,0,0,0,0,0,0,,,0,0,0,,,0,,0,0,0,0,0,0,0,0,,,,,,,,0,0,,,,0,0,0,0,0,0,0,0,0,,,,0,0,,0,0,0,0,,,0,0,,,0,0,,0,0,0,0,0,0,0,0,,0,0,0,0,0,0,0,,,0,0,0,0,,0,,0,0,0,,,,0,0,0,0,,0,0,0,,,,,1,0,0,0,,0,3,1,1.0,1,1,1,1,1,3.0,0,1,1,,,0,0,0,0,0,0,0,,0,0,,0,0,,0,0,0,,,,,0,0,0,0,,0,0,0,0,0,0,0,0,0,0,1,0,0,0,0,0,0,,,1600.0,,,,,0,0,0,,0,0,0,0,0,0.0,0,0,0,0,3,0,0.0,0.0,0,0,0,0,0,0,0,0,0,0,0,0,0,0,0,0,0,0,0,0,0,0,0,0,0,0,2,0
https://www.beko.com.tr/sac-kurutma-makinesi/hd-9482-kisisel-bakim,HD 9482 Botanika™ Mavi Kantaron Yağlı Saç Kurutma Makinesi,3399.0,0,Sac Kurutma Makinesi,Beyaz Eşya,Kurutma Makinesi,9.0,,21.0,,0,0,0,,0,0,0,,,,,,,0,,,0,,0,0,0,0,0,0,0,0,0,,0,0,0,0,0,0,,,,0,0,0,,0,0,0,0,0,0,0,,,0,0,,0,0,0,0,0,0,0,0,0,0,0,,,0,0,0,,,0,,0,0,0,0,0,0,0,0,,,,,,,,0,0,,,,0,0,0,0,0,0,0,0,0,,,,0,0,,0,0,0,0,,,0,0,,,0,0,,0,0,0,0,0,0,0,0,,0,0,0,0,0,0,0,,,0,0,0,0,,0,,0,0,0,,,,0,0,0,0,,0,0,0,,,,,1,0,0,0,,0,3,1,1.0,1,1,1,1,1,3.0,0,1,1,,,0,0,0,0,0,0,0,,0,0,,0,0,,0,0,0,,,,,0,0,0,0,,0,0,0,0,0,0,0,0,0,1,0,0,0,0,0,0,0,,,1600.0,,,,,0,0,0,,0,0,0,0,0,0.0,0,0,0,0,3,0,0.0,0.0,0,0,0,0,0,0,0,0,0,0,0,0,0,0,0,0,0,0,0,0,0,0,0,0,0,0,2,0
https://www.beko.com.tr/sac-duzlestirici/hs-6481-kisisel-bakim,HS 6481 Saç Düzleştirici,2899.0,0,Sac Duzlestirici,Küçük Ev Aletleri,Kişisel Bakım,6.2,31.0,6.0,,0,0,0,,0,0,0,,,,,,,0,,,0,,0,0,0,0,0,0,0,0,0,,0,0,0,0,0,0,,,,0,0,0,,0,0,0,0,0,0,0,,,0,0,,0,0,0,0,0,0,0,0,0,0,0,,,0,0,0,,,0,,0,0,0,0,0,0,0,0,,,,,,,,0,0,,,,0,0,0,0,0,0,0,0,0,,,,0,0,,0,0,0,0,,,0,0,,,0,0,,0,0,0,0,0,0,0,0,,0,0,0,0,0,0,0,,,0,0,0,0,,0,,0,0,0,,1.8,,0,0,0,0,,0,0,0,,2.0,95,85,1,0,0,1,,0,,0,,0,0,0,0,0,,0,0,0,,,0,0,0,0,0,0,0,,0,0,,0,0,,0,0,0,,,,,0,0,0,0,,0,0,0,0,0,0,0,0,0,1,0,0,0,0,0,0,0,0.37,,1200.0,,,,,0,0,0,,0,0,0,0,0,0.0,0,0,0,0,0,0,0.0,0.0,0,0,0,0,0,0,0,0,0,0,0,0,0,0,0,0,0,0,0,0,0,0,0,0,0,0,2,0
https://www.beko.com.tr/tiras-makineleri/mt-7541-kisisel-bakim,MT 7541 Tıraş Makineleri,1499.0,0,Tiras Makineleri,Küçük Ev Aletleri,Kişisel Bakım,2.5,16.0,3.0,,0,0,0,,0,0,0,,,,,,,0,,,0,,0,0,0,0,0,0,0,0,0,,0,0,0,0,0,0,,,,0,0,0,,0,0,0,0,0,0,0,,,0,0,,0,0,0,0,0,0,0,0,0,0,0,,,0,0,0,,,0,,0,0,0,0,0,0,0,0,,,,,,,,0,0,,,,0,0,0,0,0,0,0,0,0,,,,0,0,,0,0,0,0,,,0,0,,,0,0,,0,0,0,0,0,0,0,0,,0,0,0,0,0,0,0,,,0,0,0,0,,0,,0,0,0,,,,0,0,0,0,,0,0,0,,,,,0,0,0,0,,0,,0,,0,0,0,0,0,,0,0,0,,,0,0,0,0,0,0,0,,0,0,,0,0,,0,0,0,,,,,0,0,0,0,,0,0,0,0,0,0,0,0,0,0,0,0,0,0,0,0,0,0.108,90.0,,,,,,0,0,0,,0,0,0,0,0,0.0,0,0,0,0,0,0,0.0,0.0,0,0,0,0,0,0,0,0,0,0,0,0,0,0,0,0,0,0,0,0,0,0,0,0,0,0,2,0
https://www.beko.com.tr/sac-duzlestirici/hs-5630-kisisel-bakim,HS 5630 Saç Düzleştirici,869.0,14,Sac Duzlestirici,Küçük Ev Aletleri,Kişisel Bakım,3.0,27.0,3.0,,0,0,0,,0,0,0,,,,,,,0,,,0,,0,0,0,0,0,0,0,0,0,,0,0,0,0,0,0,,,,0,0,0,,0,0,0,0,0,0,0,,,0,0,,0,0,0,0,0,0,0,0,0,0,0,,,0,1,0,,,0,,0,0,0,0,0,0,0,0,,,,,,,,0,0,,,,0,0,0,0,0,0,0,0,0,,,,0,0,,0,0,0,0,,,0,0,,,0,0,,0,0,0,0,0,0,0,0,,0,0,0,0,0,0,0,,,0,1,0,0,,0,,0,0,0,,1.8,,0,0,0,0,,0,0,0,,6.0,210,135,1,1,0,0,30,0,,0,,0,0,0,0,0,,0,0,0,,,0,0,0,0,0,0,0,,0,0,,0,0,,0,0,0,,,,,0,0,0,0,,0,0,0,0,0,0,0,0,0,0,0,0,0,0,0,0,0,0.37,,90.0,,,,,0,1,0,,0,0,0,0,0,0.0,0,0,0,0,0,0,0.0,0.0,0,0,0,0,0,0,0,0,0,0,0,0,0,0,0,0,0,0,0,0,0,0,0,0,0,0,1,0
https://www.beko.com.tr/sac-masasi/hs-6430-kisisel-bakim,GRUNDIG HS 6430 Saç Maşası,1199.0,9,Sac Masasi,Küçük Ev Aletleri,Kişisel Bakım,33.5,3.0,7.0,,0,0,0,,0,0,0,,,,,,,0,,,0,,0,0,0,0,0,0,0,0,0,,0,0,0,0,0,0,,,,0,0,0,,0,0,0,0,0,0,0,,,0,0,,0,0,0,0,0,0,0,0,0,0,0,,1.0,0,0,0,,,0,,0,0,0,0,0,0,0,0,,,,,,,,0,0,,,,0,0,0,0,0,0,0,0,0,,,,0,0,,0,0,0,0,,,0,0,,,0,0,,0,0,0,0,0,0,0,0,,0,0,0,0,0,0,0,,,0,1,0,0,,0,,0,0,0,,3.0,,0,0,0,0,,0,0,0,,,210,130,0,0,0,1,,0,,0,,0,0,0,0,0,,0,0,0,,,0,0,0,0,0,0,0,,0,0,,0,0,,0,0,0,,,,,0,0,0,0,,0,0,0,0,0,0,0,0,1,0,0,0,0,1,0,0,0,0.5,,,,,,,0,1,0,,0,0,0,0,0,0.0,0,0,0,0,0,0,0.0,0.0,0,0,0,0,0,0,0,0,0,0,0,0,0,0,0,0,0,0,0,0,0,0,0,0,0,0,1,0
https://www.beko.com.tr/sac-sakal-kesme-makineleri/mc-6840-kisisel-bakim,MC 6840 Saç Sakal Kesme Makineleri,699.0,8,Sac Sakal Kesme Makineleri,Küçük Ev Aletleri,Kişisel Bakım,5.0,5.0,18.0,,0,0,0,,0,0,0,,,,,,,0,,,0,,0,0,0,0,0,0,0,0,0,,0,0,0,0,0,0,,,,0,0,0,,0,0,0,0,0,0,0,,,0,0,,0,0,0,0,0,0,0,0,0,0,0,,,0,0,0,,,0,,0,0,0,0,0,0,0,0,,,,,,,,0,0,,,,0,0,0,0,0,0,0,0,0,,,,0,0,,0,0,0,0,,,0,0,,,0,0,,0,0,0,0,0,0,0,0,,0,0,0,0,0,0,0,,,0,0,0,0,,0,,0,0,0,,,,0,0,0,0,,0,0,0,,,,,0,0,0,0,,0,,0,,0,0,0,0,0,,0,0,0,,,0,0,0,0,0,0,0,,0,0,,0,0,,0,0,0,,,,,0,0,0,0,,0,0,0,0,0,0,0,0,0,0,0,0,0,0,0,0,0,0.2,90.0,,,,,,0,0,0,,0,0,0,0,0,0.0,0,0,0,0,0,0,0.0,0.0,0,0,0,0,0,0,0,0,0,0,0,0,0,0,0,0,0,0,0,0,0,0,0,0,0,0,2,0
https://www.beko.com.tr/sac-sakal-kesme-makineleri/mgk-6841-kisisel-bakim,MGK 6841 Saç Sakal Kesme Makineleri,1399.0,31,Sac Sakal Kesme Makineleri,Küçük Ev Aletleri,Kişisel Bakım,55.0,6.0,22.0,,0,0,0,,0,0,0,,,,,,,0,,,0,,0,0,0,0,0,0,0,0,0,,0,0,0,0,0,0,,,,0,0,0,,0,0,0,0,0,0,0,,,0,0,,0,0,0,0,0,0,0,0,0,0,0,,,0,0,0,,,0,,0,0,0,0,0,0,0,0,,,,,,,,0,0,,,,0,0,0,0,0,0,0,0,0,,,,0,0,,0,0,0,0,,,0,0,,,0,0,,0,0,0,0,0,0,0,0,,0,0,0,0,0,0,0,,,0,0,0,0,,0,,0,0,0,,,,0,0,0,0,,0,0,0,,,,,0,0,0,0,,0,,0,,0,0,0,0,0,,0,0,0,,,0,0,0,0,0,0,0,,0,0,,0,0,,0,0,0,,,,,0,0,0,0,,0,0,0,0,0,0,0,1,0,0,0,0,0,0,0,0,0,0.46,120.0,,,,,,0,0,0,,0,0,0,0,0,0.0,0,0,0,0,0,0,0.0,0.0,0,0,0,0,0,0,0,0,0,0,0,0,0,0,0,0,0,0,0,0,0,0,0,0,0,0,2,0
https://www.beko.com.tr/sac-duzlestirici/hs-7030-kisisel-bakim,HS 7030 Saç Düzleştirici,1299.0,14,Sac Duzlestirici,Küçük Ev Aletleri,Kişisel Bakım,3.5,30.0,4.0,,0,0,0,,0,0,0,,,,,,,0,,,0,,0,0,0,0,0,0,0,0,0,,0,0,0,0,0,0,,,,0,0,0,,0,0,0,0,0,0,0,,,0,0,,0,0,0,0,0,0,0,0,0,0,0,,,0,1,0,,,0,,0,0,0,0,0,0,0,0,,,,,,,,0,0,,,,0,0,0,0,0,0,0,0,0,,,,0,0,,0,0,0,0,,,0,0,,,0,0,,0,0,0,0,0,0,0,0,,0,0,0,0,0,0,0,,,0,1,0,0,,0,,0,0,0,,1.8,,0,0,0,0,,0,0,0,,2.0,230,130,1,1,1,1,30,0,,0,,0,0,0,0,0,,0,0,0,,,0,0,0,0,0,0,0,,0,0,,0,0,,0,0,0,,,,,0,0,0,0,,0,0,0,0,0,0,0,0,0,0,0,0,0,0,0,0,0,0.5,,50.0,,,,,0,0,0,,0,0,0,0,0,0.0,0,0,0,0,0,0,0.0,0.0,0,0,0,0,0,0,0,0,0,0,0,0,0,0,0,0,0,0,0,0,0,0,0,0,0,0,2,0
https://www.beko.com.tr/baskul/ps-2111-kisisel-bakim,PS 2111 Baskül,799.0,10,Baskul,Küçük Ev Aletleri,Kişisel Bakım,2.0,,30.0,,0,0,0,,0,0,0,,,,,,,0,,,0,,0,0,0,0,0,0,0,0,0,,0,0,0,0,0,0,,,,0,0,0,,0,0,0,0,0,0,0,,,0,0,,0,0,0,0,0,0,0,0,0,0,0,,,0,1,0,,,0,,0,0,0,0,0,0,0,0,,,,,,,,0,0,,,,0,0,0,0,0,0,0,0,0,,,,0,0,,0,0,0,0,,,0,0,,,0,0,,0,0,0,0,0,0,0,0,,0,0,0,0,0,0,0,,,0,0,0,0,,0,,0,0,0,,,,0,0,0,0,,0,0,0,,,,,0,0,0,0,,0,,0,,0,0,0,0,0,,0,0,0,,,0,0,0,0,0,0,0,,0,0,,0,0,,0,0,0,,,,,0,0,0,0,,0,0,0,0,0,0,0,0,0,0,0,0,0,0,0,0,0,,,,,,,,0,0,0,,0,0,0,0,0,0.0,0,0,0,0,0,0,0.0,0.0,0,0,0,0,0,0,0,0,0,0,0,0,0,0,0,0,0,2,0,0,0,0,0,0,0,0,2,0
https://www.beko.com.tr/sac-duzlestirici/hs-8560-kisisel-bakim,HS 8560 Saç Düzleştirici,5999.0,0,Sac Duzlestirici,Küçük Ev Aletleri,Kişisel Bakım,3.5,30.0,4.0,,0,0,0,,0,0,0,,,,,,,0,,,0,,0,0,0,0,0,0,0,0,0,,0,0,0,0,0,0,,,,0,0,0,,0,0,0,0,0,0,0,,,0,0,,0,0,0,0,0,0,0,0,0,0,0,,,0,0,0,,,0,,0,0,0,0,0,0,0,0,,,,,,,,0,0,,,,0,0,0,0,0,0,0,0,0,,,,0,0,,0,0,0,0,,,0,0,,,0,0,,0,0,0,0,0,0,0,0,,0,0,0,0,0,0,0,,,0,1,0,0,,0,,0,0,0,,2.0,,0,0,0,0,,0,0,0,,14.0,230,100,1,0,1,1,30,1,,0,,0,0,0,0,0,,0,0,0,,,0,0,0,0,0,0,0,,0,0,,0,0,,0,0,0,,,,,0,0,0,0,,0,0,0,0,0,0,0,1,1,0,0,0,0,0,0,0,0,0.5,,600.0,,,,,0,1,0,,0,0,0,0,0,0.0,0,0,0,0,0,0,0.0,0.0,0,0,0,0,0,0,0,0,0,0,0,0,0,0,0,0,0,0,0,0,0,0,0,0,0,0,1,0
https://www.beko.com.tr/sac-duzlestirici/hs-5332-kisisel-bakim,HS 5332 Saç Düzleştirici,899.0,0,Sac Duzlestirici,Küçük Ev Aletleri,Kişisel Bakım,27.5,6.0,4.0,,0,0,0,,0,0,0,,,,,,,0,,,0,,0,0,0,0,0,0,0,0,0,,0,0,0,0,0,0,,,,0,0,0,,0,0,0,0,0,0,0,,,0,0,,0,0,0,0,0,0,0,0,0,0,0,,,0,1,0,,,0,,0,0,0,0,0,0,0,0,,,,,,,,0,0,,,,0,0,0,0,0,0,0,0,0,,,,0,0,,0,0,0,0,,,0,0,,,0,0,,0,0,0,0,0,0,0,0,,0,0,0,0,0,0,0,,,0,1,0,0,,0,,0,0,0,,1.8,,0,0,0,0,,0,0,0,,6.0,220,120,1,0,1,1,60,0,,0,,0,0,0,0,0,,0,0,0,,,0,0,0,0,0,0,0,,0,0,,0,0,,0,0,0,,,,,0,0,0,0,,0,0,0,0,0,0,0,0,0,0,0,0,0,0,0,0,0,0.5,,55.0,,,,,0,1,0,,0,0,0,0,0,0.0,0,0,0,0,0,0,0.0,0.0,0,0,0,0,0,0,0,0,0,0,0,0,0,0,0,0,0,0,0,0,0,0,0,0,0,0,1,0
https://www.beko.com.tr/sac-kurutma-makinesi/hd-6280-kisisel-bakim,HD 6280 Saç Kurutma Makinesi,999.0,10,Sac Kurutma Makinesi,Beyaz Eşya,Kurutma Makinesi,9.0,22.0,21.0,,0,0,0,,0,0,0,,,,,,,0,,,0,,0,0,0,0,0,0,0,0,0,,0,0,0,0,0,0,,,,0,0,0,,0,0,0,0,0,0,0,,,0,0,,0,0,0,0,0,0,0,0,0,0,0,,,0,0,0,,,0,,0,0,0,0,0,0,0,0,,,,,,,,0,0,,,,0,0,0,0,0,0,0,0,0,,,,0,0,,0,0,0,0,,,0,0,,,0,0,,0,0,0,0,0,0,0,0,,0,0,0,0,0,0,0,,,0,0,0,0,,0,,0,0,0,,,,0,0,0,0,,0,0,0,,,,,1,0,0,0,,0,2,0,,1,1,0,0,1,3.0,1,1,0,,,0,0,0,0,0,0,0,,0,0,,0,0,,0,0,0,,,,,0,0,0,0,,0,0,0,0,0,0,0,0,1,0,1,0,0,0,0,0,0,,,2200.0,,,,,0,0,0,,0,0,0,0,0,0.0,0,0,0,0,2,0,0.0,0.0,0,0,0,0,0,0,0,0,0,0,0,0,0,0,0,0,0,0,0,0,0,0,0,0,0,0,2,0
https://www.beko.com.tr/sac-duzlestirici/hs-8331-kisisel-bakim,HS 8331 Saç Düzleştirici,2099.0,6,Sac Duzlestirici,Küçük Ev Aletleri,Kişisel Bakım,3.5,30.0,4.0,,0,0,0,,0,0,0,,,,,,,0,,,0,,0,0,0,0,0,0,0,0,0,,0,0,0,0,0,0,,,,0,0,0,,0,0,0,0,0,0,0,,,0,0,,0,0,0,0,0,0,0,0,0,0,0,,,0,0,0,,,0,,0,0,0,0,0,0,0,0,,,,,,,,0,0,,,,0,0,0,0,0,0,0,0,0,,,,0,0,,0,0,0,0,,,0,0,,,0,0,,0,0,0,0,0,0,0,0,,0,0,0,0,0,0,0,,,0,1,0,0,,0,,0,0,0,,,,0,0,0,0,,0,0,0,,4.0,210,150,0,0,1,1,,1,,0,,0,0,0,0,0,,0,0,0,,,0,0,0,0,0,0,0,,0,0,,0,0,,0,0,0,,,,,0,0,0,0,,0,0,0,0,0,0,0,0,0,0,0,0,0,0,0,0,0,0.5,,,,,,,0,0,0,,0,0,0,0,0,0.0,0,0,0,0,0,0,0.0,0.0,0,0,0,0,0,0,0,0,0,0,0,0,0,0,0,0,0,0,0,0,0,0,0,0,0,0,2,0
https://www.beko.com.tr/sac-duzlestirici/hs-6131-kisisel-bakim,HS 6131 Saç Düzleştirici,1199.0,1,Sac Duzlestirici,Küçük Ev Aletleri,Kişisel Bakım,26.0,,4.0,,0,0,0,,0,0,0,,,,,,,0,,,0,,0,0,0,0,0,0,0,0,0,,0,0,0,0,0,0,,,,0,0,0,,0,0,0,0,0,0,0,,,0,0,,0,0,0,0,0,0,0,0,0,0,0,,,0,1,0,,,0,,0,0,0,0,0,0,0,0,,,,,,,,0,0,,,,0,0,0,0,0,0,0,0,0,,,,0,0,,0,0,0,0,,,0,0,,,0,0,,0,0,0,0,0,0,0,0,,0,0,0,0,0,0,0,,,0,1,0,0,,0,,0,0,0,,3.0,,0,0,0,0,,0,0,0,,14.0,210,80,1,1,1,1,30,0,,0,,0,0,0,0,0,,0,0,0,,,0,0,0,0,0,0,0,,0,0,,0,0,,0,0,0,,,,,0,0,0,0,,0,0,0,0,0,0,0,0,0,0,0,0,0,0,0,0,0,0.483,,45.0,,,,,0,0,0,,0,0,0,0,0,0.0,0,0,0,0,0,0,0.0,0.0,0,0,0,0,0,0,0,0,0,0,0,0,0,0,0,0,0,0,0,0,0,0,0,0,0,0,2,0
https://www.beko.com.tr/sac-duzlestirici/hs-6220-kisisel-bakim,HS 6220 Saç Düzleştirici,1149.0,6,Sac Duzlestirici,Küçük Ev Aletleri,Kişisel Bakım,6.2,31.0,6.0,,0,0,0,,0,0,0,,,,,,,0,,,0,,0,0,0,0,0,0,0,0,0,,0,0,0,0,0,0,,,,0,0,0,,0,0,0,0,0,0,0,,,0,0,,0,0,0,0,0,0,0,0,0,0,0,,,0,0,0,,,0,,0,0,0,0,0,0,0,0,,,,,,,,0,0,,,,0,0,0,0,0,0,0,0,0,,,,0,0,,0,0,0,0,,,0,0,,,0,0,,0,0,0,0,0,0,0,0,,0,0,0,0,0,0,0,,,0,1,0,0,,0,,0,0,0,,1.8,,0,0,0,0,,0,0,0,,2.0,,,1,1,1,0,,0,,0,,0,0,0,0,0,,0,0,0,,,0,0,0,0,0,0,0,,0,0,,0,0,,0,0,0,,,,,0,0,0,0,,0,0,0,0,0,0,0,1,1,0,0,0,0,0,0,0,0,0.37,,1100.0,,,,,0,0,0,,0,0,0,0,0,0.0,0,0,0,0,0,0,0.0,0.0,0,0,0,0,0,0,0,0,0,0,0,0,0,0,0,0,0,0,0,0,0,0,0,0,0,0,2,0
https://www.beko.com.tr/sac-kurutma-makinesi/hd-8020-kisisel-bakim,HD 8020 Saç Kurutma Makinesi,1299.0,0,Sac Kurutma Makinesi,Beyaz Eşya,Kurutma Makinesi,,,,,0,0,0,,0,0,0,,,,,,,0,,,0,,0,0,0,0,0,0,0,0,0,,0,0,0,0,0,0,,,,0,0,0,,0,0,0,0,0,0,0,,,0,0,,0,0,0,0,0,0,0,0,0,0,0,,,0,0,0,,,0,,0,0,0,0,0,0,0,0,,,,,,,,0,0,,,,0,0,0,0,0,0,0,0,0,,,,0,0,,0,0,0,0,,,0,0,,,0,0,,0,0,0,0,0,0,0,0,,0,0,0,0,0,0,0,,,0,0,0,0,,0,,0,0,0,,,,0,0,0,0,,0,0,0,,,,,0,0,0,0,,0,2,1,,0,1,1,1,1,3.0,1,0,0,,,0,0,0,0,0,0,0,,0,0,,0,0,,0,0,0,,,,,0,0,0,0,,0,0,0,0,0,0,0,1,0,0,0,0,0,0,0,0,0,,,2100.0,,,,,0,0,0,,0,0,0,0,0,0.0,0,0,0,0,1,0,0.0,0.0,0,0,0,0,0,0,0,0,0,0,0,0,0,0,0,0,0,0,0,0,0,0,0,0,0,0,2,0
https://www.beko.com.tr/toz-torbasiz-supurge/ultraforce-2-0-bks-5564-elektrikli-supurge,UltraForce® 2.0 BKS 5564 Toz Torbasız Süpürge,10999.0,136,Toz Torbasiz Supurge,Küçük Ev Aletleri,Elektrikli Süpürge,30.5,30.0,45.0,,0,0,0,76.0,0,0,0,,,,,,,0,,,0,,0,0,0,0,0,0,0,0,0,,0,0,0,0,0,0,,,,0,0,0,,0,0,0,0,0,0,0,,,0,0,,0,0,0,0,0,0,0,0,0,0,0,,,0,0,0,,,0,,0,0,0,0,0,0,0,0,,,,,,,,0,0,,,,0,0,0,0,0,0,0,0,0,,,,0,0,,0,0,0,0,,,0,0,,,0,0,,0,0,0,0,0,0,0,0,,0,0,0,0,0,0,0,,,0,0,0,0,,0,,0,0,0,,6.0,,0,0,0,0,,0,0,0,,,,,0,0,0,0,,0,,0,,0,0,0,0,0,,0,0,0,2.7,8.5,1,1,1,1,1,1,1,,0,0,,0,0,,0,0,0,,,,,0,0,0,0,,0,0,0,0,0,0,0,0,0,0,0,0,1,0,0,0,0,8.3,,,,,,,0,0,0,,0,0,0,0,0,0.0,0,0,0,0,0,0,0.0,0.0,0,0,0,0,0,0,2,0,0,0,0,3,0,0,0,0,0,0,0,1,0,0,0,0,0,0,2,0
https://www.beko.com.tr/toz-torbali-supurge/trb-5986-b-elektrikli-supurge,TRB 5986 B Toz Torbalı Süpürge,12999.0,59,Toz Torbali Supurge,Küçük Ev Aletleri,Elektrikli Süpürge,25.5,33.0,49.0,,0,0,0,76.0,0,0,0,,,,,,,0,,,0,,0,0,0,0,0,0,0,0,0,,0,0,0,0,0,0,,,,0,0,0,,0,0,0,0,0,0,0,,,0,0,,0,0,0,0,0,0,0,0,0,0,0,,,0,0,0,,,0,,0,0,0,0,0,0,0,0,,,,,,,,0,0,,,,0,0,0,0,0,0,0,0,0,,,,0,0,,0,0,0,0,,,0,0,,,0,0,,0,0,0,0,0,0,0,0,,0,0,0,0,0,0,0,,,0,0,0,0,,0,,0,0,0,,6.0,,0,0,0,0,,0,0,0,,,,,0,0,0,0,,0,,0,,0,0,0,0,0,,0,0,0,5.5,9.0,1,0,1,1,1,1,1,,0,0,,0,0,,0,0,0,,,,,0,0,0,0,,0,0,0,0,0,0,0,0,0,1,0,0,0,0,0,0,0,5.6,,,,,,,0,0,0,,0,0,0,0,0,0.0,0,0,0,0,0,0,0.0,0.0,0,0,0,0,0,0,2,0,0,0,0,3,0,0,0,0,0,0,0,1,0,0,0,0,0,0,2,0
https://www.beko.com.tr/el-supurgesi/bkk-1194-elektrikli-supurge,BKK 1194 El Süpürgesi,5499.0,39,El Supurgesi,Küçük Ev Aletleri,Elektrikli Süpürge,44.0,12.0,16.0,,0,0,0,71.0,0,0,0,,,,,,,0,,,0,,0,0,0,0,0,0,0,0,0,,0,0,0,0,0,0,,,,0,0,0,,0,0,0,0,0,0,0,,,0,0,,0,0,0,0,0,0,0,0,0,0,0,,,0,0,0,,,0,,0,0,0,0,0,0,0,0,,,,,,,,0,0,,,,0,0,0,0,0,0,0,0,0,,,,0,0,,0,0,0,0,,,0,0,,,0,0,,0,0,0,0,0,0,0,0,,0,0,0,0,0,0,0,,,0,0,0,0,,0,,0,0,0,,2.0,,0,0,0,0,,0,0,0,,,,,0,0,0,0,,0,,0,,0,0,0,0,0,,0,0,0,0.5,,0,0,0,0,0,1,1,0.5,1,0,,0,0,,0,0,0,,,,,0,0,0,0,,0,0,0,0,0,0,0,0,0,1,0,1,0,0,0,0,0,1.2,840.0,,,,,,0,0,0,,0,0,0,0,0,0.0,0,0,0,0,0,0,0.0,0.0,0,0,0,0,0,0,1,0,0,0,0,0,0,0,0,0,0,0,0,1,0,0,0,0,0,0,2,0
https://www.beko.com.tr/toz-torbali-supurge/bks-2540-t-elektrikli-supurge,BKS 2540 T Toz Torbalı Süpürge,16999.0,13,Toz Torbali Supurge,Küçük Ev Aletleri,Elektrikli Süpürge,23.0,33.0,51.0,,0,0,0,70.0,0,0,0,,,,,,,0,,,0,,0,0,0,0,0,0,0,0,0,,0,0,0,0,0,0,,,,0,0,0,,0,0,0,0,0,0,0,,,0,0,,0,0,0,0,0,0,0,0,0,0,0,,,0,0,0,,,0,,0,0,0,0,0,0,0,0,,,,,,,,0,0,,,,0,0,0,0,0,0,0,0,0,,,,0,0,,0,0,0,0,,,0,0,,,0,0,,0,0,0,0,0,0,0,0,,0,0,0,0,0,0,0,,,0,0,0,0,,0,,0,0,0,,7.0,,0,0,0,0,,0,0,0,,,,,0,0,0,0,,0,,0,,0,0,0,0,0,,0,0,0,3.5,9.0,1,0,0,1,0,1,1,,0,1,,0,0,,0,0,0,,,,,0,0,0,0,,0,0,0,0,0,0,0,0,0,0,0,0,0,0,0,0,1,,,,,,,,0,0,0,,0,0,0,0,0,0.0,0,0,0,0,0,0,0.0,0.0,0,0,0,0,0,0,2,0,0,0,0,3,0,0,0,0,0,0,0,1,0,0,0,0,0,0,2,0
https://www.beko.com.tr/islak-kuru-supurge/bks-9118-robotto-elektrikli-supurge,BKS 9118 Robotto Islak Kuru Süpürge,8999.0,16,Islak Kuru Supurge,Küçük Ev Aletleri,Elektrikli Süpürge,39.0,39.0,58.0,,0,0,0,81.0,0,0,0,,,,,,,0,,,0,,0,0,0,0,0,0,0,0,0,,0,0,0,0,0,0,,,,0,0,0,,0,0,0,0,0,0,0,,,0,0,,0,0,0,0,0,0,0,0,0,0,0,,,0,0,0,,,0,,0,0,0,0,0,0,0,0,,,,,,,,0,0,,,,0,0,0,0,0,0,0,0,0,,,,0,0,,0,0,0,0,,,0,0,,,0,0,,0,0,0,0,0,0,0,0,,0,0,0,0,0,0,0,,,0,0,0,0,,0,,0,0,0,,5.4,,0,0,0,0,,0,0,0,,,,,0,0,0,0,,0,,0,,0,0,0,0,0,,0,0,0,7.0,,0,0,0,0,1,1,1,,0,0,,0,0,,0,0,0,,,,,0,0,0,0,,0,0,0,0,0,0,0,0,0,1,0,0,0,0,0,0,0,6.13,,,,,,,0,0,0,,0,0,0,0,0,0.0,0,0,0,0,0,0,0.0,0.0,0,0,0,0,0,0,1,0,0,0,0,1,0,0,0,0,0,0,0,1,0,0,0,0,0,0,2,0
https://www.beko.com.tr/toz-torbali-supurge/trb-2174-elektrikli-supurge,TRB 2174 Toz Torbalı Süpürge,8999.0,21,Toz Torbali Supurge,Küçük Ev Aletleri,Elektrikli Süpürge,30.5,30.0,46.0,,0,0,0,76.0,0,0,0,,,,,,,0,,,0,,0,0,0,0,0,0,0,0,0,,0,0,0,0,0,0,,,,0,0,0,,0,0,0,0,0,0,0,,,0,0,,0,0,0,0,0,0,0,0,0,0,0,,,0,0,0,,,0,,0,0,0,0,0,0,0,0,,,,,,,,0,0,,,,0,0,0,0,0,0,0,0,0,,,,0,0,,0,0,0,0,,,0,0,,,0,0,,0,0,0,0,0,0,0,0,,0,0,0,0,0,0,0,,,0,0,0,0,,0,,0,0,0,,6.0,,0,0,0,0,,0,0,0,,,,,0,0,0,0,,0,,0,,0,0,0,0,0,,0,0,0,4.5,8.5,1,1,1,1,1,1,1,2.7,0,0,,0,0,,0,0,0,,,,,0,0,0,0,,0,0,0,0,0,0,0,0,0,1,0,0,0,0,0,0,0,4.7,,,,,,,0,0,0,,0,0,0,0,0,0.0,0,0,0,0,0,0,0.0,0.0,0,0,0,0,0,0,2,0,0,0,0,3,0,0,0,0,0,0,0,1,0,0,0,0,0,0,2,0
https://www.beko.com.tr/toz-torbasiz-supurge/performist-tsz-5083-elektrikli-supurge,Performist® TSZ 5083 Toz Torbasız Süpürge,17199.0,24,Toz Torbasiz Supurge,Küçük Ev Aletleri,Elektrikli Süpürge,32.0,50.0,33.0,,0,0,0,69.0,0,0,0,,,,,,,0,,,0,,0,0,0,0,0,0,0,0,0,,0,0,0,0,0,0,,,,0,0,0,,0,0,0,0,0,0,0,,,0,0,,0,0,0,0,0,0,0,0,0,0,0,,,0,0,0,,,0,,0,0,0,0,0,0,0,0,,,,,,,,0,0,,,,0,0,0,0,0,0,0,0,0,,,,0,0,,0,0,0,0,,,0,0,,,0,0,,0,0,0,0,0,0,0,0,,0,0,0,0,0,0,0,,,0,0,0,0,,0,,0,0,0,,8.0,,0,0,0,0,,0,0,0,,,,,0,0,0,0,,0,,0,,0,0,0,0,0,,0,0,0,3.0,11.0,0,0,1,1,1,1,1,3.0,0,0,,0,0,,0,0,0,,,,,0,0,0,0,,0,0,0,0,0,0,0,0,0,1,0,0,0,0,0,0,0,7.31,,,,,,,0,0,0,,0,0,0,0,0,0.0,0,0,0,0,0,0,0.0,0.0,0,0,0,0,0,0,2,0,0,0,0,3,0,0,0,0,0,0,0,1,0,0,0,0,0,0,2,0
https://www.beko.com.tr/robot-supurge/robo-x-3-2-vrr-62514-vb-elektrikli-supurge,Robo-X 3.2 VRR 62514 VB Toz İstasyonlu Robot Süpürge,29999.0,3,Robot Supurge,Küçük Ev Aletleri,Elektrikli Süpürge,35.0,35.0,10.0,,0,0,0,65.0,0,0,0,,,,,,,0,,,0,,0,0,0,0,0,0,0,0,0,,0,0,0,0,0,0,,,,0,0,0,,0,0,0,0,0,0,0,,,0,0,,0,0,0,0,0,0,0,0,0,0,0,,,0,0,0,,,0,,0,0,0,0,0,0,0,0,,,,,,,,0,0,,,,0,0,0,0,0,0,0,0,0,,,,0,0,,0,0,0,0,,,0,0,,,0,0,,0,0,0,0,0,0,0,0,,0,0,0,0,0,0,0,,,0,0,0,0,,0,,0,0,0,14.4,,,0,0,0,0,,0,0,0,,,,,0,0,0,0,,0,,0,,0,0,0,0,0,,0,0,0,,,0,0,0,0,0,0,0,,0,0,50,1,1,4.0,1,0,0,,,,,0,0,0,0,,0,0,0,0,0,0,0,1,0,0,0,0,0,0,0,0,0,4.3,240.0,,,,3200.0,,1,1,0,,0,0,0,0,0,0.0,0,0,0,0,3,0,0.0,0.0,0,0,0,0,0,0,1,0,0,0,0,0,0,0,0,0,0,0,0,4,0,0,0,0,0,0,0,0
https://www.beko.com.tr/kablolu-dikey-supurge/vcs-20501-b-elektrikli-supurge,VCS 20501 B Kablolu Dikey Süpürge,5999.0,1,Kablolu Dikey Supurge,Küçük Ev Aletleri,Elektrikli Süpürge,20.0,15.0,117.0,,0,0,0,80.0,0,0,0,,,,,,,0,,,0,,0,0,0,0,0,0,0,0,0,,0,0,0,0,0,0,,,,0,0,0,,0,0,0,0,0,0,0,,,0,0,,0,0,0,0,0,0,0,0,0,0,0,,,0,0,0,,,0,,0,0,0,0,0,0,0,0,,,,,,,,0,0,,,,0,0,0,0,0,0,0,0,0,,,,0,0,,0,0,0,0,,,0,0,,,0,0,,0,0,0,0,0,0,0,0,,0,0,0,0,0,0,0,,,0,0,0,0,,0,,0,0,0,,5.0,,0,0,0,0,,0,0,0,,,,,0,0,0,0,,0,,0,,0,0,0,0,0,,0,0,0,1.0,,0,0,0,0,1,0,1,,0,0,,0,0,,0,0,0,,,,,0,0,0,0,,0,0,0,0,0,0,0,0,0,0,0,1,0,0,0,0,0,3.0,,,,,,,0,0,0,,0,0,0,0,0,0.0,0,0,0,0,0,0,0.0,0.0,0,0,0,0,0,0,1,0,0,0,0,1,0,0,0,0,0,0,0,1,0,0,0,0,0,0,2,0
https://www.beko.com.tr/toz-torbasiz-supurge/ultraforce-tsz-2282-elektrikli-supurge,UltraForce® TSZ 2282 Toz Torbasız Süpürge,8999.0,36,Toz Torbasiz Supurge,Küçük Ev Aletleri,Elektrikli Süpürge,39.5,30.0,25.0,,0,0,0,75.0,0,0,0,,,,,,,0,,,0,,0,0,0,0,0,0,0,0,0,,0,0,0,0,0,0,,,,0,0,0,,0,0,0,0,0,0,0,,,0,0,,0,0,0,0,0,0,0,0,0,0,0,,,0,0,0,,,0,,0,0,0,0,0,0,0,0,,,,,,,,0,0,,,,0,0,0,0,0,0,0,0,0,,,,0,0,,0,0,0,0,,,0,0,,,0,0,,0,0,0,0,0,0,0,0,,0,0,0,0,0,0,0,,,0,0,0,0,,0,,0,0,0,,6.0,,0,0,0,0,,0,0,0,,,,,0,0,0,0,,0,,0,,0,0,0,0,0,,0,0,0,2.5,8.5,1,1,0,1,1,0,0,,0,0,,0,0,,0,0,0,,,,,0,0,0,0,,0,0,0,0,0,0,0,1,0,0,0,0,0,0,1,0,0,8.3,,,,,,,0,0,0,,0,0,0,0,0,0.0,0,0,0,0,0,0,0.0,0.0,0,0,0,0,0,0,2,0,0,0,0,3,0,0,0,0,0,0,0,1,0,0,0,0,0,0,2,0
https://www.beko.com.tr/toz-torbasiz-supurge/ultraforce-3-0-tsz-5282-t-elektrikli-supurge,UltraForce® 3.0 TSZ 5282 T Toz Torbasız Süpürge,14999.0,25,Toz Torbasiz Supurge,Küçük Ev Aletleri,Elektrikli Süpürge,30.5,30.0,45.0,,0,0,0,76.0,0,0,0,,,,,,,0,,,0,,0,0,0,0,0,0,0,0,0,,0,0,0,0,0,0,,,,0,0,0,,0,0,0,0,0,0,0,,,0,0,,0,0,0,0,0,0,0,0,0,0,0,,,0,0,0,,,0,,0,0,0,0,0,0,0,0,,,,,,,,0,0,,,,0,0,0,0,0,0,0,0,0,,,,0,0,,0,0,0,0,,,0,0,,,0,0,,0,0,0,0,0,0,0,0,,0,0,0,0,0,0,0,,,0,0,0,0,,0,,0,0,0,,6.0,,0,0,0,0,,0,0,0,,,,,0,0,0,0,,0,,0,,0,0,0,0,0,,0,0,0,2.7,8.5,1,1,1,1,1,1,1,,0,1,,0,0,,0,0,0,,,,,0,0,0,0,,0,0,0,0,0,0,0,0,0,0,0,0,0,0,0,0,0,8.3,,,,,,,0,0,0,,0,0,0,0,0,0.0,0,0,0,0,2,0,0.0,0.0,0,0,0,0,0,0,2,0,0,0,0,3,0,0,0,0,0,0,0,3,0,0,0,0,0,0,2,0
https://www.beko.com.tr/sarjli-dikey-supurge/powerclean-pro-3-0-vrt-97325-vy-elektrikli-supurge,PowerClean® Pro 3.0 VRT 97325 VY Şarjlı Dikey Süpürge,28999.0,58,Sarjli Dikey Supurge,Küçük Ev Aletleri,Elektrikli Süpürge,36.0,36.0,125.0,,0,0,0,82.0,0,0,0,,,,,,,0,,,0,,0,0,0,0,0,0,0,0,0,,0,0,0,0,0,0,,,,0,0,0,,0,0,0,0,0,0,0,,,0,0,,0,0,0,0,0,0,0,0,0,0,0,,,0,0,0,,,0,,0,0,0,0,0,0,0,0,,,,,,,,0,0,,,,0,0,0,0,0,0,0,0,0,,,,0,0,,0,0,0,0,,,0,0,,,0,0,,0,0,0,0,0,0,0,0,,0,0,0,0,0,0,0,,,0,0,0,0,,0,,0,0,0,25.2,,,0,0,0,0,,0,0,0,,,,,0,0,0,0,,0,,0,,0,0,0,0,0,,0,0,0,0.5,,0,0,0,0,1,1,1,0.5,0,1,10,1,1,3.0,1,1,1,,,,,0,0,0,0,,0,0,0,0,0,0,0,1,0,0,0,0,0,0,1,0,0,2.8,240.0,,,,2500.0,,0,0,0,,0,0,0,0,0,0.0,0,0,0,0,3,0,0.0,0.0,0,0,0,0,0,0,0,0,0,0,0,0,0,0,0,0,0,0,0,0,0,0,0,0,0,0,2,0
https://www.beko.com.tr/islak-kuru-supurge/hydrotrio--pro-vrw-90421-vd-elektrikli-supurge,HydroTrio™ Pro VRW 90421 VD Islak Kuru Süpürge,28999.0,27,Islak Kuru Supurge,Küçük Ev Aletleri,Elektrikli Süpürge,34.5,16.0,119.0,,0,0,0,80.0,0,0,0,,,,,,,0,,,0,,0,0,0,0,0,0,0,0,0,,0,0,0,0,0,0,,,,0,0,0,,0,0,0,0,0,0,0,,,0,0,,0,0,0,0,0,0,0,0,0,0,0,,,0,0,0,,,0,,0,0,0,0,0,0,0,0,,,,,,,,0,0,,,,0,0,0,0,0,0,0,0,0,,,,0,0,,0,0,0,0,,,0,0,,,0,0,,0,0,0,0,0,0,0,0,,0,0,0,0,0,0,0,,,0,0,0,0,,0,,0,0,0,21.6,,,0,0,0,0,,0,0,0,,,,,0,0,0,0,,0,,0,,0,0,0,0,0,,0,0,0,,,0,0,0,0,0,1,1,0.3,0,1,16,0,1,,1,1,0,,,,,0,0,0,0,,0,0,0,0,0,0,0,1,0,1,0,0,0,0,0,0,0,2.94,300.0,,,,4000.0,,0,0,0,,0,0,0,0,0,0.0,0,0,0,0,3,0,0.0,0.0,0,0,0,0,0,0,0,0,0,0,0,0,0,0,0,0,0,0,0,0,0,0,0,0,0,0,2,0
https://www.beko.com.tr/sarjli-dikey-supurge/powerclean-1-0-vrt-76325-vb-elektrikli-supurge,PowerClean® 1.0 VRT 76325 VB Şarjlı Dikey Süpürge,13999.0,21,Sarjli Dikey Supurge,Küçük Ev Aletleri,Elektrikli Süpürge,25.4,28.0,109.0,,0,0,0,80.0,0,0,0,,,,,,,0,,,0,,0,0,0,0,0,0,0,0,0,,0,0,0,0,0,0,,,,0,0,0,,0,0,0,0,0,0,0,,,0,0,,0,0,0,0,0,0,0,0,0,0,0,,,0,0,0,,,0,,0,0,0,0,0,0,0,0,,,,,,,,0,0,,,,0,0,0,0,0,0,0,0,0,,,,0,0,,0,0,0,0,,,0,0,,,0,0,,0,0,0,0,0,0,0,0,,0,0,0,0,0,0,0,,,0,0,0,0,,0,,0,0,0,25.2,,,0,0,0,0,,0,0,0,,,,,0,0,0,0,,0,,0,,0,0,0,0,0,,0,0,0,0.5,,0,0,0,0,0,1,1,0.5,1,0,10,1,0,3.0,0,1,1,,,,,0,0,0,0,,0,0,0,0,0,0,0,1,1,0,0,0,0,0,0,0,0,2.8,240.0,,,,2000.0,,0,0,0,,0,0,0,0,0,0.0,0,0,0,0,3,0,0.0,0.0,0,0,0,0,0,0,0,0,0,0,0,0,0,0,0,0,0,0,0,0,0,0,0,0,0,0,2,0
https://www.beko.com.tr/toz-torbasiz-supurge/vrc-95536-b-elektrikli-supurge,VRC 95536 B Toz Torbasız Süpürge,23999.0,1,Toz Torbasiz Supurge,Küçük Ev Aletleri,Elektrikli Süpürge,39.5,30.0,25.0,,0,0,0,75.0,0,0,0,,,,,,,0,,,0,,0,0,0,0,0,0,0,0,0,,0,0,0,0,0,0,,,,0,0,0,,0,0,0,0,0,0,0,,,0,0,,0,0,0,0,0,0,0,0,0,0,0,,,0,0,0,,,0,,0,0,0,0,0,0,0,0,,,,,,,,0,0,,,,0,0,0,0,0,0,0,0,0,,,,0,0,,0,0,0,0,,,0,0,,,0,0,,0,0,0,0,0,0,0,0,,0,0,0,0,0,0,0,,,0,0,0,0,,0,,0,0,0,,6.0,,0,0,0,0,,0,0,0,,,,,0,0,0,0,,0,,0,,0,0,0,0,0,,0,0,0,2.5,8.5,1,1,0,1,1,0,0,,0,0,,0,0,,0,0,0,,,,,0,0,0,0,,0,0,0,0,0,0,0,1,0,0,0,0,0,0,0,0,0,8.3,,,,,,,0,0,0,,0,0,0,0,0,0.0,0,0,0,0,0,0,0.0,0.0,0,0,0,0,0,0,2,0,0,0,0,3,0,0,0,0,0,0,0,1,0,0,0,0,0,0,2,0
https://www.beko.com.tr/toz-torbasi/bks-2540-trb-5986-toz-torbasi-elektrikli-supurge,BKS 2540 TRB 5986 Toz Torbası Toz Torbası,249.0,27,Toz Torbasi,Küçük Ev Aletleri,Elektrikli Süpürge,5.0,19.0,28.0,,0,0,0,,0,0,0,,,,,,,0,,,0,,0,0,0,0,0,0,0,0,0,,0,0,0,0,0,0,,,,0,0,0,,0,0,0,0,0,0,0,,,0,0,,0,0,0,0,0,0,0,0,0,0,0,,,0,0,0,,,0,,0,0,0,0,0,0,0,0,,,,,,,,0,0,,,,0,0,0,0,0,0,0,0,0,,,,0,0,,0,0,0,0,,,0,0,,,0,0,,0,0,0,0,0,0,0,0,,0,0,0,0,0,0,0,,,0,0,0,0,,0,,0,0,0,,,,0,0,0,0,,0,0,0,,,,,0,0,0,0,,0,,0,,0,0,0,0,0,,0,0,0,5.5,,0,0,0,0,0,0,0,,0,0,,0,0,,0,0,0,,,,,0,0,0,0,,0,0,0,0,0,0,0,0,0,0,0,0,0,0,0,0,0,,,,,,,,0,0,0,,0,0,0,0,0,0.0,0,0,0,0,0,0,0.0,0.0,0,0,0,0,0,0,0,0,0,0,0,0,0,0,0,0,0,0,0,0,0,0,0,0,0,0,2,0
https://www.beko.com.tr/sarjli-dikey-supurge/slimclean-1-0-vrt-55521-b-elektrikli-supurge,SlimClean® 1.0 VRT 55521 B Şarjlı Dikey Süpürge,10999.0,3,Sarjli Dikey Supurge,Küçük Ev Aletleri,Elektrikli Süpürge,22.0,27.0,122.0,,0,0,0,80.0,0,0,0,,,,,,,0,,,0,,0,0,0,0,0,0,0,0,0,,0,0,0,0,0,0,,,,0,0,0,,0,0,0,0,0,0,0,,,0,0,,0,0,0,0,0,0,0,0,0,0,0,,,0,0,0,,,0,,0,0,0,0,0,0,0,0,,,,,,,,0,0,,,,0,0,0,0,0,0,0,0,0,,,,0,0,,0,0,0,0,,,0,0,,,0,0,,0,0,0,0,0,0,0,0,,0,0,0,0,0,0,0,,,0,0,0,0,,0,,0,0,0,21.6,,,0,0,0,0,,0,0,0,,,,,0,0,0,0,,0,,0,,0,0,0,0,0,,0,0,0,0.5,,0,0,1,0,0,1,1,0.7,1,1,18,1,0,,0,1,1,,,,,0,0,0,0,,0,0,0,0,0,0,0,0,0,0,0,1,1,0,0,0,0,1.8,240.0,,,,,,0,0,0,,0,0,0,0,0,0.0,0,0,0,0,2,0,0.0,0.0,0,0,0,0,0,0,0,0,0,0,0,0,0,0,0,0,0,0,0,3,0,0,0,0,0,0,2,0
https://www.beko.com.tr/robot-supurge/robo-x-2-2-vrr-52514-vb-elektrikli-supurge,Robo-X 2.2 VRR 52514 VB Robot Süpürge,24999.0,1,Robot Supurge,Küçük Ev Aletleri,Elektrikli Süpürge,35.0,35.0,10.0,,0,0,0,65.0,0,0,0,,,,,,,0,,,0,,0,0,0,0,0,0,0,0,0,,0,0,0,0,0,0,,,,0,0,0,,0,0,0,0,0,0,0,,,0,0,,0,0,0,0,0,0,0,0,0,0,0,,,0,0,0,,,0,,0,0,0,0,0,0,0,0,,,,,,,,0,0,,,,0,0,0,0,0,0,0,0,0,,,,0,0,,0,0,0,0,,,0,0,,,0,0,,0,0,0,0,0,0,0,0,,0,0,0,0,0,0,0,,,0,0,0,0,,0,,0,0,0,14.4,,,0,0,0,0,,0,0,0,,,,,0,0,0,0,,0,,0,,0,0,0,0,0,,0,0,0,,,0,0,0,0,0,0,0,,0,0,50,1,1,4.0,1,0,0,,,,,0,0,0,0,,0,0,0,0,0,0,0,1,0,0,0,0,0,0,0,0,0,4.3,240.0,,,,3200.0,,1,1,0,,0,0,0,0,0,0.0,0,0,0,0,3,0,0.0,0.0,0,0,0,0,0,0,1,0,0,0,0,0,0,0,0,0,0,0,0,4,0,0,0,0,0,0,0,0
https://www.beko.com.tr/sarjli-dikey-supurge/slimclean-3-0-vrt-95525-b-elektrikli-supurge,SlimClean® 3.0 VRT 95525 B Şarjlı Dikey Süpürge,23999.0,6,Sarjli Dikey Supurge,Küçük Ev Aletleri,Elektrikli Süpürge,25.2,27.0,123.0,,0,0,0,69.0,0,0,0,,,,,,,0,,,0,,0,0,0,0,0,0,0,0,0,,0,0,0,0,0,0,,,,0,0,0,,0,0,0,0,0,0,0,,,0,0,,0,0,0,0,0,0,0,0,0,0,0,,,0,0,0,,,0,,0,0,0,0,0,0,0,0,,,,,,,,0,0,,,,0,0,0,0,0,0,0,0,0,,,,0,0,,0,0,0,0,,,0,0,,,0,0,,0,0,0,0,0,0,0,0,,0,0,0,0,0,0,0,,,0,0,0,0,,0,,0,0,0,25.2,1.6,,0,0,0,0,,0,0,0,,,,,0,0,0,0,,0,,0,,0,0,0,0,0,,0,0,0,0.4,,0,1,0,0,1,1,1,0.5,1,1,15,1,0,,1,1,1,,,,,0,0,0,0,,0,0,0,0,0,0,0,0,1,0,0,0,0,0,1,0,0,6.1,300.0,,,,5000.0,,0,0,0,,0,0,0,0,0,0.0,0,0,0,0,3,0,0.0,0.0,0,0,0,0,0,0,1,0,0,0,0,1,0,0,0,0,0,0,0,3,0,0,0,0,0,0,2,0
https://www.beko.com.tr/toz-torbasi/bks-1911---bks-1912-toz-torbasi-elektrikli-supurge,BKS 1911 / BKS 1912 Toz Torbası Toz Torbası,249.0,9,Toz Torbasi,Küçük Ev Aletleri,Elektrikli Süpürge,5.0,19.0,28.0,,0,0,0,,0,0,0,,,,,,,0,,,0,,0,0,0,0,0,0,0,0,0,,0,0,0,0,0,0,,,,0,0,0,,0,0,0,0,0,0,0,,,0,0,,0,0,0,0,0,0,0,0,0,0,0,,,0,0,0,,,0,,0,0,0,0,0,0,0,0,,,,,,,,0,0,,,,0,0,0,0,0,0,0,0,0,,,,0,0,,0,0,0,0,,,0,0,,,0,0,,0,0,0,0,0,0,0,0,,0,0,0,0,0,0,0,,,0,0,0,0,,0,,0,0,0,,,,0,0,0,0,,0,0,0,,,,,0,0,0,0,,0,,0,,0,0,0,0,0,,0,0,0,2.5,,0,0,0,0,0,0,0,,0,0,,0,0,,0,0,0,,,,,0,0,0,0,,0,0,0,0,0,0,0,0,0,0,0,0,0,0,0,0,0,,,,,,,,0,0,0,,0,0,0,0,0,0.0,0,0,0,0,0,0,0.0,0.0,0,0,0,0,0,0,0,0,0,0,0,0,0,0,0,0,0,0,0,0,0,0,0,0,0,0,2,0
https://www.beko.com.tr/toz-torbasi/bks-1325-c-toz-torbasi-elektrikli-supurge,BKS 1325 C Toz Torbası Toz Torbası,249.0,20,Toz Torbasi,Küçük Ev Aletleri,Elektrikli Süpürge,5.0,19.0,28.0,,0,0,0,,0,0,0,,,,,,,0,,,0,,0,0,0,0,0,0,0,0,0,,0,0,0,0,0,0,,,,0,0,0,,0,0,0,0,0,0,0,,,0,0,,0,0,0,0,0,0,0,0,0,0,0,,,0,0,0,,,0,,0,0,0,0,0,0,0,0,,,,,,,,0,0,,,,0,0,0,0,0,0,0,0,0,,,,0,0,,0,0,0,0,,,0,0,,,0,0,,0,0,0,0,0,0,0,0,,0,0,0,0,0,0,0,,,0,0,0,0,,0,,0,0,0,,,,0,0,0,0,,0,0,0,,,,,0,0,0,0,,0,,0,,0,0,0,0,0,,0,0,0,3.5,,0,0,0,0,0,0,0,,0,0,,0,0,,0,0,0,,,,,0,0,0,0,,0,0,0,0,0,0,0,0,0,0,0,0,0,0,0,0,0,,,,,,,,0,0,0,,0,0,0,0,0,0.0,0,0,0,0,0,0,0.0,0.0,0,0,0,0,0,0,0,0,0,0,0,0,0,0,0,0,0,0,0,0,0,0,0,0,0,0,2,0
https://www.beko.com.tr/toz-torbasi/bks-2920---bks-2910-toz-torbasi-elektrikli-supurge,BKS 2920 / BKS 2910 Toz Torbası Toz Torbası,249.0,12,Toz Torbasi,Küçük Ev Aletleri,Elektrikli Süpürge,5.0,19.0,28.0,,0,0,0,,0,0,0,,,,,,,0,,,0,,0,0,0,0,0,0,0,0,0,,0,0,0,0,0,0,,,,0,0,0,,0,0,0,0,0,0,0,,,0,0,,0,0,0,0,0,0,0,0,0,0,0,,,0,0,0,,,0,,0,0,0,0,0,0,0,0,,,,,,,,0,0,,,,0,0,0,0,0,0,0,0,0,,,,0,0,,0,0,0,0,,,0,0,,,0,0,,0,0,0,0,0,0,0,0,,0,0,0,0,0,0,0,,,0,0,0,0,,0,,0,0,0,,,,0,0,0,0,,0,0,0,,,,,0,0,0,0,,0,,0,,0,0,0,0,0,,0,0,0,3.5,,0,0,0,0,0,0,0,,0,0,,0,0,,0,0,0,,,,,0,0,0,0,,0,0,0,0,0,0,0,0,0,0,0,0,0,0,0,0,0,,,,,,,,0,0,0,,0,0,0,0,0,0.0,0,0,0,0,0,0,0.0,0.0,0,0,0,0,0,0,0,0,0,0,0,0,0,0,0,0,0,0,0,0,0,0,0,0,0,0,2,0
https://www.beko.com.tr/sarjli-dikey-supurge/powerclean-pro-sd-8161-elektrikli-supurge,PowerClean® Pro SD 8161 Şarjlı Dikey Süpürge,23999.0,76,Sarjli Dikey Supurge,Küçük Ev Aletleri,Elektrikli Süpürge,27.0,32.0,112.0,,0,0,0,83.0,0,0,0,,,,,,,0,,,0,,0,0,0,0,0,0,0,0,0,,0,0,0,0,0,0,,,,0,0,0,,0,0,0,0,0,0,0,,,0,0,,0,0,0,0,0,0,0,0,0,0,0,,,0,0,0,,,0,,0,0,0,0,0,0,0,0,,,,,,,,0,0,,,,0,0,0,0,0,0,0,0,0,,,,0,0,,0,0,0,0,,,0,0,,,0,0,,0,0,0,0,0,0,0,0,,0,0,0,0,0,0,0,,,0,0,0,0,,0,,0,0,0,28.8,,,0,0,0,0,,0,0,0,,,,,0,0,0,0,,0,,0,,0,0,0,0,0,,0,0,0,0.9,,0,0,0,0,1,1,1,0.9,1,1,12,1,0,,1,1,1,,,,,0,0,0,0,,0,0,0,0,0,0,0,1,1,0,0,0,0,0,0,0,0,2.8,240.0,,,,,,0,0,0,,0,0,0,0,0,0.0,0,0,0,0,3,0,0.0,0.0,0,0,0,0,0,0,0,0,0,0,0,0,0,0,0,0,0,0,0,3,0,0,0,0,0,0,2,0
https://www.beko.com.tr/sarjli-dikey-supurge/sd-5141-elektrikli-supurge,SD 5141 Şarjlı Dikey Süpürge,13799.0,34,Sarjli Dikey Supurge,Küçük Ev Aletleri,Elektrikli Süpürge,15.0,25.0,110.0,,0,0,0,80.0,0,0,0,,,,,,,0,,,0,,0,0,0,0,0,0,0,0,0,,0,0,0,0,0,0,,,,0,0,0,,0,0,0,0,0,0,0,,,0,0,,0,0,0,0,0,0,0,0,0,0,0,,,0,0,0,,,0,,0,0,0,0,0,0,0,0,,,,,,,,0,0,,,,0,0,0,0,0,0,0,0,0,,,,0,0,,0,0,0,0,,,0,0,,,0,0,,0,0,0,0,0,0,0,0,,0,0,0,0,0,0,0,,,0,0,0,0,,0,,0,0,0,25.2,,,0,0,0,0,,0,0,0,,,,,0,0,0,0,,0,,0,,0,0,0,0,0,,0,0,0,0.55,,0,0,1,0,0,1,1,0.6,1,0,9,1,0,,0,1,1,,,,,0,0,0,0,,0,0,0,0,0,0,0,1,0,1,0,0,0,0,0,0,0,2.25,240.0,,,,2000.0,,0,0,0,,0,0,0,0,0,0.0,0,0,0,0,3,0,0.0,0.0,0,0,0,0,0,0,0,0,0,0,0,0,0,0,0,0,0,0,0,3,0,0,0,0,0,0,2,0
https://www.beko.com.tr/robot-supurge/robo-x-rs-2221-elektrikli-supurge,Robo-X RS 2221 Robot Süpürge,15999.0,35,Robot Supurge,Küçük Ev Aletleri,Elektrikli Süpürge,34.2,34.0,8.0,,0,0,0,65.0,0,0,0,,,,,,,0,,,0,,0,0,0,0,0,0,0,0,0,,0,0,0,0,0,0,,,,0,0,0,,0,0,0,0,0,0,0,,,0,0,,0,0,0,0,0,0,0,0,0,0,0,,,0,0,0,,,0,,0,0,0,0,0,0,0,0,,,,,,,,0,0,,,,0,0,0,0,0,0,0,0,0,,,,0,0,,0,0,0,0,,,0,0,,,0,0,,0,0,0,0,0,0,0,0,,0,0,0,0,0,0,0,,,0,0,0,0,,0,,0,0,0,14.4,,,0,0,0,0,,0,0,0,,,,,0,0,0,0,,0,,0,,0,0,0,0,0,,0,0,0,0.4,,0,0,0,0,0,0,0,0.4,0,0,60,1,1,4.0,1,0,0,,,,,0,0,0,0,,0,0,0,0,0,0,0,0,0,0,0,1,0,0,0,0,0,4.2,240.0,,,,3200.0,,1,0,0,,0,0,0,0,0,0.0,0,0,0,0,3,0,0.0,0.0,0,0,0,0,0,0,0,0,0,0,0,0,0,0,0,0,0,0,0,4,0,0,0,0,0,0,1,0
https://www.beko.com.tr/islak-kuru-dikey-supurge/hydrotrio-sd-5341-elektrikli-supurge,HydroTrio™ SD 5341 Islak Kuru Dikey Süpürge,15999.0,23,Islak Kuru Dikey Supurge,Küçük Ev Aletleri,Elektrikli Süpürge,34.5,16.0,119.0,,0,0,0,80.0,0,0,0,,,,,,,0,,,0,,0,0,0,0,0,0,0,0,0,,0,0,0,0,0,0,,,,0,0,0,,0,0,0,0,0,0,0,,,0,0,,0,0,0,0,0,0,0,0,0,0,0,,,0,0,0,,,0,,0,0,0,0,0,0,0,0,,,,,,,,0,0,,,,0,0,0,0,0,0,0,0,0,,,,0,0,,0,0,0,0,,,0,0,,,0,0,,0,0,0,0,0,0,0,0,,0,0,0,0,0,0,0,,,0,0,0,0,,0,,0,0,0,18.0,,,0,0,0,0,,0,0,0,,,,,0,0,0,0,,0,,0,,0,0,0,0,0,,0,0,0,,,0,0,0,0,0,0,0,0.5,0,0,16,0,1,,0,0,0,,,,,0,0,0,0,,0,0,0,0,0,0,0,1,0,1,0,0,0,0,0,0,0,2.94,240.0,,,,4000.0,,0,0,0,,0,0,0,0,0,0.0,0,0,0,0,2,0,0.0,0.0,0,0,0,0,0,0,0,0,0,0,0,0,0,0,0,0,0,0,0,0,0,0,0,0,0,0,2,0
https://www.beko.com.tr/robot-supurge/robo-x-3-1-vrr-82314-vb-elektrikli-supurge,Robo-X 3.1 VRR 82314 VB Robot Süpürge,29999.0,50,Robot Supurge,Küçük Ev Aletleri,Elektrikli Süpürge,35.0,35.0,10.0,,0,0,0,65.0,0,0,0,,,,,,,0,,,0,,0,0,0,0,0,0,0,0,0,,0,0,0,0,0,0,,,,0,0,0,,0,0,0,0,0,0,0,,,0,0,,0,0,0,0,0,0,0,0,0,0,0,,,0,0,0,,,0,,0,0,0,0,0,0,0,0,,,,,,,,0,0,,,,0,0,0,0,0,0,0,0,0,,,,0,0,,0,0,0,0,,,0,0,,,0,0,,0,0,0,0,0,0,0,0,,0,0,0,0,0,0,0,,,0,0,0,0,,0,,0,0,0,14.4,,,0,0,0,0,,0,0,0,,,,,0,0,0,0,,0,,0,,0,0,0,0,0,,0,0,0,,,0,0,0,0,0,0,0,0.3,0,0,50,1,1,4.0,1,0,0,,,,,0,0,0,0,,0,0,0,0,0,0,0,1,0,0,0,0,0,0,0,0,0,4.3,240.0,,,,5200.0,,1,1,0,,0,0,0,0,0,0.0,0,0,0,0,3,0,0.0,0.0,0,0,0,0,0,0,1,0,0,0,0,0,0,0,0,0,0,0,0,4,0,0,0,0,0,0,0,0
https://www.beko.com.tr/robot-supurge/robo-x-2-1-vrr-72314-vb-elektrikli-supurge,Robo-X 2.1 VRR 72314 VB Robot Süpürge,24999.0,21,Robot Supurge,Küçük Ev Aletleri,Elektrikli Süpürge,35.0,35.0,10.0,,0,0,0,65.0,0,0,0,,,,,,,0,,,0,,0,0,0,0,0,0,0,0,0,,0,0,0,0,0,0,,,,0,0,0,,0,0,0,0,0,0,0,,,0,0,,0,0,0,0,0,0,0,0,0,0,0,,,0,0,0,,,0,,0,0,0,0,0,0,0,0,,,,,,,,0,0,,,,0,0,0,0,0,0,0,0,0,,,,0,0,,0,0,0,0,,,0,0,,,0,0,,0,0,0,0,0,0,0,0,,0,0,0,0,0,0,0,,,0,0,0,0,,0,,0,0,0,14.4,,,0,0,0,0,,0,0,0,,,,,0,0,0,0,,0,,0,,0,0,0,0,0,,0,0,0,,,0,0,0,0,0,0,0,,0,0,50,1,1,4.0,1,0,1,,,,,0,0,0,0,,0,0,0,0,0,0,0,1,0,0,0,0,0,0,0,0,0,4.3,240.0,,,,5200.0,,1,1,0,,0,0,0,0,0,0.0,0,0,0,0,3,0,0.0,0.0,0,0,0,0,0,0,1,0,0,0,0,0,0,0,0,0,0,0,0,4,0,0,0,0,0,0,0,0
https://www.beko.com.tr/sarjli-dikey-supurge/sd-2341-elektrikli-supurge,SD 2341 Şarjlı Dikey Süpürge,10999.0,37,Sarjli Dikey Supurge,Küçük Ev Aletleri,Elektrikli Süpürge,22.0,27.0,122.0,,0,0,0,80.0,0,0,0,,,,,,,0,,,0,,0,0,0,0,0,0,0,0,0,,0,0,0,0,0,0,,,,0,0,0,,0,0,0,0,0,0,0,,,0,0,,0,0,0,0,0,0,0,0,0,0,0,,,0,0,0,,,0,,0,0,0,0,0,0,0,0,,,,,,,,0,0,,,,0,0,0,0,0,0,0,0,0,,,,0,0,,0,0,0,0,,,0,0,,,0,0,,0,0,0,0,0,0,0,0,,0,0,0,0,0,0,0,,,0,0,0,0,,0,,0,0,0,25.2,,,0,0,0,0,,0,0,0,,,,,0,0,0,0,,0,,0,,0,0,0,0,0,,0,0,0,0.7,,0,0,0,0,0,1,1,0.7,1,0,18,1,0,,0,1,1,,,,,0,0,0,0,,0,0,0,0,0,0,0,0,0,1,0,1,0,0,0,0,0,2.25,240.0,,,,,,0,0,0,,0,0,0,0,0,0.0,0,0,0,0,2,0,0.0,0.0,0,0,0,0,0,0,0,0,0,0,0,0,0,0,0,0,0,0,0,3,0,0,0,0,0,0,2,0
https://www.beko.com.tr/sarjli-dikey-supurge/powerclean-2-0-vrt-86325-vi-elektrikli-supurge,PowerClean® 2.0 VRT 86325 VI Şarjlı Dikey Süpürge,16999.0,17,Sarjli Dikey Supurge,Küçük Ev Aletleri,Elektrikli Süpürge,25.4,28.0,109.0,,0,0,0,80.0,0,0,0,,,,,,,0,,,0,,0,0,0,0,0,0,0,0,0,,0,0,0,0,0,0,,,,0,0,0,,0,0,0,0,0,0,0,,,0,0,,0,0,0,0,0,0,0,0,0,0,0,,,0,0,0,,,0,,0,0,0,0,0,0,0,0,,,,,,,,0,0,,,,0,0,0,0,0,0,0,0,0,,,,0,0,,0,0,0,0,,,0,0,,,0,0,,0,0,0,0,0,0,0,0,,0,0,0,0,0,0,0,,,0,0,0,0,,0,,0,0,0,25.2,,,0,0,0,0,,0,0,0,,,,,0,0,0,0,,0,,0,,0,0,0,0,0,,0,0,0,0.5,,0,0,0,0,0,1,1,0.5,1,0,10,1,1,3.0,0,1,1,,,,,0,0,0,0,,0,0,0,0,0,0,0,1,1,0,0,0,0,0,0,0,0,2.8,240.0,,,,2500.0,,0,0,0,,0,0,0,0,0,0.0,0,0,0,0,3,0,0.0,0.0,0,0,0,0,0,0,0,0,0,0,0,0,0,0,0,0,0,0,0,0,0,0,0,0,0,0,2,0
https://www.beko.com.tr/robot-supurge/robo-x-4-0-vrr-95514-vw-elektrikli-supurge,Robo-X 4.0 VRR 95514 VW Robot Süpürge,47999.0,26,Robot Supurge,Küçük Ev Aletleri,Elektrikli Süpürge,34.0,34.0,10.0,,0,0,0,65.0,0,0,0,,,,,,,0,,,0,,0,0,0,0,0,0,0,0,0,,0,0,0,0,0,0,,,,0,0,0,,0,0,0,0,0,0,0,,,0,0,,0,0,0,0,0,0,0,0,0,0,0,,,0,0,0,,,0,,0,0,0,0,0,0,0,0,,,,,,,,0,0,,,,0,0,0,0,0,0,0,0,0,,,,0,0,,0,0,0,0,,,0,0,,,0,0,,0,0,0,0,0,0,0,0,,0,0,0,0,0,0,0,,,0,0,0,0,,0,,0,0,0,14.4,1.5,,0,0,0,0,,0,0,0,,,,,0,0,0,0,,0,,0,,0,0,0,0,0,,0,0,0,0.4,,0,0,0,0,0,0,0,0.4,0,0,65,1,1,4.0,1,0,0,,,,,0,0,0,0,,0,0,0,0,0,0,0,1,0,0,0,0,0,0,0,0,0,4.3,240.0,,,,6000.0,,1,1,0,,0,0,0,0,0,0.0,0,0,0,0,3,0,0.0,0.0,0,0,0,0,0,0,1,0,0,0,0,0,0,0,0,0,0,0,0,4,0,0,0,0,0,0,0,0
https://www.beko.com.tr/islak-kuru-supurge/bissell-crosswave-hydrosteam-pet-select-elektrikli-supurge,Bissell CrossWave HydroSteam Pet Select Islak Kuru Süpürge,27999.0,1,Islak Kuru Supurge,Küçük Ev Aletleri,Elektrikli Süpürge,25.0,27.0,118.0,,0,0,0,76.0,0,0,0,,,,,,,0,,,0,,0,0,0,0,0,0,0,0,0,,0,0,0,0,0,0,,,,0,0,0,,0,0,0,0,0,0,0,,,0,0,,0,0,0,0,0,0,0,0,0,0,0,,,0,0,0,,,0,,0,0,0,0,0,0,0,0,,,,,,,,0,0,,,,0,0,0,0,0,0,0,0,0,,,,0,0,,0,0,0,0,,,0,0,,,0,0,,0,0,0,0,0,0,0,0,,0,0,0,0,0,0,0,,,0,0,0,0,,0,,0,0,0,,7.5,,0,0,0,0,,0,0,0,,,,,0,0,0,0,,0,,0,,0,0,0,0,0,,0,0,0,,,0,1,0,1,1,0,0,,0,1,,0,1,,0,0,1,,,,,0,0,0,0,,0,0,0,0,0,0,0,0,0,0,0,0,0,0,1,0,0,5.67,,,,,,,0,0,0,,0,0,0,0,0,0.0,0,0,0,0,2,0,0.0,0.0,0,0,0,0,0,0,0,0,0,0,0,0,0,0,0,0,0,0,0,0,0,0,0,0,0,0,2,0
https://www.beko.com.tr/buharli-utu/actipress-expert-beu-8030-d-utu,ActiPress® Expert BEU 8030 D Buharlı Ütü,7499.0,158,Buharli Utu,Küçük Ev Aletleri,Ütü,31.5,12.0,16.0,,0,0,0,,0,0,0,,,,,,,0,,,0,,0,0,0,0,0,0,0,0,0,,0,0,0,0,0,0,,,,0,0,0,,0,0,0,0,0,0,0,,,0,0,,0,0,0,0,0,0,0,0,0,0,0,,,0,0,0,,,0,,0,0,0,0,0,0,0,0,,,,,,,,0,0,,,,0,0,0,0,0,0,0,0,0,,,,0,0,,0,0,0,0,,,0,0,,,0,0,,0,0,0,0,0,0,0,0,,0,0,0,0,0,0,0,,,0,1,0,0,,0,,0,0,0,,,,0,0,0,0,,0,0,0,,,,,0,0,0,0,,0,,0,,0,0,0,0,0,,0,0,0,,,0,0,0,0,0,0,0,,0,0,,0,0,,0,0,0,280,63,30,0,1,1,1,0,,0,0,0,0,0,0,0,1,0,1,0,0,0,0,0,0,0,1.78,,3000.0,0.35,,,,0,0,0,,0,0,0,0,0,0.0,0,0,0,0,0,0,0.0,0.0,0,0,0,0,0,0,0,0,0,0,0,0,0,0,2,0,0,0,0,0,0,0,0,0,0,0,2,0
https://www.beko.com.tr/kazanli-utu/actipress-masterpro-bku-8130-utu,ActiPress® MasterPro BKU 8130 Kazanlı Ütü,17699.0,34,Kazanli Utu,Küçük Ev Aletleri,Ütü,22.0,43.0,32.0,,0,0,0,,0,0,0,,,,,,,0,,,0,,0,0,0,0,0,0,0,0,0,,0,0,0,0,0,0,,,,0,0,0,,0,0,0,0,0,0,0,,,0,0,,0,0,0,0,0,0,0,0,0,0,0,,,0,0,0,,,0,,0,0,0,0,0,0,0,0,,,,,,,,0,0,,,,0,0,0,0,0,0,0,0,0,,,,0,0,,0,0,0,0,,,0,0,,,0,0,,0,0,0,0,0,0,0,0,,0,0,0,0,0,0,0,,,0,0,0,0,,0,,0,0,0,,,,0,0,0,0,,0,0,0,,,,,0,0,0,0,,0,,0,,0,0,0,0,0,,0,0,0,,,0,0,0,1,0,0,0,,0,0,,0,0,,0,0,0,600,165,8,30,0,0,1,0,,0,0,0,0,0,0,0,1,0,1,0,0,0,0,0,0,0,5.8,,3000.0,,,,,0,0,0,,0,0,0,0,0,0.0,0,0,0,0,0,0,0.0,0.0,0,0,0,0,0,0,0,0,0,0,0,0,0,0,2,0,0,0,0,0,0,0,0,0,0,0,2,0
https://www.beko.com.tr/kazanli-utu/actipress-master-bku-5030-utu,ActiPress® Master BKU 5030 Kazanlı Ütü,14449.0,13,Kazanli Utu,Küçük Ev Aletleri,Ütü,22.0,43.0,32.0,,0,0,0,,0,0,0,,,,,,,0,,,0,,0,0,0,0,0,0,0,0,0,,0,0,0,0,0,0,,,,0,0,0,,0,0,0,0,0,0,0,,,0,0,,0,0,0,0,0,0,0,0,0,0,0,,,0,0,0,,,0,,0,0,0,0,0,0,0,0,,,,,,,,0,0,,,,0,0,0,0,0,0,0,0,0,,,,0,0,,0,0,0,0,,,0,0,,,0,0,,0,0,0,0,0,0,0,0,,0,0,0,0,0,0,0,,,0,0,0,0,,0,,0,0,0,,,,0,0,0,0,,0,0,0,,,,,0,0,0,0,,0,,0,,0,0,0,0,0,,0,0,0,,,0,0,0,0,0,0,0,,0,0,,0,0,,0,0,0,450,150,8,0,0,0,1,0,,0,0,0,0,0,0,0,1,0,1,0,0,0,0,0,0,0,5.8,,3000.0,,,,,0,0,0,,0,0,0,0,0,0.0,0,0,0,0,0,0,0.0,0.0,0,0,0,0,0,0,0,0,0,0,0,0,0,0,2,0,0,0,0,0,0,0,0,0,0,0,2,0
https://www.beko.com.tr/buharli-kirisik-giderici/stm-7122-b-utu,STM 7122 B Buharlı Kırışık Giderici,4899.0,7,Buharli Kirisik Giderici,Küçük Ev Aletleri,Ütü,12.0,14.0,30.0,,0,0,0,,0,0,0,,,,,,,0,,,0,,0,0,0,0,0,0,0,0,0,,0,0,0,0,0,0,,,,0,0,0,,0,0,0,0,0,0,0,,,0,0,,0,0,0,0,0,0,0,0,0,0,0,,,0,0,0,,,0,,0,0,0,0,0,0,0,0,,,,,,,,0,0,,,,0,0,0,0,0,0,0,0,0,,,,0,0,,0,0,0,0,,,0,0,,,0,0,,0,0,0,0,0,0,0,0,,0,0,0,0,0,0,0,,,0,1,0,0,,0,,0,0,0,,,,0,0,0,0,,0,0,0,,,,,0,0,0,0,,0,,0,,0,0,0,0,0,,0,0,0,,,0,0,0,0,0,0,0,,0,0,,0,0,,0,0,0,,30,,,0,0,1,0,,0,0,0,0,0,0,0,1,0,1,0,0,0,0,0,0,0,,,2280.0,0.2,,,,0,0,0,,0,0,0,0,0,0.0,0,0,0,0,0,0,0.0,0.0,0,0,0,0,0,0,0,0,0,0,0,0,0,0,1,0,0,0,0,0,0,0,0,0,0,0,2,0
https://www.beko.com.tr/buharli-utu/beu-5024-utu,BEU 5024 Buharlı Ütü,4299.0,5,Buharli Utu,Küçük Ev Aletleri,Ütü,12.4,32.0,17.0,,0,0,0,,0,0,0,,,,,,,0,,,0,,0,0,0,0,0,0,0,0,0,,0,0,0,0,0,0,,,,0,0,0,,0,0,0,0,0,0,0,,,0,0,,0,0,0,0,0,0,0,0,0,0,0,,,0,0,0,,,0,,0,0,0,0,0,0,0,0,,,,,,,,0,0,,,,0,0,0,0,0,0,0,0,0,,,,0,0,,0,0,0,0,,,0,0,,,0,0,,0,0,0,0,0,0,0,0,,0,0,0,0,0,0,0,,,0,1,0,0,,0,,0,0,0,,,,0,0,0,0,,0,0,0,,,,,0,0,0,0,,0,,0,,0,0,0,0,0,,0,0,0,,,0,0,0,0,0,0,0,,0,0,,0,0,,0,0,0,,45,8,30,1,1,1,0,,0,0,0,0,0,0,0,1,1,0,0,0,0,0,0,0,0,1.55,,2400.0,0.35,,,,0,0,0,,0,0,0,0,0,0.0,0,0,0,0,0,0,0.0,0.0,0,0,0,0,0,0,0,0,0,0,0,0,0,0,2,0,0,0,0,0,0,0,0,0,0,0,2,0
https://www.beko.com.tr/buharli-utu/sim-4024-b-utu,SIM 4024 B Buharlı Ütü,3699.0,3,Buharli Utu,Küçük Ev Aletleri,Ütü,12.4,32.0,17.0,,0,0,0,,0,0,0,,,,,,,0,,,0,,0,0,0,0,0,0,0,0,0,,0,0,0,0,0,0,,,,0,0,0,,0,0,0,0,0,0,0,,,0,0,,0,0,0,0,0,0,0,0,0,0,0,,,0,0,0,,,0,,0,0,0,0,0,0,0,0,,,,,,,,0,0,,,,0,0,0,0,0,0,0,0,0,,,,0,0,,0,0,0,0,,,0,0,,,0,0,,0,0,0,0,0,0,0,0,,0,0,0,0,0,0,0,,,0,1,0,0,,0,,0,0,0,,,,0,0,0,0,,0,0,0,,,,,0,0,0,0,,0,,0,,0,0,0,0,0,,0,0,0,,,0,0,0,0,0,0,0,,0,0,,0,0,,0,0,0,,45,30,0,1,1,1,0,,0,0,0,0,0,0,0,1,0,0,0,0,1,0,0,0,0,1.55,,2400.0,0.35,,,,0,0,0,,0,0,0,0,0,0.0,0,0,0,0,0,0,0.0,0.0,0,0,0,0,0,0,0,0,0,0,0,0,0,0,2,0,0,0,0,0,0,0,0,0,0,0,2,0
https://www.beko.com.tr/seyahat-utusu/stm-2110-b-utu,STM 2110 B Seyahat Ütüsü,3199.0,0,Seyahat Utusu,Küçük Ev Aletleri,Ütü,,,,,0,0,0,,0,0,0,,,,,,,0,,,0,,0,0,0,0,0,0,0,0,0,,0,0,0,0,0,0,,,,0,0,0,,0,0,0,0,0,0,0,,,0,0,,0,0,0,0,0,0,0,0,0,0,0,,,0,0,0,,,0,,0,0,0,0,0,0,0,0,,,,,,,,0,0,,,,0,0,0,0,0,0,0,0,0,,,,0,0,,0,0,0,0,,,0,0,,,0,0,,0,0,0,0,0,0,0,0,,0,0,0,0,0,0,0,,,0,0,0,0,,0,,0,0,0,,,,0,0,0,0,,0,0,0,,,,,0,0,0,0,,0,,0,,0,0,0,0,0,,0,0,0,,,0,0,0,0,0,0,0,,0,0,,0,0,,0,0,0,,,,,0,0,0,0,,0,0,0,0,0,0,0,0,0,0,0,0,0,0,0,0,0,,,,,,,,0,0,0,,0,0,0,0,0,0.0,0,0,0,0,0,0,0.0,0.0,0,0,0,0,0,0,0,0,0,0,0,0,0,0,0,0,0,0,0,0,0,0,0,0,0,0,2,0
https://www.beko.com.tr/buharli-kirisik-giderici/bkg-5916-utu,BKG 5916 Buharlı Kırışık Giderici,4799.0,87,Buharli Kirisik Giderici,Küçük Ev Aletleri,Ütü,12.0,13.0,30.0,,0,0,0,,0,0,0,,,,,,,0,,,0,,0,0,0,0,0,0,0,0,0,,0,0,0,0,0,0,,,,0,0,0,,0,0,0,0,0,0,0,,,0,0,,0,0,0,0,0,0,0,0,0,0,0,,,0,0,0,,,0,,0,0,0,0,0,0,0,0,,,,,,,,0,0,,,,0,0,0,0,0,0,0,0,0,,,,0,0,,0,0,0,0,,,0,0,,,0,0,,0,0,0,0,0,0,0,0,,0,0,0,0,0,0,0,,,0,1,0,0,,0,,0,0,0,,,,0,0,0,0,,0,0,0,,,,,0,0,0,0,,0,,0,,0,0,0,0,0,,0,0,0,,,0,0,0,0,0,0,0,,0,0,,0,0,,0,0,0,,25,,,0,0,1,0,,0,0,0,0,0,0,0,1,0,0,0,0,0,0,0,0,0,,,1600.0,0.23,,,,0,0,0,,0,0,0,0,0,0.0,0,0,0,0,0,0,0.0,0.0,0,0,0,0,0,0,0,0,0,0,0,0,0,0,1,0,0,0,0,0,0,0,0,0,0,0,2,0
https://www.beko.com.tr/buharli-utu/actipress-expert-beu-8030-m-utu,ActiPress® Expert BEU 8030 M Buharlı Ütü,6499.0,25,Buharli Utu,Küçük Ev Aletleri,Ütü,12.4,32.0,17.0,,0,0,0,,0,0,0,,,,,,,0,,,0,,0,0,0,0,0,0,0,0,0,,0,0,0,0,0,0,,,,0,0,0,,0,0,0,0,0,0,0,,,0,0,,0,0,0,0,0,0,0,0,0,0,0,,,0,0,0,,,0,,0,0,0,0,0,0,0,0,,,,,,,,0,0,,,,0,0,0,0,0,0,0,0,0,,,,0,0,,0,0,0,0,,,0,0,,,0,0,,0,0,0,0,0,0,0,0,,0,0,0,0,0,0,0,,,0,1,0,0,,0,,0,0,0,,,,0,0,0,0,,0,0,0,,,,,0,0,0,0,,0,,0,,0,0,0,0,0,,0,0,0,,,0,0,0,0,0,0,0,,0,0,,0,0,,0,0,0,270,55,30,0,1,1,1,0,,0,0,0,0,0,0,0,0,0,0,1,0,0,0,0,0,0,1.64,,3000.0,0.35,,,,0,0,0,,0,0,0,0,0,0.0,0,0,0,0,0,0,0.0,0.0,0,0,0,0,0,0,0,0,0,0,0,0,0,0,2,0,0,0,0,0,0,0,0,0,0,0,2,0
https://www.beko.com.tr/buharli-utu/beu-4124-utu,BEU 4124 Buharlı Ütü,4299.0,8,Buharli Utu,Küçük Ev Aletleri,Ütü,30.5,12.0,15.0,,0,0,0,,0,0,0,,,,,,,0,,,0,,0,0,0,0,0,0,0,0,0,,0,0,0,0,0,0,,,,0,0,0,,0,0,0,0,0,0,0,,,0,0,,0,0,0,0,0,0,0,0,0,0,0,,,0,0,0,,,0,,0,0,0,0,0,0,0,0,,,,,,,,0,0,,,,0,0,0,0,0,0,0,0,0,,,,0,0,,0,0,0,0,,,0,0,,,0,0,,0,0,0,0,0,0,0,0,,0,0,0,0,0,0,0,,,0,1,0,0,,0,,0,0,0,,,,0,0,0,0,,0,0,0,,,,,0,0,0,0,,0,,0,,0,0,0,0,0,,0,0,0,,,0,0,0,0,0,0,0,,0,0,,0,0,,0,0,0,150,40,,,1,1,1,0,,0,0,0,0,0,0,0,0,0,1,0,0,0,0,0,0,0,1.568,,2400.0,0.35,,,,0,0,0,,0,0,0,0,0,0.0,0,0,0,0,0,0,0.0,0.0,0,0,0,0,0,0,0,0,0,0,0,0,0,0,2,0,0,0,0,0,0,0,0,0,0,0,2,0
https://www.beko.com.tr/seyahat-utusu/stm-2110-m-utu,STM 2110 M Seyahat Ütüsü,3199.0,0,Seyahat Utusu,Küçük Ev Aletleri,Ütü,,,,,0,0,0,,0,0,0,,,,,,,0,,,0,,0,0,0,0,0,0,0,0,0,,0,0,0,0,0,0,,,,0,0,0,,0,0,0,0,0,0,0,,,0,0,,0,0,0,0,0,0,0,0,0,0,0,,,0,0,0,,,0,,0,0,0,0,0,0,0,0,,,,,,,,0,0,,,,0,0,0,0,0,0,0,0,0,,,,0,0,,0,0,0,0,,,0,0,,,0,0,,0,0,0,0,0,0,0,0,,0,0,0,0,0,0,0,,,0,0,0,0,,0,,0,0,0,,,,0,0,0,0,,0,0,0,,,,,0,0,0,0,,0,,0,,0,0,0,0,0,,0,0,0,,,0,0,0,0,0,0,0,,0,0,,0,0,,0,0,0,,,,,0,0,0,0,,0,0,0,0,0,0,0,0,0,0,0,0,0,0,0,0,0,,,,,,,,0,0,0,,0,0,0,0,0,0.0,0,0,0,0,0,0,0.0,0.0,0,0,0,0,0,0,0,0,0,0,0,0,0,0,0,0,0,0,0,0,0,0,0,0,0,0,2,0
https://www.beko.com.tr/kazanli-utu/actipress-master-station-sga-7124-d-utu,ActiPress® Master Station SGA 7124 D Kazanlı Ütü,6999.0,11,Kazanli Utu,Küçük Ev Aletleri,Ütü,31.0,22.0,39.0,,0,0,0,,0,0,0,,,,,,,0,,,0,,0,0,0,0,0,0,0,0,0,,0,0,0,0,0,0,,,,0,0,0,,0,0,0,0,0,0,0,,,0,0,,0,0,0,0,0,0,0,0,0,0,0,,,0,0,0,,,0,,0,0,0,0,0,0,0,0,,,,,,,,0,0,,,,0,0,0,0,0,0,0,0,0,,,,0,0,,0,0,0,0,,,0,0,,,0,0,,0,0,0,0,0,0,0,0,,0,0,0,0,0,0,0,,,0,0,0,0,,0,,0,0,0,,,,0,0,0,0,,0,0,0,,,,,0,0,0,0,,0,,0,,0,0,0,0,0,,0,0,0,,,0,0,0,0,0,0,0,,0,0,,0,0,,0,0,0,360,110,,,0,0,1,0,,0,0,0,0,0,0,0,0,0,1,0,0,0,0,0,0,0,4.6,,2400.0,,,,,0,0,0,,0,0,0,0,0,0.0,0,0,0,0,0,0,0.0,0.0,0,0,0,0,0,0,0,0,0,0,0,0,0,0,2,0,0,0,0,0,0,0,0,0,0,0,2,0
https://www.beko.com.tr/buharli-utu/actipress-expert-beu-5024-m-utu,ActiPress® Expert BEU 5024 M Buharlı Ütü,4299.0,44,Buharli Utu,Küçük Ev Aletleri,Ütü,12.4,32.0,17.0,,0,0,0,,0,0,0,,,,,,,0,,,0,,0,0,0,0,0,0,0,0,0,,0,0,0,0,0,0,,,,0,0,0,,0,0,0,0,0,0,0,,,0,0,,0,0,0,0,0,0,0,0,0,0,0,,,0,0,0,,,0,,0,0,0,0,0,0,0,0,,,,,,,,0,0,,,,0,0,0,0,0,0,0,0,0,,,,0,0,,0,0,0,0,,,0,0,,,0,0,,0,0,0,0,0,0,0,0,,0,0,0,0,0,0,0,,,0,1,0,0,,0,,0,0,0,,,,0,0,0,0,,0,0,0,,,,,0,0,0,0,,0,,0,,0,0,0,0,0,,0,0,0,,,0,0,0,0,0,0,0,,0,0,,0,0,,0,0,0,230,45,30,0,1,1,1,0,,0,0,0,0,0,0,0,1,1,0,0,0,0,0,0,0,0,1.55,,2400.0,0.35,,,,0,0,0,,0,0,0,0,0,0.0,0,0,0,0,0,0,0.0,0.0,0,0,0,0,0,0,0,0,0,0,0,0,0,0,2,0,0,0,0,0,0,0,0,0,0,0,2,0
https://www.beko.com.tr/utu-masasi/utu-masasi-s-utu,Ütü Masası S Ütü Masası,4799.0,47,Utu Masasi,Küçük Ev Aletleri,Ütü,40.0,148.0,96.0,,0,0,0,,0,0,0,,,,,,,0,,,0,,0,0,0,0,0,0,0,0,0,,0,0,0,0,0,0,,,,0,0,0,,0,0,0,0,0,0,0,,,0,0,,0,0,0,0,0,0,0,0,0,0,0,,,0,0,0,,,0,,0,0,0,0,0,0,0,0,,,,,,,,0,0,,,,0,0,0,0,0,0,0,0,0,,,,0,0,,0,0,0,0,,,0,0,,,0,0,,0,0,0,0,0,0,0,0,,0,0,0,0,0,0,0,,,0,0,0,0,,0,,0,0,0,,190.0,,0,0,0,0,,0,0,0,,,,,0,0,0,0,,0,,0,,0,0,0,0,0,,0,0,0,,,0,0,0,0,0,0,0,,0,0,,0,0,,0,0,0,,,,,0,0,0,0,,0,0,0,0,0,0,0,0,0,0,0,0,0,0,0,0,0,,,,,,,,0,0,0,,0,0,0,0,0,0.0,0,0,0,0,0,0,0.0,0.0,0,0,0,0,0,0,0,0,0,0,0,0,0,0,0,0,0,0,0,0,0,0,0,0,0,0,2,0
https://www.beko.com.tr/el-blender/rhb-5050-r-floral-karistirici-dograyici,RHB 5050 R Floral El Blender,5849.0,116,El Blender,Küçük Ev Aletleri,Karıştırıcı& Doğrayıcı,20.0,24.0,41.0,,0,0,0,,0,0,0,,,,,,,0,,,0,,0,0,0,0,0,0,0,0,0,,0,0,0,0,0,0,,,,0,0,0,,0,0,0,0,0,0,0,,,0,0,,0,0,0,0,0,0,0,0,0,0,0,,,1,0,0,,,0,,0,0,0,0,0,0,0,0,,,,,,,,0,0,,,,0,0,0,0,0,0,0,0,0,,,,0,0,,0,0,0,0,,,0,0,,,0,0,,0,0,0,0,0,0,0,0,,0,0,0,0,0,1,0,,,0,0,0,0,,0,,0,0,0,,,,0,0,0,0,,0,0,0,,,,,0,0,0,0,,0,1,0,,0,0,0,0,0,,0,0,0,,,0,0,0,0,0,0,0,,0,0,,0,0,,0,0,0,,,,,0,0,0,1,0.00175,1,1,1,1,1,1,0,0,0,0,1,0,0,1,0,0,0,2.33,,1500.0,,,,,0,0,0,,0,0,0,0,0,0.0,0,0,0,0,0,0,0.0,0.0,0,0,0,0,0,0,0,0,1,0,0,0,0,0,0,0,0,0,0,0,0,0,0,0,0,0,2,0
https://www.beko.com.tr/el-blender/rhb-5050-floral-karistirici-dograyici,RHB 5050 Floral El Blender,5849.0,143,El Blender,Küçük Ev Aletleri,Karıştırıcı& Doğrayıcı,20.0,24.0,41.0,,0,0,0,,0,0,0,,,,,,,0,,,0,,0,0,0,0,0,0,0,0,0,,0,0,0,0,0,0,,,,0,0,0,,0,0,0,0,0,0,0,,,0,0,,0,0,0,0,0,0,0,0,0,0,0,,,1,0,0,,,0,,0,0,0,0,0,0,0,0,,,,,,,,0,0,,,,0,0,0,0,0,0,0,0,0,,,,0,0,,0,0,0,0,,,0,0,,,0,0,,0,0,0,0,0,0,0,0,,0,0,0,0,0,1,0,,,0,0,0,0,,0,,0,0,0,,,,0,0,0,0,,0,0,0,,,,,0,0,0,0,,0,1,0,,0,0,0,0,0,,0,0,0,,,0,0,0,0,0,0,0,,0,0,,0,0,,0,0,0,,,,,0,0,0,1,0.00175,1,1,1,1,1,1,0,0,0,0,0,1,0,0,0,0,0,2.33,,1500.0,,,,,0,0,0,,0,0,0,0,0,0.0,0,0,0,0,0,0,0.0,0.0,0,0,0,0,0,0,0,0,1,0,0,0,0,0,0,0,0,0,0,0,0,0,0,0,0,0,2,0
https://www.beko.com.tr/blender/tb-8180-ci-starlight-karistirici-dograyici,TB 8180 CI Starlight™ Blender,6049.0,63,Blender,Küçük Ev Aletleri,Karıştırıcı& Doğrayıcı,15.5,16.0,40.0,,0,0,0,,0,0,0,,,,,,,0,,,0,,0,0,0,0,0,0,0,0,0,,0,0,0,0,0,0,,,,0,0,0,,0,0,0,0,0,0,0,,,0,0,,0,0,0,0,0,0,0,0,0,0,0,,,0,0,0,,,0,,0,0,0,0,0,0,0,0,,,,,,,,0,0,,,,0,0,0,0,0,0,0,0,0,,,,0,0,,0,0,0,0,,,0,0,,,0,0,,0,0,0,0,0,0,0,0,,0,0,0,0,0,0,0,,,0,0,0,0,,0,,0,0,0,,,,0,0,0,0,,0,0,0,,,,,0,0,0,0,,0,,0,,0,0,0,0,0,,0,0,0,,,0,0,0,0,0,0,0,,0,0,,0,0,,0,0,0,,,,,0,0,0,0,1.0,0,0,0,0,0,0,1,0,1,0,0,0,0,0,0,0,0,3.7,,800.0,,,,,0,1,0,,0,0,0,0,0,0.0,0,0,0,0,0,0,0.0,0.0,0,0,0,0,0,0,0,0,0,0,0,0,0,0,0,0,0,0,0,0,0,0,0,0,0,0,1,0
https://www.beko.com.tr/el-blender/hbs-8170-ci-starlight-karistirici-dograyici,HBS 8170 CI Starlight® El Blender,6349.0,74,El Blender,Küçük Ev Aletleri,Karıştırıcı& Doğrayıcı,6.0,6.0,43.0,,0,0,0,,0,0,0,,,,,,,0,,,0,,0,0,0,0,0,0,0,0,0,,0,0,0,0,0,0,,,,0,0,0,,0,0,0,0,0,0,0,,,0,0,,0,0,0,0,0,0,0,0,0,0,0,,,0,0,0,,,0,,0,0,0,0,0,0,0,0,,,,,,,,0,0,,,,0,0,0,0,0,0,0,0,0,,,,0,0,,0,0,0,0,,,0,0,,,0,0,,0,0,0,0,0,0,0,0,,0,0,0,0,0,1,0,,,0,0,0,0,,0,,0,0,0,,,,0,0,0,0,,0,0,0,,,,,0,0,0,0,,0,,0,,0,0,0,0,0,,0,0,0,,,0,0,0,0,0,0,0,,0,0,,0,0,,0,0,0,,,,,0,0,0,1,0.001,1,1,1,1,1,1,0,0,1,0,0,0,0,0,0,0,0,1.6,,750.0,,,,,0,0,0,,0,0,0,0,0,0.0,0,0,0,0,0,0,0.0,0.0,0,0,0,0,0,0,0,0,2,0,0,0,0,0,0,0,0,0,0,0,0,0,0,0,0,0,2,0
https://www.beko.com.tr/el-blender/hb-5410-karistirici-dograyici,HB 5410 El Blender,1949.0,2,El Blender,Küçük Ev Aletleri,Karıştırıcı& Doğrayıcı,20.0,24.0,41.0,,0,0,0,,0,0,0,,,,,,,0,,,0,,0,0,0,0,0,0,0,0,0,,0,0,0,0,0,0,,,,0,0,0,,0,0,0,0,0,0,0,,,0,0,,0,0,0,0,0,0,0,0,0,0,0,,,0,0,0,,,0,,0,0,0,0,0,0,0,0,,,,,,,,0,0,,,,0,0,0,0,0,0,0,0,0,,,,0,0,,0,0,0,0,,,0,0,,,0,0,,0,0,0,0,0,0,0,0,,0,0,0,0,0,1,0,,,0,0,0,0,,0,,0,0,0,,,,0,0,0,0,,0,0,0,,,,,0,0,0,0,,0,,0,,0,0,0,0,0,,0,0,0,,,0,0,0,0,0,0,0,,0,0,,0,0,,0,0,0,,,,,0,0,0,1,0.9,0,0,1,1,0,0,0,0,0,0,0,1,0,0,0,0,0,2.36,,1500.0,,,,,0,0,0,,0,0,0,0,0,0.0,0,0,0,0,0,0,0.0,0.0,0,0,0,0,0,0,0,0,0,0,0,0,0,0,0,0,0,0,0,0,0,0,0,0,0,0,2,0
https://www.beko.com.tr/hamur-yogurma-ve-mutfak-makinesi/mm-5491-s-karistirici-dograyici,MM 5491 S Hamur Yoğurma Hamur Yoğurma ve Mutfak Makinesi,9099.0,25,Hamur Yogurma Ve Mutfak Makinesi,Küçük Ev Aletleri,Karıştırıcı& Doğrayıcı,22.5,39.0,35.0,,0,0,0,,0,0,0,,,,,,,0,,,0,,0,0,0,0,0,0,0,0,0,,0,0,0,0,0,0,,,,0,0,0,,0,0,0,0,0,0,0,,,0,0,,0,0,0,0,0,0,0,0,0,0,0,,,0,0,0,,,0,,0,0,0,0,0,0,0,0,,,,,,,,0,0,,,,0,0,0,0,0,0,0,0,0,,,,0,0,,0,0,0,0,,,0,0,,,0,0,,0,0,0,0,0,0,0,0,,0,0,0,0,0,0,0,,,0,0,0,0,,0,,0,0,0,,,,0,0,0,0,,0,0,0,,,,,0,0,0,0,,0,10,0,,0,0,0,0,0,,0,0,0,,,0,0,0,0,0,0,0,,0,0,,0,0,,0,0,0,,,,,0,0,0,0,,0,0,0,0,0,0,0,0,0,0,0,0,0,0,0,0,0,8.58,,1500.0,,,,,0,0,0,,0,0,0,0,0,0.0,0,0,0,0,0,0,0.0,0.0,0,0,0,0,0,0,0,0,0,0,0,0,0,0,0,0,0,0,0,0,0,0,0,0,0,0,2,0
https://www.beko.com.tr/hamur-yogurma-ve-mutfak-makinesi/mm-5491-r-karistirici-dograyici,MM 5491 R Hamur Yoğurma Hamur Yoğurma ve Mutfak Makinesi,9099.0,15,Hamur Yogurma Ve Mutfak Makinesi,Küçük Ev Aletleri,Karıştırıcı& Doğrayıcı,22.5,39.0,35.0,,0,0,0,,0,0,0,,,,,,,0,,,0,,0,0,0,0,0,0,0,0,0,,0,0,0,0,0,0,,,,0,0,0,,0,0,0,0,0,0,0,,,0,0,,0,0,0,0,0,0,0,0,0,0,0,,,0,0,0,,,0,,0,0,0,0,0,0,0,0,,,,,,,,0,0,,,,0,0,0,0,0,0,0,0,0,,,,0,0,,0,0,0,0,,,0,0,,,0,0,,0,0,0,0,0,0,0,0,,0,0,0,0,0,0,0,,,0,0,0,0,,0,,0,0,0,,,,0,0,0,0,,0,0,0,,,,,0,0,0,0,,0,10,0,,0,0,0,0,0,,0,0,0,,,0,0,0,0,0,0,0,,0,0,,0,0,,0,0,0,,,,,0,0,0,0,,0,0,0,0,0,0,0,0,0,0,0,0,0,0,0,0,0,8.58,,1500.0,,,,,0,0,0,,0,0,0,0,0,0.0,0,0,0,0,0,0,0.0,0.0,0,0,0,0,0,0,0,0,0,0,0,0,0,0,0,0,0,0,0,0,0,0,0,0,0,0,2,0
https://www.beko.com.tr/dograyici/do-2585-karistirici-dograyici,DO 2585 Doğrayıcı,2559.0,6,Dograyici,Küçük Ev Aletleri,Karıştırıcı& Doğrayıcı,17.5,23.0,33.0,,0,0,0,,0,0,0,,,,,,,0,,,0,,0,0,0,0,0,0,0,0,0,,0,0,0,0,0,0,,,,0,0,0,,0,0,0,0,0,0,0,,,0,0,,0,0,0,0,0,0,0,0,0,0,0,,,1,0,0,,,0,,0,0,0,0,0,0,0,0,,,,,,,,0,0,,,,0,0,0,0,0,0,0,0,0,,,,0,0,,0,0,0,0,,,0,0,,,0,0,,0,0,0,0,0,0,0,0,,0,0,0,0,0,1,0,,,0,0,0,0,,0,,0,0,0,,,,0,0,0,0,,0,0,0,,,,,0,0,0,0,,0,,0,,0,0,0,0,0,,0,0,0,,,0,0,0,0,0,0,0,,0,0,,0,0,,0,0,0,,,,,0,0,0,0,,0,0,0,1,0,0,1,1,0,0,0,0,0,0,0,0,0,1.74,,550.0,,,,,0,0,0,,0,0,0,0,0,0.0,0,0,0,0,0,0,0.0,0.0,0,0,0,0,0,0,0,0,1,0,0,0,0,0,0,0,0,0,0,0,0,0,0,0,0,0,2,0
https://www.beko.com.tr/blender/kb-5534-ts-karistirici-dograyici,KB 5534 TS Blender,2549.0,1,Blender,Küçük Ev Aletleri,Karıştırıcı& Doğrayıcı,12.0,12.0,36.0,,0,0,0,,0,0,0,,,,,,,0,,,0,20.0,0,0,0,0,0,0,0,0,0,,0,0,0,0,0,0,,,,0,0,0,,0,0,0,0,0,0,0,,,0,0,,0,0,0,0,0,0,0,0,0,0,0,,,0,0,0,,,0,,0,0,0,0,0,0,0,0,,,,,,,,0,0,,,,0,0,0,0,0,0,0,0,0,,,,0,0,,0,0,0,0,,,0,0,,,0,0,,0,0,0,0,0,0,0,0,,0,0,0,0,0,0,0,,,0,0,0,0,,0,,0,0,0,,,,0,0,0,0,,0,0,0,,,,,0,0,0,0,,0,,0,,0,0,0,0,0,,0,0,0,,,0,0,0,0,0,0,0,,0,0,,0,0,,0,0,0,,,,,0,0,0,0,0.6,0,0,0,0,0,0,1,0,0,0,0,0,0,1,0,0,0,1.098,,350.0,,,,,0,1,0,,0,0,0,0,0,0.0,0,0,0,0,0,0,0.0,0.0,0,0,0,0,0,0,0,0,0,0,0,0,0,0,0,0,0,0,0,0,0,0,0,0,0,0,1,0
https://www.beko.com.tr/blender/kb-5234-t-karistirici-dograyici,KB 5234 T Blender,3049.0,71,Blender,Küçük Ev Aletleri,Karıştırıcı& Doğrayıcı,12.0,12.0,36.0,,0,0,0,,0,0,0,,,,,,,0,,,0,20.0,0,0,0,0,0,0,0,0,0,,0,0,0,0,0,0,,,,0,0,0,,0,0,0,0,0,0,0,,,0,0,,0,0,0,0,0,0,0,0,0,0,0,,,0,0,0,,,0,,0,0,0,0,0,0,0,0,,,,,,,,0,0,,,,0,0,0,0,0,0,0,0,0,,,,0,0,,0,0,0,0,,,0,0,,,0,0,,0,0,0,0,0,0,0,0,,0,0,0,0,0,0,0,,,0,0,0,0,,0,,0,0,0,,,,0,0,0,0,,0,0,0,,,,,0,0,0,0,,0,,0,,0,0,0,0,0,,0,0,0,,,0,0,0,0,0,0,0,,0,0,,0,0,,0,0,0,,,,,0,0,0,0,0.6,0,0,0,0,0,0,1,0,0,0,0,1,0,0,0,0,0,1.098,,350.0,,,,,0,1,0,,0,0,0,0,0,0.0,0,0,0,0,0,0,0.0,0.0,0,0,0,0,0,0,0,0,0,0,0,0,0,0,0,0,0,0,0,0,0,0,0,0,0,0,1,0
https://www.beko.com.tr/el-blender/rhb-5050-b-floral-karistirici-dograyici,RHB 5050 B Floral El Blender,5849.0,77,El Blender,Küçük Ev Aletleri,Karıştırıcı& Doğrayıcı,20.0,24.0,41.0,,0,0,0,,0,0,0,,,,,,,0,,,0,,0,0,0,0,0,0,0,0,0,,0,0,0,0,0,0,,,,0,0,0,,0,0,0,0,0,0,0,,,0,0,,0,0,0,0,0,0,0,0,0,0,0,,,1,0,0,,,0,,0,0,0,0,0,0,0,0,,,,,,,,0,0,,,,0,0,0,0,0,0,0,0,0,,,,0,0,,0,0,0,0,,,0,0,,,0,0,,0,0,0,0,0,0,0,0,,0,0,0,0,0,1,0,,,0,0,0,0,,0,,0,0,0,,,,0,0,0,0,,0,0,0,,,,,0,0,0,0,,0,1,0,,0,0,0,0,0,,0,0,0,,,0,0,0,0,0,0,0,,0,0,,0,0,,0,0,0,,,,,0,0,0,1,0.00175,1,1,1,1,1,1,0,1,0,0,0,0,0,0,0,0,0,2.33,,1500.0,,,,,0,0,0,,0,0,0,0,0,0.0,0,0,0,0,0,0,0.0,0.0,0,0,0,0,0,0,0,0,1,0,0,0,0,0,0,0,0,0,0,0,0,0,0,0,0,0,2,0
https://www.beko.com.tr/el-blender/rhb-8410-karistirici-dograyici,RHB 8410 El Blender,5649.0,19,El Blender,Küçük Ev Aletleri,Karıştırıcı& Doğrayıcı,20.0,24.0,41.0,,0,0,0,,0,0,0,,,,,,,0,,,0,,0,0,0,0,0,0,0,0,0,,0,0,0,0,0,0,,,,0,0,0,,0,0,0,0,0,0,0,,,0,0,,0,0,0,0,0,0,0,0,0,0,0,,,1,0,0,,,0,,0,0,0,0,0,0,0,0,,,,,,,,0,0,,,,0,0,0,0,0,0,0,0,0,,,,0,0,,0,0,0,0,,,0,0,,,0,0,,0,0,0,0,0,0,0,0,,0,0,0,0,0,1,0,,,0,0,0,0,,0,,0,0,0,,,,0,0,0,0,,0,0,0,,,,,0,0,0,0,,0,1,0,,0,0,0,0,0,,0,0,0,,,0,0,0,0,0,0,0,,0,0,,0,0,,0,0,0,,,,,0,0,0,1,0.0015,1,1,1,1,1,1,0,1,0,0,0,0,0,0,0,0,0,2.33,,1500.0,,,,,0,0,0,,0,0,0,0,0,0.0,0,0,0,0,0,0,0.0,0.0,0,0,0,0,0,0,0,0,2,0,0,0,0,0,0,0,0,0,0,0,0,0,0,0,0,0,2,0
https://www.beko.com.tr/el-blender/hbs-5410-karistirici-dograyici,HBS 5410 El Blender,3349.0,13,El Blender,Küçük Ev Aletleri,Karıştırıcı& Doğrayıcı,13.0,13.0,36.0,,0,0,0,,0,0,0,,,,,,,0,,,0,,0,0,0,0,0,0,0,0,0,,0,0,0,0,0,0,,,,0,0,0,,0,0,0,0,0,0,0,,,0,0,,0,0,0,0,0,0,0,0,0,0,0,,,1,0,0,,,0,,0,0,0,0,0,0,0,0,,,,,,,,0,0,,,,0,0,0,0,0,0,0,0,0,,,,0,0,,0,0,0,0,,,0,0,,,0,0,,0,0,0,0,0,0,0,0,,0,0,0,0,0,1,0,,,0,0,0,0,,0,,0,0,0,,,,0,0,0,0,,0,0,0,,,,,0,0,0,0,,0,1,0,,0,0,0,0,0,,0,0,0,,,0,0,0,0,0,0,0,,0,0,,0,0,,0,0,0,,,,,0,0,0,1,0.0005,1,1,1,1,1,1,0,1,0,0,0,0,0,0,0,0,0,1.43,,1500.0,,,,,0,0,0,,0,0,0,0,0,0.0,0,0,0,0,0,0,0.0,0.0,0,0,0,0,0,0,0,0,2,0,0,0,0,0,0,0,0,0,0,0,0,0,0,0,0,0,2,0
https://www.beko.com.tr/blender/kb-8408-vitaminist-5in1-karistirici-dograyici,KB 8408 Vitaminist® 5in1 Blender,3799.0,27,Blender,Küçük Ev Aletleri,Karıştırıcı& Doğrayıcı,12.0,12.0,36.0,,0,0,0,,0,0,0,,,,,,,0,,,0,20.0,0,0,0,0,0,0,0,0,0,,0,0,0,0,0,0,,,,0,0,0,,0,0,0,0,0,0,0,,,0,0,,0,0,0,0,0,0,0,0,0,0,0,,,0,0,0,,,0,,0,0,0,0,0,0,0,0,,,,,,,,0,0,,,,0,0,0,0,0,0,0,0,0,,,,0,0,,0,0,0,0,,,0,0,,,0,0,,0,0,0,0,0,0,0,0,,0,0,0,0,0,0,0,,,0,0,0,0,,0,,0,0,0,,,,0,0,0,0,,0,0,0,,,,,0,0,0,0,,0,,0,,0,0,0,0,0,,0,0,0,,,0,0,0,0,0,0,0,,0,0,,0,0,,0,0,0,,,,,0,0,0,0,0.6,0,0,0,0,0,0,1,0,1,0,0,0,0,0,0,0,0,1.34,,300.0,,,,,0,1,0,,0,0,0,0,0,0.0,0,0,0,0,0,0,0.0,0.0,0,0,0,0,0,0,0,0,0,0,0,0,0,0,0,0,0,0,0,0,0,0,0,0,0,0,1,0
https://www.beko.com.tr/hamur-yogurma-ve-mutfak-makinesi/mm-8042-ds-homechef-karistirici-dograyici,MM 8042 DS HomeChef® Hamur Yoğurma Hamur Yoğurma ve Mutfak Makinesi,26599.0,88,Hamur Yogurma Ve Mutfak Makinesi,Küçük Ev Aletleri,Karıştırıcı& Doğrayıcı,22.5,39.0,35.0,,0,0,0,,0,0,0,,,,,,,0,,,0,,0,0,0,0,0,0,0,0,0,,0,0,0,0,0,0,,,,0,0,0,,0,0,0,0,0,0,0,,,0,0,,0,0,0,0,0,0,0,0,0,0,0,,,0,0,0,,,0,,0,0,0,0,0,0,0,0,,,,,,,,0,0,,,,0,0,0,0,0,0,0,0,0,,,,0,0,,0,0,0,0,,,0,0,,,0,0,,0,0,0,0,0,0,0,0,,0,0,0,0,0,0,0,,,0,0,0,0,,0,,0,0,0,,,,0,0,0,0,,0,0,0,,,,,0,0,0,0,,0,12,0,,0,0,0,0,0,,0,0,0,,,0,0,0,0,0,0,0,,0,0,,0,0,,0,0,0,,,,,0,0,0,0,,0,0,0,0,0,0,0,0,0,0,0,0,0,0,0,0,0,8.58,,1000.0,,,,,0,0,0,,0,0,0,0,0,0.0,0,0,0,0,0,0,0.0,0.0,0,0,0,0,0,0,0,0,0,0,0,0,0,0,0,0,0,0,0,0,0,0,0,0,0,0,2,0
https://www.beko.com.tr/blender/kb-5534-tp-karistirici-dograyici,KB 5534 TP Blender,2549.0,3,Blender,Küçük Ev Aletleri,Karıştırıcı& Doğrayıcı,12.0,12.0,36.0,,0,0,0,,0,0,0,,,,,,,0,,,0,20.0,0,0,0,0,0,0,0,0,0,,0,0,0,0,0,0,,,,0,0,0,,0,0,0,0,0,0,0,,,0,0,,0,0,0,0,0,0,0,0,0,0,0,,,0,0,0,,,0,,0,0,0,0,0,0,0,0,,,,,,,,0,0,,,,0,0,0,0,0,0,0,0,0,,,,0,0,,0,0,0,0,,,0,0,,,0,0,,0,0,0,0,0,0,0,0,,0,0,0,0,0,0,0,,,0,0,0,0,,0,,0,0,0,,,,0,0,0,0,,0,0,0,,,,,0,0,0,0,,0,,0,,0,0,0,0,0,,0,0,0,,,0,0,0,0,0,0,0,,0,0,,0,0,,0,0,0,,,,,0,0,0,0,0.6,0,0,0,0,0,0,1,0,0,0,1,0,0,0,0,0,0,1.098,,350.0,,,,,0,1,0,,0,0,0,0,0,0.0,0,0,0,0,0,0,0.0,0.0,0,0,0,0,0,0,0,0,0,0,0,0,0,0,0,0,0,0,0,0,0,0,0,0,0,0,1,0
https://www.beko.com.tr/mikser/bkk-1151-karistirici-dograyici,BKK 1151 Mikser,2359.0,32,Mikser,Küçük Ev Aletleri,Karıştırıcı& Doğrayıcı,8.6,18.0,14.0,,0,0,0,,0,0,0,,,,,,,0,,,0,,0,0,0,0,0,0,0,0,0,,0,0,0,0,0,0,,,,0,0,0,,0,0,0,0,0,0,0,,,0,0,,0,0,0,0,0,0,0,0,0,0,0,,,1,0,0,,,0,,0,0,0,0,0,0,0,0,,,,,,,,0,0,,,,0,0,0,0,0,0,0,0,0,,,,0,0,,0,0,0,0,,,0,0,,,0,0,,0,0,0,0,0,0,0,0,,0,0,0,0,0,0,0,,,0,0,0,0,,0,,0,0,0,,,,0,0,0,0,,0,0,0,,,,,0,0,0,0,,0,,0,,0,0,0,0,0,,0,0,0,,,0,0,0,0,0,0,0,,0,0,,0,0,,0,0,0,,,,,0,0,0,1,,0,0,0,0,0,0,0,0,0,0,0,1,0,0,0,0,0,1.05,,425.0,,,,,0,0,0,,0,0,0,0,0,0.0,0,0,0,0,0,0,0.0,0.0,0,0,0,0,0,0,0,0,0,0,0,0,0,0,0,0,0,0,0,0,0,0,0,0,0,0,2,0
https://www.beko.com.tr/dograyici/bkk-1162-karistirici-dograyici,BKK 1162 Doğrayıcı,2199.0,28,Dograyici,Küçük Ev Aletleri,Karıştırıcı& Doğrayıcı,19.5,18.0,25.0,,0,0,0,,0,0,0,,,,,,,0,,,0,,0,0,0,0,0,0,0,0,0,,0,0,0,0,0,0,,,,0,0,0,,0,0,0,0,0,0,0,,,0,0,,0,0,0,0,0,0,0,0,0,0,0,,,1,0,0,,,0,,0,0,0,0,0,0,0,0,,,,,,,,0,0,,,,0,0,0,0,0,0,0,0,0,,,,0,0,,0,0,0,0,,,0,0,,,0,0,,0,0,0,0,0,0,0,0,,0,0,0,0,0,1,0,,,0,0,0,0,,0,,0,0,0,,,,0,0,0,0,,0,0,0,,,,,0,0,0,0,,0,,0,,0,0,0,0,0,,0,0,0,,,0,0,0,0,0,0,0,,0,0,,0,0,,0,0,0,,,,,0,0,0,0,,0,0,0,1,0,0,1,0,0,0,0,1,0,0,0,0,0,1.14,,550.0,,,,,0,0,0,,0,0,0,0,0,0.0,0,0,0,0,0,0,0.0,0.0,0,0,0,0,0,0,0,0,1,0,0,0,0,0,0,0,0,0,0,0,0,0,0,0,0,0,2,0
https://www.beko.com.tr/el-blender/rhb-5050-w-floral-karistirici-dograyici,RHB 5050 W Floral El Blender,5849.0,30,El Blender,Küçük Ev Aletleri,Karıştırıcı& Doğrayıcı,20.0,24.0,41.0,,0,0,0,,0,0,0,,,,,,,0,,,0,,0,0,0,0,0,0,0,0,0,,0,0,0,0,0,0,,,,0,0,0,,0,0,0,0,0,0,0,,,0,0,,0,0,0,0,0,0,0,0,0,0,0,,,1,0,0,,,0,,0,0,0,0,0,0,0,0,,,,,,,,0,0,,,,0,0,0,0,0,0,0,0,0,,,,0,0,,0,0,0,0,,,0,0,,,0,0,,0,0,0,0,0,0,0,0,,0,0,0,0,0,1,0,,,0,0,0,0,,0,,0,0,0,,,,0,0,0,0,,0,0,0,,,,,0,0,0,0,,0,1,0,,0,0,0,0,0,,0,0,0,,,0,0,0,0,0,0,0,,0,0,,0,0,,0,0,0,,,,,0,0,0,1,0.00175,1,1,1,1,1,1,0,0,0,0,0,0,0,0,0,1,0,2.33,,1500.0,,,,,0,0,0,,0,0,0,0,0,0.0,0,0,0,0,0,0,0.0,0.0,0,0,0,0,0,0,0,0,1,0,0,0,0,0,0,0,0,0,0,0,0,0,0,0,0,0,2,0
https://www.beko.com.tr/mikser/mk-8150-i-starlight-karistirici-dograyici,MK 8150 I Starlight™ Mikser,4249.0,45,Mikser,Küçük Ev Aletleri,Karıştırıcı& Doğrayıcı,18.0,9.0,16.0,,0,0,0,,0,0,0,,,,,,,0,,,0,,0,0,0,0,0,0,0,0,0,,0,0,0,0,0,0,,,,0,0,0,,0,0,0,0,0,0,0,,,0,0,,0,0,0,0,0,0,0,0,0,0,0,,,1,0,0,,,0,,0,0,0,0,0,0,0,0,,,,,,,,0,0,,,,0,0,0,0,0,0,0,0,0,,,,0,0,,0,0,0,0,,,0,0,,,0,0,,0,0,0,0,0,0,0,0,,0,0,0,0,0,0,0,,,0,0,0,0,,0,,0,0,0,,,,0,0,0,0,,0,0,0,,,,,0,0,0,0,,0,,0,,0,0,0,0,0,,0,0,0,,,0,0,0,0,0,0,0,,0,0,,0,0,,0,0,0,,,,,0,0,0,1,,0,0,0,0,0,0,0,0,1,0,0,0,0,0,0,0,0,1.2,,500.0,,,,,0,0,0,,0,0,0,0,0,0.0,0,0,0,0,0,0,0.0,0.0,0,0,0,0,0,0,0,0,0,0,0,0,0,0,0,0,0,0,0,0,0,0,0,0,0,0,2,0
https://www.beko.com.tr/dograyici/do-8160-ci-starlight-karistirici-dograyici,DO 8160 CI Starlight® Doğrayıcı,4349.0,45,Dograyici,Küçük Ev Aletleri,Karıştırıcı& Doğrayıcı,16.0,18.0,25.0,,0,0,0,,0,0,0,,,,,,,0,,,0,,0,0,0,0,0,0,0,0,0,,0,0,0,0,0,0,,,,0,0,0,,0,0,0,0,0,0,0,,,0,0,,0,0,0,0,0,0,0,0,0,0,0,,,0,0,0,,,0,,0,0,0,0,0,0,0,0,,,,,,,,0,0,,,,0,0,0,0,0,0,0,0,0,,,,0,0,,0,0,0,0,,,0,0,,,0,0,,0,0,0,0,0,0,0,0,,0,0,0,0,0,1,0,,,0,0,0,0,,0,,0,0,0,,,,0,0,0,0,,0,0,0,,,,,0,0,0,0,,0,,0,,0,0,0,0,0,,0,0,0,,,0,0,0,0,0,0,0,,0,0,,0,0,,0,0,0,,,,,0,0,0,0,,0,0,0,1,0,0,1,0,1,0,0,0,0,0,0,0,0,1.87,,400.0,,,,,0,0,0,,0,0,0,0,0,0.0,0,0,0,0,0,0,0.0,0.0,0,0,0,0,0,0,0,0,2,0,0,0,0,0,0,0,0,0,0,0,0,0,0,0,0,0,2,0
https://www.beko.com.tr/hamur-yogurma-ve-mutfak-makinesi/mm-5371-karistirici-dograyici,MM 5371 Hamur Yoğurma Hamur Yoğurma ve Mutfak Makinesi,8299.0,16,Hamur Yogurma Ve Mutfak Makinesi,Küçük Ev Aletleri,Karıştırıcı& Doğrayıcı,22.5,39.0,35.0,,0,0,0,,0,0,0,,,,,,,0,,,0,,0,0,0,0,0,0,0,0,0,,0,0,0,0,0,0,,,,0,0,0,,0,0,0,0,0,0,0,,,0,0,,0,0,0,0,0,0,0,0,0,0,0,,,0,0,0,,,0,,0,0,0,0,0,0,0,0,,,,,,,,0,0,,,,0,0,0,0,0,0,0,0,0,,,,0,0,,0,0,0,0,,,0,0,,,0,0,,0,0,0,0,0,0,0,0,,0,0,0,0,0,0,0,,,0,0,0,0,,0,,0,0,0,,,,0,0,0,0,,0,0,0,,,,,0,0,0,0,,0,6,0,,0,0,0,0,0,,0,0,0,,,0,0,0,0,0,0,0,,0,0,,0,0,,0,0,0,,,,,0,0,0,0,,0,0,0,0,0,0,0,0,0,0,0,0,0,0,0,0,0,8.58,,1500.0,,,,,0,0,0,,0,0,0,0,0,0.0,0,0,0,0,0,0,0.0,0.0,0,0,0,0,0,0,0,0,0,0,0,0,0,0,0,0,0,0,0,0,0,0,0,0,0,0,2,0
https://www.beko.com.tr/hamur-yogurma-ve-mutfak-makinesi/mm-5471-s-karistirici-dograyici,MM 5471 S Hamur Yoğurma Hamur Yoğurma ve Mutfak Makinesi,8299.0,43,Hamur Yogurma Ve Mutfak Makinesi,Küçük Ev Aletleri,Karıştırıcı& Doğrayıcı,22.5,39.0,35.0,,0,0,0,,0,0,0,,,,,,,0,,,0,,0,0,0,0,0,0,0,0,0,,0,0,0,0,0,0,,,,0,0,0,,0,0,0,0,0,0,0,,,0,0,,0,0,0,0,0,0,0,0,0,0,0,,,0,0,0,,,0,,0,0,0,0,0,0,0,0,,,,,,,,0,0,,,,0,0,0,0,0,0,0,0,0,,,,0,0,,0,0,0,0,,,0,0,,,0,0,,0,0,0,0,0,0,0,0,,0,0,0,0,0,0,0,,,0,0,0,0,,0,,0,0,0,,,,0,0,0,0,,0,0,0,,,,,0,0,0,0,,0,6,0,,0,0,0,0,0,,0,0,0,,,0,0,0,0,0,0,0,,0,0,,0,0,,0,0,0,,,,,0,0,0,0,,0,0,0,0,0,0,0,0,0,0,0,0,0,0,0,0,0,8.58,,1500.0,,,,,0,0,0,,0,0,0,0,0,0.0,0,0,0,0,0,0,0.0,0.0,0,0,0,0,0,0,0,0,0,0,0,0,0,0,0,0,0,0,0,0,0,0,0,0,0,0,2,0
https://www.beko.com.tr/el-blender/rhb-2410-karistirici-dograyici,RHB 2410 El Blender,3149.0,75,El Blender,Küçük Ev Aletleri,Karıştırıcı& Doğrayıcı,19.0,24.0,40.0,,0,0,0,,0,0,0,,,,,,,0,,,0,,0,0,0,0,0,0,0,0,0,,0,0,0,0,0,0,,,,0,0,0,,0,0,0,0,0,0,0,,,0,0,,0,0,0,0,0,0,0,0,0,0,0,,,1,0,0,,,0,,0,0,0,0,0,0,0,0,,,,,,,,0,0,,,,0,0,0,0,0,0,0,0,0,,,,0,0,,0,0,0,0,,,0,0,,,0,0,,0,0,0,0,0,0,0,0,,0,0,0,0,0,1,0,,,0,0,0,0,,0,,0,0,0,,,,0,0,0,0,,0,0,0,,,,,0,0,0,0,,0,,0,,0,0,0,0,0,,0,0,0,,,0,0,0,0,0,0,0,,0,0,,0,0,,0,0,0,,,,,0,0,0,1,0.0015,1,0,1,1,1,1,0,1,0,0,0,0,0,0,0,0,0,2.82,,1500.0,,,,,0,0,0,,0,0,0,0,0,0.0,0,0,0,0,0,0,0.0,0.0,0,0,0,0,0,0,0,0,1,0,0,0,0,0,0,0,0,0,0,0,0,0,0,0,0,0,2,0
https://www.beko.com.tr/kiyma-makinesi/km-5024-m-floral-karistirici-dograyici,KM 5024 M Floral Kıyma Makinesi,8449.0,40,Kiyma Makinesi,Küçük Ev Aletleri,Karıştırıcı& Doğrayıcı,22.0,27.0,18.0,,0,0,0,,0,0,0,,,,,,,0,,,0,,0,0,0,0,0,0,0,0,0,,0,0,0,0,0,0,,,,0,0,0,,0,0,0,0,0,0,0,,,0,0,,0,0,0,0,0,0,0,0,0,0,0,,,0,0,0,,,0,,0,0,0,0,0,0,0,0,,,,,,,,0,0,,,,0,0,0,0,0,0,0,0,0,,,,0,0,,0,0,0,0,,,0,0,,,0,0,,0,0,0,0,0,0,0,0,,0,0,0,0,0,0,0,,,0,0,0,1,,0,,0,0,0,,,,0,0,0,0,,0,0,0,,,,,0,0,0,0,,0,,0,,0,0,0,0,0,,0,0,0,,,0,0,0,0,0,0,0,,0,0,,0,0,,0,0,0,,,,,0,0,0,0,,0,0,0,0,0,0,0,0,0,0,0,0,0,0,0,0,0,4.65,,700.0,,,,,0,0,0,,0,0,0,0,0,0.0,0,0,0,0,0,0,0.0,0.0,0,0,0,0,0,0,0,0,0,0,0,0,0,0,0,0,0,0,0,0,0,0,0,0,0,0,2,0
https://www.beko.com.tr/hamur-yogurma-ve-mutfak-makinesi/hamur-acma-ve-kesme--seti-karistirici-dograyici,Hamur Açma Ve Kesme Seti Hamur Yoğurma ve Mutfak Makinesi,7839.0,76,Hamur Yogurma Ve Mutfak Makinesi,Küçük Ev Aletleri,Karıştırıcı& Doğrayıcı,14.0,18.0,12.0,,0,0,0,,0,0,0,,,,,,,0,,,0,,0,0,0,0,0,0,0,0,0,,0,0,0,0,0,0,,,,0,0,0,,0,0,0,0,0,0,0,,,0,0,,0,0,0,0,0,0,0,0,0,0,0,,,0,0,0,,,0,,0,0,0,0,0,0,0,0,,,,,,,,0,0,,,,0,0,0,0,0,0,0,0,0,,,,0,0,,0,0,0,0,,,0,0,,,0,0,,0,0,0,0,0,0,0,0,,0,0,0,0,0,0,0,,,0,0,0,0,,0,,0,0,0,,,,0,0,0,0,,0,0,0,,,,,0,0,0,0,,0,,0,,0,0,0,0,0,,0,0,0,,,0,0,0,0,0,0,0,,0,0,,0,0,,0,0,0,,,,,0,0,0,0,,0,0,0,0,0,0,0,0,0,0,0,0,0,0,0,0,0,2.7,,,,,,,0,0,0,,0,0,0,0,0,0.0,0,0,0,0,0,0,0.0,0.0,0,0,0,0,0,0,0,0,0,0,0,0,0,0,0,0,0,0,0,0,0,0,0,0,0,0,2,0
https://www.beko.com.tr/hamur-yogurma-ve-mutfak-makinesi/kiyma-sucuk-ve-icli-kofte-aksesuari-karistirici-dograyici,"Kıyma, Sucuk ve İçli Köfte Aksesuarı Hamur Yoğurma ve Mutfak Makinesi",3499.0,109,Hamur Yogurma Ve Mutfak Makinesi,Küçük Ev Aletleri,Karıştırıcı& Doğrayıcı,20.6,15.0,21.0,,0,0,0,,0,0,0,,,,,,,0,,,0,,0,0,0,0,0,0,0,0,0,,0,0,0,0,0,0,,,,0,0,0,,0,0,0,0,0,0,0,,,0,0,,0,0,0,0,0,0,0,0,0,0,0,,,0,0,0,,,0,,0,0,0,0,0,0,0,0,,,,,,,,0,0,,,,0,0,0,0,0,0,0,0,0,,,,0,0,,0,0,0,0,,,0,0,,,0,0,,0,0,0,0,0,0,0,0,,0,0,0,0,0,0,0,,,0,0,0,0,,0,,0,0,0,,,,0,0,0,0,,0,0,0,,,,,0,0,0,0,,0,,0,,0,0,0,0,0,,0,0,0,,,0,0,0,0,0,0,0,,0,0,,0,0,,0,0,0,,,,,0,0,0,0,,0,0,0,0,0,0,0,0,0,0,0,0,0,0,0,0,0,0.8,,,,,,,0,0,0,,0,0,0,0,0,0.0,0,0,0,0,0,0,0.0,0.0,0,0,0,0,0,0,0,0,0,0,0,0,0,0,0,0,0,0,0,0,0,0,0,0,0,0,2,0
https://www.beko.com.tr/uv-temizleme-cihazi/uvt-1001-uv-temizleme-cihazi,UVT 1001 UV Temizleme Cihazı,1479.0,4,Uv Temizleme Cihazi,Küçük Ev Aletleri,UV Temizleme Cihazı,12.6,20.0,13.0,,0,0,0,,0,0,0,,,,,,,0,,,0,,0,0,0,0,0,0,0,0,0,,0,0,0,0,0,0,,,,0,0,0,,0,0,0,0,0,0,0,,,0,0,,0,0,0,0,0,0,0,0,0,0,0,,,0,0,0,,,0,,0,0,0,0,0,0,0,0,,,,,,,,0,0,,,,0,0,0,0,0,0,0,0,0,,,,0,0,,0,0,0,0,,,0,0,,,0,0,,0,0,0,0,0,0,0,0,,0,0,0,0,0,0,0,,,0,0,0,0,,0,,0,0,0,,,,0,0,0,0,,0,0,0,,,,,0,0,0,0,,0,,0,,0,0,0,0,0,,0,0,0,,,0,0,0,0,0,0,0,,0,0,,0,0,,0,0,0,,,,,0,0,0,0,,0,0,0,0,0,0,0,0,0,0,0,0,0,0,0,0,0,1.0,,,,,,,0,0,0,,0,0,0,0,0,0.0,0,0,0,0,0,0,0.0,0.0,0,0,0,0,0,0,0,0,0,0,0,0,0,0,0,0,0,0,0,0,0,0,0,0,0,0,2,0
https://www.beko.com.tr/yogurt-kefir-makinesi/ym-2200-yogurt-kefir-makinesi,YM 2200 Yoğurt &Kefir Makinesi,10699.0,4,Yogurt Kefir Makinesi,Küçük Ev Aletleri,Yoğurt &Kefir Makinesi,24.0,20.0,17.0,,0,0,0,,0,0,0,,,,,,,0,,,0,1.75,0,0,0,0,0,0,0,0,0,,0,0,0,0,0,0,,,,0,0,0,,0,0,0,0,0,0,0,,,0,0,,0,0,0,0,0,0,0,0,0,0,0,,,0,0,0,,,0,,0,0,0,0,0,0,0,0,,,,,,,,0,0,,,,0,0,0,0,0,0,0,0,0,,,,0,0,,0,0,0,0,,,0,0,,,0,0,,0,0,0,0,0,0,0,0,,0,0,0,0,0,0,0,,,0,0,0,0,,0,,0,0,0,,,,0,0,0,0,,0,0,0,,,,,0,0,0,0,,0,,0,,0,0,0,0,0,,0,0,0,,,0,0,0,0,0,0,0,,0,0,,0,0,,0,0,0,,,,,0,0,0,0,,0,0,0,0,0,0,0,0,0,0,0,0,0,0,0,0,0,4.2,,,,,,,0,0,0,,0,0,0,0,0,0.0,0,0,0,0,0,0,0.0,0.0,0,0,0,0,0,0,0,0,0,0,0,0,0,0,0,0,0,0,0,0,0,0,0,0,0,0,2,0
https://www.beko.com.tr/yogurt-kefir-makinesi/ym-8242-i-yogurt-kefir-makinesi,YM 8242 I Yoğurt &Kefir Makinesi,15999.0,39,Yogurt Kefir Makinesi,Küçük Ev Aletleri,Yoğurt &Kefir Makinesi,24.0,20.0,17.0,,0,0,0,,0,0,0,,,,,,,0,,,0,3.0,0,0,0,0,0,0,0,0,0,,0,0,0,0,0,0,,,,0,0,0,,0,0,0,0,0,0,0,,,0,0,,0,0,0,0,0,0,0,0,0,0,0,,,0,0,0,,,0,,0,0,0,0,0,0,0,0,,,,,,,,0,0,,,,0,0,0,0,0,0,0,0,0,,,,0,0,,0,0,0,0,,,0,0,,,0,0,,0,0,0,0,0,0,0,0,,0,0,0,0,0,0,0,,,0,0,0,0,,0,,0,0,0,,,,0,0,0,0,,0,0,0,,,,,0,0,0,0,,0,,0,,0,0,0,0,0,,0,0,0,,,0,0,0,0,0,0,0,,0,0,,0,0,,0,0,0,,,,,0,0,0,0,,0,0,0,0,0,0,0,0,0,0,0,0,0,0,0,0,0,4.2,,,,,,,0,0,0,,0,0,0,0,0,0.0,0,0,0,0,0,0,0.0,0.0,0,0,0,0,0,0,0,0,0,0,0,0,0,0,0,0,0,0,0,0,0,0,0,0,0,0,2,0
https://www.beko.com.tr/yogurt-kefir-makinesi/proyo-aksesuar-kutusu-yogurt-kefir-makinesi,Başlık Bulunamadı,,0,Yogurt Kefir Makinesi,Küçük Ev Aletleri,Yoğurt &Kefir Makinesi,,,,,0,0,0,,0,0,0,,,,,,,0,,,0,,0,0,0,0,0,0,0,0,0,,0,0,0,0,0,0,,,,0,0,0,,0,0,0,0,0,0,0,,,0,0,,0,0,0,0,0,0,0,0,0,0,0,,,0,0,0,,,0,,0,0,0,0,0,0,0,0,,,,,,,,0,0,,,,0,0,0,0,0,0,0,0,0,,,,0,0,,0,0,0,0,,,0,0,,,0,0,,0,0,0,0,0,0,0,0,,0,0,0,0,0,0,0,,,0,0,0,0,,0,,0,0,0,,,,0,0,0,0,,0,0,0,,,,,0,0,0,0,,0,,0,,0,0,0,0,0,,0,0,0,,,0,0,0,0,0,0,0,,0,0,,0,0,,0,0,0,,,,,0,0,0,0,,0,0,0,0,0,0,0,0,0,0,0,0,0,0,0,0,0,,,,,,,,0,0,0,,0,0,0,0,0,0.0,0,0,0,0,0,0,0.0,0.0,0,0,0,0,0,0,0,0,0,0,0,0,0,0,0,0,0,0,0,0,0,0,0,0,0,0,2,0
https://www.beko.com.tr/kettle/wkm-8513-i-kettle,Başlık Bulunamadı,,0,Kettle,Küçük Ev Aletleri,Kettle,,,,,0,0,0,,0,0,0,,,,,,,0,,,0,,0,0,0,0,0,0,0,0,0,,0,0,0,0,0,0,,,,0,0,0,,0,0,0,0,0,0,0,,,0,0,,0,0,0,0,0,0,0,0,0,0,0,,,0,0,0,,,0,,0,0,0,0,0,0,0,0,,,,,,,,0,0,,,,0,0,0,0,0,0,0,0,0,,,,0,0,,0,0,0,0,,,0,0,,,0,0,,0,0,0,0,0,0,0,0,,0,0,0,0,0,0,0,,,0,0,0,0,,0,,0,0,0,,,,0,0,0,0,,0,0,0,,,,,0,0,0,0,,0,,0,,0,0,0,0,0,,0,0,0,,,0,0,0,0,0,0,0,,0,0,,0,0,,0,0,0,,,,,0,0,0,0,,0,0,0,0,0,0,0,0,0,0,0,0,0,0,0,0,0,,,,,,,,0,0,0,,0,0,0,0,0,0.0,0,0,0,0,0,0,0.0,0.0,0,0,0,0,0,0,0,0,0,0,0,0,0,0,0,0,0,0,0,0,0,0,0,0,0,0,2,0
https://www.beko.com.tr/kettle/wkm-5422-i-kettle,Başlık Bulunamadı,,0,Kettle,Küçük Ev Aletleri,Kettle,,,,,0,0,0,,0,0,0,,,,,,,0,,,0,,0,0,0,0,0,0,0,0,0,,0,0,0,0,0,0,,,,0,0,0,,0,0,0,0,0,0,0,,,0,0,,0,0,0,0,0,0,0,0,0,0,0,,,0,0,0,,,0,,0,0,0,0,0,0,0,0,,,,,,,,0,0,,,,0,0,0,0,0,0,0,0,0,,,,0,0,,0,0,0,0,,,0,0,,,0,0,,0,0,0,0,0,0,0,0,,0,0,0,0,0,0,0,,,0,0,0,0,,0,,0,0,0,,,,0,0,0,0,,0,0,0,,,,,0,0,0,0,,0,,0,,0,0,0,0,0,,0,0,0,,,0,0,0,0,0,0,0,,0,0,,0,0,,0,0,0,,,,,0,0,0,0,,0,0,0,0,0,0,0,0,0,0,0,0,0,0,0,0,0,,,,,,,,0,0,0,,0,0,0,0,0,0.0,0,0,0,0,0,0,0.0,0.0,0,0,0,0,0,0,0,0,0,0,0,0,0,0,0,0,0,0,0,0,0,0,0,0,0,0,2,0
https://www.beko.com.tr/kettle/kl-8221-i-kettle,Başlık Bulunamadı,,0,Kettle,Küçük Ev Aletleri,Kettle,,,,,0,0,0,,0,0,0,,,,,,,0,,,0,,0,0,0,0,0,0,0,0,0,,0,0,0,0,0,0,,,,0,0,0,,0,0,0,0,0,0,0,,,0,0,,0,0,0,0,0,0,0,0,0,0,0,,,0,0,0,,,0,,0,0,0,0,0,0,0,0,,,,,,,,0,0,,,,0,0,0,0,0,0,0,0,0,,,,0,0,,0,0,0,0,,,0,0,,,0,0,,0,0,0,0,0,0,0,0,,0,0,0,0,0,0,0,,,0,0,0,0,,0,,0,0,0,,,,0,0,0,0,,0,0,0,,,,,0,0,0,0,,0,,0,,0,0,0,0,0,,0,0,0,,,0,0,0,0,0,0,0,,0,0,,0,0,,0,0,0,,,,,0,0,0,0,,0,0,0,0,0,0,0,0,0,0,0,0,0,0,0,0,0,,,,,,,,0,0,0,,0,0,0,0,0,0.0,0,0,0,0,0,0,0.0,0.0,0,0,0,0,0,0,0,0,0,0,0,0,0,0,0,0,0,0,0,0,0,0,0,0,0,0,2,0
https://www.beko.com.tr/kettle/kl-5422-kettle,Başlık Bulunamadı,,0,Kettle,Küçük Ev Aletleri,Kettle,,,,,0,0,0,,0,0,0,,,,,,,0,,,0,,0,0,0,0,0,0,0,0,0,,0,0,0,0,0,0,,,,0,0,0,,0,0,0,0,0,0,0,,,0,0,,0,0,0,0,0,0,0,0,0,0,0,,,0,0,0,,,0,,0,0,0,0,0,0,0,0,,,,,,,,0,0,,,,0,0,0,0,0,0,0,0,0,,,,0,0,,0,0,0,0,,,0,0,,,0,0,,0,0,0,0,0,0,0,0,,0,0,0,0,0,0,0,,,0,0,0,0,,0,,0,0,0,,,,0,0,0,0,,0,0,0,,,,,0,0,0,0,,0,,0,,0,0,0,0,0,,0,0,0,,,0,0,0,0,0,0,0,,0,0,,0,0,,0,0,0,,,,,0,0,0,0,,0,0,0,0,0,0,0,0,0,0,0,0,0,0,0,0,0,,,,,,,,0,0,0,,0,0,0,0,0,0.0,0,0,0,0,0,0,0.0,0.0,0,0,0,0,0,0,0,0,0,0,0,0,0,0,0,0,0,0,0,0,0,0,0,0,0,0,2,0
https://www.beko.com.tr/kettle/kl-8022-i-kettle,Başlık Bulunamadı,,0,Kettle,Küçük Ev Aletleri,Kettle,,,,,0,0,0,,0,0,0,,,,,,,0,,,0,,0,0,0,0,0,0,0,0,0,,0,0,0,0,0,0,,,,0,0,0,,0,0,0,0,0,0,0,,,0,0,,0,0,0,0,0,0,0,0,0,0,0,,,0,0,0,,,0,,0,0,0,0,0,0,0,0,,,,,,,,0,0,,,,0,0,0,0,0,0,0,0,0,,,,0,0,,0,0,0,0,,,0,0,,,0,0,,0,0,0,0,0,0,0,0,,0,0,0,0,0,0,0,,,0,0,0,0,,0,,0,0,0,,,,0,0,0,0,,0,0,0,,,,,0,0,0,0,,0,,0,,0,0,0,0,0,,0,0,0,,,0,0,0,0,0,0,0,,0,0,,0,0,,0,0,0,,,,,0,0,0,0,,0,0,0,0,0,0,0,0,0,0,0,0,0,0,0,0,0,,,,,,,,0,0,0,,0,0,0,0,0,0.0,0,0,0,0,0,0,0.0,0.0,0,0,0,0,0,0,0,0,0,0,0,0,0,0,0,0,0,0,0,0,0,0,0,0,0,0,2,0
https://www.beko.com.tr/kettle/wkm-5522-i-kettle,Başlık Bulunamadı,,0,Kettle,Küçük Ev Aletleri,Kettle,,,,,0,0,0,,0,0,0,,,,,,,0,,,0,,0,0,0,0,0,0,0,0,0,,0,0,0,0,0,0,,,,0,0,0,,0,0,0,0,0,0,0,,,0,0,,0,0,0,0,0,0,0,0,0,0,0,,,0,0,0,,,0,,0,0,0,0,0,0,0,0,,,,,,,,0,0,,,,0,0,0,0,0,0,0,0,0,,,,0,0,,0,0,0,0,,,0,0,,,0,0,,0,0,0,0,0,0,0,0,,0,0,0,0,0,0,0,,,0,0,0,0,,0,,0,0,0,,,,0,0,0,0,,0,0,0,,,,,0,0,0,0,,0,,0,,0,0,0,0,0,,0,0,0,,,0,0,0,0,0,0,0,,0,0,,0,0,,0,0,0,,,,,0,0,0,0,,0,0,0,0,0,0,0,0,0,0,0,0,0,0,0,0,0,,,,,,,,0,0,0,,0,0,0,0,0,0.0,0,0,0,0,0,0,0.0,0.0,0,0,0,0,0,0,0,0,0,0,0,0,0,0,0,0,0,0,0,0,0,0,0,0,0,0,2,0
https://www.beko.com.tr/kati-meyve-sikacagi/bkk-2145-kati-meyve-sikacagi,Başlık Bulunamadı,,0,Kati Meyve Sikacagi,Küçük Ev Aletleri,Katı Meyve Sıkacağı,,,,,0,0,0,,0,0,0,,,,,,,0,,,0,,0,0,0,0,0,0,0,0,0,,0,0,0,0,0,0,,,,0,0,0,,0,0,0,0,0,0,0,,,0,0,,0,0,0,0,0,0,0,0,0,0,0,,,0,0,0,,,0,,0,0,0,0,0,0,0,0,,,,,,,,0,0,,,,0,0,0,0,0,0,0,0,0,,,,0,0,,0,0,0,0,,,0,0,,,0,0,,0,0,0,0,0,0,0,0,,0,0,0,0,0,0,0,,,0,0,0,0,,0,,0,0,0,,,,0,0,0,0,,0,0,0,,,,,0,0,0,0,,0,,0,,0,0,0,0,0,,0,0,0,,,0,0,0,0,0,0,0,,0,0,,0,0,,0,0,0,,,,,0,0,0,0,,0,0,0,0,0,0,0,0,0,0,0,0,0,0,0,0,0,,,,,,,,0,0,0,,0,0,0,0,0,0.0,0,0,0,0,0,0,0.0,0.0,0,0,0,0,0,0,0,0,0,0,0,0,0,0,0,0,0,0,0,0,0,0,0,0,0,0,2,0
https://www.beko.com.tr/narenciye-sikacagi/ms-5210-narenciye-sikacagi,Başlık Bulunamadı,,0,Narenciye Sikacagi,Küçük Ev Aletleri,Narenciye Sıkacağı,,,,,0,0,0,,0,0,0,,,,,,,0,,,0,,0,0,0,0,0,0,0,0,0,,0,0,0,0,0,0,,,,0,0,0,,0,0,0,0,0,0,0,,,0,0,,0,0,0,0,0,0,0,0,0,0,0,,,0,0,0,,,0,,0,0,0,0,0,0,0,0,,,,,,,,0,0,,,,0,0,0,0,0,0,0,0,0,,,,0,0,,0,0,0,0,,,0,0,,,0,0,,0,0,0,0,0,0,0,0,,0,0,0,0,0,0,0,,,0,0,0,0,,0,,0,0,0,,,,0,0,0,0,,0,0,0,,,,,0,0,0,0,,0,,0,,0,0,0,0,0,,0,0,0,,,0,0,0,0,0,0,0,,0,0,,0,0,,0,0,0,,,,,0,0,0,0,,0,0,0,0,0,0,0,0,0,0,0,0,0,0,0,0,0,,,,,,,,0,0,0,,0,0,0,0,0,0.0,0,0,0,0,0,0,0.0,0.0,0,0,0,0,0,0,0,0,0,0,0,0,0,0,0,0,0,0,0,0,0,0,0,0,0,0,2,0
https://www.beko.com.tr/narenciye-sikacagi/ms-5410-b-narenciye-sikacagi,Başlık Bulunamadı,,0,Narenciye Sikacagi,Küçük Ev Aletleri,Narenciye Sıkacağı,,,,,0,0,0,,0,0,0,,,,,,,0,,,0,,0,0,0,0,0,0,0,0,0,,0,0,0,0,0,0,,,,0,0,0,,0,0,0,0,0,0,0,,,0,0,,0,0,0,0,0,0,0,0,0,0,0,,,0,0,0,,,0,,0,0,0,0,0,0,0,0,,,,,,,,0,0,,,,0,0,0,0,0,0,0,0,0,,,,0,0,,0,0,0,0,,,0,0,,,0,0,,0,0,0,0,0,0,0,0,,0,0,0,0,0,0,0,,,0,0,0,0,,0,,0,0,0,,,,0,0,0,0,,0,0,0,,,,,0,0,0,0,,0,,0,,0,0,0,0,0,,0,0,0,,,0,0,0,0,0,0,0,,0,0,,0,0,,0,0,0,,,,,0,0,0,0,,0,0,0,0,0,0,0,0,0,0,0,0,0,0,0,0,0,,,,,,,,0,0,0,,0,0,0,0,0,0.0,0,0,0,0,0,0,0.0,0.0,0,0,0,0,0,0,0,0,0,0,0,0,0,0,0,0,0,0,0,0,0,0,0,0,0,0,2,0
https://www.beko.com.tr/cay-makinesi/bkk-2221-c-beko-dem-cay-makinesi-cay-makinesi,Başlık Bulunamadı,,0,Cay Makinesi,Küçük Ev Aletleri,Çay Makinesi,,,,,0,0,0,,0,0,0,,,,,,,0,,,0,,0,0,0,0,0,0,0,0,0,,0,0,0,0,0,0,,,,0,0,0,,0,0,0,0,0,0,0,,,0,0,,0,0,0,0,0,0,0,0,0,0,0,,,0,0,0,,,0,,0,0,0,0,0,0,0,0,,,,,,,,0,0,,,,0,0,0,0,0,0,0,0,0,,,,0,0,,0,0,0,0,,,0,0,,,0,0,,0,0,0,0,0,0,0,0,,0,0,0,0,0,0,0,,,0,0,0,0,,0,,0,0,0,,,,0,0,0,0,,0,0,0,,,,,0,0,0,0,,0,,0,,0,0,0,0,0,,0,0,0,,,0,0,0,0,0,0,0,,0,0,,0,0,,0,0,0,,,,,0,0,0,0,,0,0,0,0,0,0,0,0,0,0,0,0,0,0,0,0,0,,,,,,,,0,0,0,,0,0,0,0,0,0.0,0,0,0,0,0,0,0.0,0.0,0,0,0,0,0,0,0,0,0,0,0,0,0,0,0,0,0,0,0,0,0,0,0,0,0,0,2,0
https://www.beko.com.tr/cay-makinesi/cm-5964-r-floral-cay-makinesi,Başlık Bulunamadı,,0,Cay Makinesi,Küçük Ev Aletleri,Çay Makinesi,,,,,0,0,0,,0,0,0,,,,,,,0,,,0,,0,0,0,0,0,0,0,0,0,,0,0,0,0,0,0,,,,0,0,0,,0,0,0,0,0,0,0,,,0,0,,0,0,0,0,0,0,0,0,0,0,0,,,0,0,0,,,0,,0,0,0,0,0,0,0,0,,,,,,,,0,0,,,,0,0,0,0,0,0,0,0,0,,,,0,0,,0,0,0,0,,,0,0,,,0,0,,0,0,0,0,0,0,0,0,,0,0,0,0,0,0,0,,,0,0,0,0,,0,,0,0,0,,,,0,0,0,0,,0,0,0,,,,,0,0,0,0,,0,,0,,0,0,0,0,0,,0,0,0,,,0,0,0,0,0,0,0,,0,0,,0,0,,0,0,0,,,,,0,0,0,0,,0,0,0,0,0,0,0,0,0,0,0,0,0,0,0,0,0,,,,,,,,0,0,0,,0,0,0,0,0,0.0,0,0,0,0,0,0,0.0,0.0,0,0,0,0,0,0,0,0,0,0,0,0,0,0,0,0,0,0,0,0,0,0,0,0,0,0,2,0
https://www.beko.com.tr/cay-makinesi/cm-5964-floral-cay-makinesi,Başlık Bulunamadı,,0,Cay Makinesi,Küçük Ev Aletleri,Çay Makinesi,,,,,0,0,0,,0,0,0,,,,,,,0,,,0,,0,0,0,0,0,0,0,0,0,,0,0,0,0,0,0,,,,0,0,0,,0,0,0,0,0,0,0,,,0,0,,0,0,0,0,0,0,0,0,0,0,0,,,0,0,0,,,0,,0,0,0,0,0,0,0,0,,,,,,,,0,0,,,,0,0,0,0,0,0,0,0,0,,,,0,0,,0,0,0,0,,,0,0,,,0,0,,0,0,0,0,0,0,0,0,,0,0,0,0,0,0,0,,,0,0,0,0,,0,,0,0,0,,,,0,0,0,0,,0,0,0,,,,,0,0,0,0,,0,,0,,0,0,0,0,0,,0,0,0,,,0,0,0,0,0,0,0,,0,0,,0,0,,0,0,0,,,,,0,0,0,0,,0,0,0,0,0,0,0,0,0,0,0,0,0,0,0,0,0,,,,,,,,0,0,0,,0,0,0,0,0,0.0,0,0,0,0,0,0,0.0,0.0,0,0,0,0,0,0,0,0,0,0,0,0,0,0,0,0,0,0,0,0,0,0,0,0,0,0,2,0
https://www.beko.com.tr/cay-makinesi/cm-5342-in-cay-makinesi,CM 5342 IN Çay Makinesi,4699.0,101,Cay Makinesi,Küçük Ev Aletleri,Çay Makinesi,14.5,22.0,34.0,,0,0,0,,0,0,0,,,,,,,0,,,0,,0,0,0,0,0,0,0,0,0,,0,0,0,0,0,0,,,,0,0,0,,0,0,0,0,0,0,0,,,0,0,,0,0,0,0,0,0,0,0,0,0,0,,,0,0,0,,,0,,0,0,0,0,0,0,0,0,,,,,,,,0,0,,,,0,0,0,0,0,0,0,0,0,,,,0,0,,0,0,0,0,,,0,0,,,0,0,,0,0,0,0,0,0,0,0,,0,0,0,0,0,0,0,0.7,1.7,0,1,1,0,,0,,1,1,1,,,,0,0,0,0,,0,0,0,,,,,0,0,0,0,,0,,0,,0,0,0,0,0,,0,0,0,,,0,0,0,0,0,0,0,,0,0,,0,0,,0,0,0,,,,,0,0,0,0,,0,0,0,0,0,0,0,0,1,0,0,0,0,0,0,0,0,1.75,,1650.0,,,,,0,0,0,,0,0,0,0,0,0.0,0,0,0,0,0,0,0.0,0.0,0,0,0,0,0,0,0,0,0,0,0,0,0,0,0,2,0,0,0,0,0,0,0,0,0,0,2,0
https://www.beko.com.tr/cay-makinesi/cm-5964-b-floral-cay-makinesi,CM 5964 B Floral Çay Makinesi,6399.0,42,Cay Makinesi,Küçük Ev Aletleri,Çay Makinesi,22.0,16.0,37.0,,0,0,0,,0,0,0,,,,,,,0,,,0,,0,0,0,0,0,0,0,0,0,,0,0,0,0,0,0,,,,0,0,0,,0,0,0,0,0,0,0,,,0,0,,0,0,0,0,0,0,0,0,0,0,0,,,0,0,0,,,0,,0,0,0,0,0,0,0,0,,,,,,,,0,0,,,,0,0,0,0,0,0,0,0,0,,,,0,0,,0,0,0,0,,,0,0,,,0,0,,0,0,0,0,0,0,0,0,,0,0,0,0,0,0,0,0.8,2.0,1,1,1,0,,0,,1,1,1,,,,0,0,0,0,,0,0,0,,,,,0,0,0,0,,0,,0,,0,0,0,0,0,,0,0,0,,,0,0,0,0,0,0,0,,0,0,,0,0,,0,0,0,,,,,0,0,0,0,,0,0,0,0,0,0,0,1,0,0,0,0,0,0,0,0,0,1.669,,1900.0,,,,,0,0,0,,0,0,0,0,0,0.0,0,0,0,0,0,0,0.0,0.0,0,0,0,0,0,0,0,0,0,0,0,0,0,0,0,3,3,0,0,0,0,0,0,0,0,0,2,0
https://www.beko.com.tr/cay-makinesi/cm-5587-b-cay-makinesi,CM 5587 B Çay Makinesi,6399.0,12,Cay Makinesi,Küçük Ev Aletleri,Çay Makinesi,22.0,16.0,37.0,,0,0,0,,0,0,0,,,,,,,0,,,0,,0,0,0,0,0,0,0,0,0,,0,0,0,0,0,0,,,,0,0,0,,0,0,0,0,0,0,0,,,0,0,,0,0,0,0,0,0,0,0,0,0,0,,,0,0,0,,,0,,0,0,0,0,0,0,0,0,,,,,,,,0,0,,,,0,0,0,0,0,0,0,0,0,,,,0,0,,0,0,0,0,,,0,0,,,0,0,,0,0,0,0,0,0,0,0,,0,0,0,0,0,0,0,1.2,2.0,1,1,1,0,,0,,1,1,1,,,,0,0,0,0,,0,0,0,,,,,0,0,0,0,,0,,0,,0,0,0,0,0,,0,0,0,,,0,0,0,0,0,0,0,,0,0,,0,0,,0,0,0,,,,,0,0,0,0,,0,0,0,0,0,0,0,1,0,0,0,0,0,0,0,0,0,1.669,,1900.0,,,,,0,0,0,,0,0,0,0,0,0.0,0,0,0,0,0,0,0.0,0.0,0,0,0,0,0,0,0,0,0,0,0,0,0,0,0,3,3,0,0,0,0,0,0,0,0,0,2,0
https://www.beko.com.tr/kucuk-ev-aletleri-yedek-parca-ve-aksesuarlari/dograyici-bicak-grubu-kucuk-ev-aletleri-yedek-parca-ve-aksesuarlari,Bıçak Grubu Siyah Uzun Küçük Ev Aletleri Yedek Parça ve Aksesuarları,425.0,1,Kucuk Ev Aletleri Yedek Parca Ve Aksesuarlari,Küçük Ev Aletleri,Küçük Ev Aletleri Seti,,,,,0,0,0,,0,0,0,,,,,,,0,,,0,,0,0,0,0,0,0,0,0,0,,0,0,0,0,0,0,,,,0,0,0,,0,0,0,0,0,0,0,,,0,0,,0,0,0,0,0,0,0,0,0,0,0,,,0,0,0,,,0,,0,0,0,0,0,0,0,0,,,,,,,,0,0,,,,0,0,0,0,0,0,0,0,0,,,,0,0,,0,0,0,0,,,0,0,,,0,0,,0,0,0,0,0,0,0,0,,0,0,0,0,0,0,0,,,0,0,0,0,,0,,0,0,0,,,,0,0,0,0,,0,0,0,,,,,0,0,0,0,,0,,0,,0,0,0,0,0,,0,0,0,,,0,0,0,0,0,0,0,,0,0,,0,0,,0,0,0,,,,,0,0,0,0,,0,0,0,0,0,0,0,0,0,0,0,0,0,0,0,0,0,,,,,,,,0,0,0,,0,0,0,0,0,0.0,0,0,0,0,0,0,0.0,0.0,0,0,0,0,0,0,0,0,0,0,0,0,0,0,0,0,0,0,0,0,0,0,0,0,0,0,2,0
https://www.beko.com.tr/7-bolmeli-derin-dondurucu/7072-mi-derin-dondurucu,7072 MI 7 Bölmeli Derin Dondurucu,38639.0,4,7 Bolmeli Derin Dondurucu,Beyaz Eşya,Derin Dondurucu,64.0,60.0,171.0,13.0,0,0,1,36.0,0,0,0,5.0,,214.74,0.529,0.349,0.0,0,7.0,2.0,1,,0,0,0,0,0,0,0,0,0,,0,0,0,0,0,0,,,,0,0,0,,0,0,0,0,0,0,0,,,0,0,,0,0,0,0,0,0,0,0,0,0,0,,,0,0,0,,,0,,0,0,0,0,0,0,0,0,,,,,,,,0,0,,,,0,0,0,0,0,0,0,0,0,,,,0,0,,0,0,0,0,,,0,0,,,0,0,,0,0,0,0,0,0,0,0,,0,0,0,0,0,0,0,,,0,0,0,0,,0,,0,0,0,,,,0,0,0,0,,0,0,0,,,,,0,0,0,0,,0,,0,,0,0,0,0,0,,0,0,0,,,0,0,0,0,0,0,0,,0,0,,0,0,,0,0,0,,,,,0,0,0,0,,0,0,0,0,0,0,0,0,1,0,0,0,0,0,0,0,0,55.5,,,244.0,,,,0,0,0,,0,0,2,0,0,0.0,1,2,0,1,0,2,0.0,0.0,0,0,0,0,0,0,0,0,0,0,0,0,0,0,0,0,0,0,0,2,0,0,0,0,0,0,2,0
https://www.beko.com.tr/7-bolmeli-derin-dondurucu/7072-mb-derin-dondurucu,7072 MB 7 Bölmeli Derin Dondurucu,35119.0,20,7 Bolmeli Derin Dondurucu,Beyaz Eşya,Derin Dondurucu,64.0,60.0,171.0,13.0,0,0,1,36.0,0,0,0,5.0,,214.74,0.529,0.349,0.0,0,7.0,2.0,1,,0,0,0,0,0,0,0,0,0,,0,0,0,0,0,0,,,,0,0,0,,0,0,0,0,0,0,0,,,0,0,,0,0,0,0,0,0,0,0,0,0,0,,,0,0,0,,,0,,0,0,0,0,0,0,0,0,,,,,,,,0,0,,,,0,0,0,0,0,0,0,0,0,,,,0,0,,0,0,0,0,,,0,0,,,0,0,,0,0,0,0,0,0,0,0,,0,0,0,0,0,0,0,,,0,0,0,0,,0,,0,0,0,,,,0,0,0,0,,0,0,0,,,,,0,0,0,0,,0,,0,,0,0,0,0,0,,0,0,0,,,0,0,0,0,0,0,0,,0,0,,0,0,,0,0,0,,,,,0,0,0,0,,0,0,0,0,0,0,0,0,0,0,0,1,0,0,0,0,0,55.5,,,244.0,,,,0,0,0,,0,0,2,0,0,0.0,1,2,0,1,0,2,0.0,0.0,0,0,0,0,0,0,0,0,0,0,0,0,0,0,0,0,0,0,0,2,0,0,0,0,0,0,2,0
https://www.beko.com.tr/6-bolmeli-derin-dondurucu/7362-nfb-derin-dondurucu,7362 NFB 6 Bölmeli Derin Dondurucu,39669.0,12,6 Bolmeli Derin Dondurucu,Beyaz Eşya,Derin Dondurucu,70.9,60.0,152.0,13.0,0,0,1,38.0,0,0,0,5.0,,227.52,0.561,0.394,,0,6.0,,0,,0,0,0,0,0,0,0,0,0,,0,0,0,0,0,0,,,,0,0,0,,0,0,0,0,0,0,0,,,0,0,,0,0,0,0,0,0,0,0,0,0,0,,,0,0,0,,,0,,0,0,0,0,0,0,0,0,,,,,,,,0,0,,,,0,0,0,0,0,0,0,0,0,,,,0,0,,0,0,0,0,,,0,0,,,0,0,,0,0,0,0,0,0,0,0,,0,0,0,0,0,0,0,,,0,0,0,0,,0,,0,0,0,,,,0,0,0,0,,0,0,0,,,,,0,0,0,0,,0,,0,,0,0,0,0,0,,0,0,0,,,0,0,0,0,0,0,0,,0,0,,0,0,,0,0,0,,,,,0,0,0,0,,0,0,0,0,0,0,0,0,0,0,0,1,0,0,0,0,0,60.0,,,220.0,,,,0,0,0,,0,0,2,0,0,0.0,1,2,0,1,0,2,0.0,0.0,0,0,0,0,0,0,0,0,0,0,0,0,0,0,0,0,0,0,0,2,0,0,0,0,0,0,2,0
https://www.beko.com.tr/3-bolmeli-derin-dondurucu/7030-mb-derin-dondurucu,7030 MB 3 Bölmeli Derin Dondurucu,10990.0,34,3 Bolmeli Derin Dondurucu,Beyaz Eşya,Derin Dondurucu,50.0,48.0,82.0,9.0,0,0,1,37.0,0,0,0,3.0,,158.0,0.389,0.258,,0,,,1,,0,0,0,0,0,0,0,0,0,,0,0,0,0,0,0,,,,0,0,0,,0,0,0,0,0,0,0,,,0,0,,0,0,0,0,0,0,0,0,0,0,0,,,0,0,0,,,0,,0,0,0,0,0,0,0,0,,,,,,,,0,0,,,,0,0,0,0,0,0,0,0,0,,,,0,0,,0,0,0,0,,,0,0,,,0,0,,0,0,0,0,0,0,0,0,,0,0,0,0,0,0,0,,,0,0,0,0,,0,,0,0,0,,,,0,0,0,0,,0,0,0,,,,,0,0,0,0,,0,,0,,0,0,0,0,0,,0,0,0,,,0,0,0,0,0,0,0,,0,0,,0,0,,0,0,0,,,,,0,0,0,0,,0,0,0,0,0,0,0,0,0,0,0,1,0,0,0,0,0,26.0,,,65.0,,,,0,0,0,,0,0,2,0,0,0.0,1,2,0,0,0,2,0.0,0.0,0,0,0,0,1,0,0,0,0,0,0,0,0,0,0,0,0,0,0,1,0,0,0,0,0,0,2,0
