Product_Link,Product_Name,Price,Favorite_Count,Product_Group,Main_Category,Subcategory,Relative_Feature_Score,Scaled_Price,Scaled_Favorite,Segment_Name,Segmentation_Name
https://www.beko.com.tr/no-frost-buzdolabi/683616-ei-buzdolabi,683616 EI Yapay Zeka Teknolojili No Frost Buzdolabı,88409.0,104,No Frost Buzdolabi,Beyaz Eşya,Buzdolabı,1.0,0.7663821342205428,0.5795002436201251,Tanımlanmamış,Premium / Lüks
https://www.beko.com.tr/no-frost-buzdolabi/678551-egc-ai-fit-buzdolabi,678551 EGC AI Fit No Frost Buzdolabı,71999.0,4,No Frost Buzdolabi,Beyaz Eşya,Buzdolabı,0.700549317257314,0.31724512602067695,0.0,Tanımlanmamış,Keşfedilmemiş Teknoloji
https://www.beko.com.tr/no-frost-buzdolabi/678551-ebc-ai-fit-buzdolabi,678551 EBC AI Fit Beyaz Cam Yapay Zeka Teknolojili No Frost Buzdolabı,71999.0,7,No Frost Buzdolabi,Beyaz Eşya,Buzdolabı,0.7775814741378102,0.31724512602067695,0.0,Tanımlanmamış,Keşfedilmemiş Teknoloji
https://www.beko.com.tr/no-frost-buzdolabi/678551-esc-buzdolabi,678551 ESC Siyah Cam No Frost Buzdolabı,91889.0,41,No Frost Buzdolabi,Beyaz Eşya,Buzdolabı,0.6646207816921316,0.8508355508491058,0.07042152999284255,Tanımlanmamış,Premium / Lüks
https://www.beko.com.tr/no-frost-buzdolabi/670475-iebc-buzdolabi,670475 IEBC AI Beyaz Cam No Frost Buzdolabı,55469.0,4,No Frost Buzdolabi,Beyaz Eşya,Buzdolabı,0.0,0.0,0.0,Tanımlanmamış,Düşük Segment (Giriş Seviyesi)
https://www.beko.com.tr/no-frost-buzdolabi/670475-iesc-buzdolabi,670475 IESC AI Siyah Cam Yapay Zeka Teknolojili No Frost Buzdolabı,55469.0,10,No Frost Buzdolabi,Beyaz Eşya,Buzdolabı,0.0,0.0,0.0,Tanımlanmamış,Düşük Segment (Giriş Seviyesi)
https://www.beko.com.tr/no-frost-buzdolabi/970406-mb-buzdolabi,970406 MB No Frost Buzdolabı,35499.0,90,No Frost Buzdolabi,Beyaz Eşya,Buzdolabı,0.0,0.0,0.4999953541069807,Tanımlanmamış,Popüler Ekonomik
https://www.beko.com.tr/no-frost-buzdolabi/678551-edi-buzdolabi,678551 EDI Tencere Soğutma Teknolojili No Frost Buzdolabı,83899.0,36,No Frost Buzdolabi,Beyaz Eşya,Buzdolabı,0.72632429329183,0.6518453381697722,0.0,Tanımlanmamış,Premium / Lüks
https://www.beko.com.tr/no-frost-buzdolabi/970477-eb-buzdolabi,970477 EB No Frost Buzdolabı,41509.0,61,No Frost Buzdolabi,Beyaz Eşya,Buzdolabı,0.0,0.0,0.28680287662141274,Tanımlanmamış,Düşük Segment (Giriş Seviyesi)
https://www.beko.com.tr/no-frost-buzdolabi/678550-ei-fit-buzdolabi,678550 EI Fit No Frost Buzdolabı,67729.0,54,No Frost Buzdolabi,Beyaz Eşya,Buzdolabı,0.5575978543951217,0.18350761780109337,0.22024295347685544,Tanımlanmamış,Keşfedilmemiş Teknoloji
https://www.beko.com.tr/no-frost-buzdolabi/678550-eb-fit-buzdolabi,678550 EB ElegantFit No Frost Buzdolabı,65719.0,71,No Frost Buzdolabi,Beyaz Eşya,Buzdolabı,0.5525213805857501,0.1176069080851939,0.3698806816546411,Tanımlanmamış,Keşfedilmemiş Teknoloji
https://www.beko.com.tr/no-frost-buzdolabi/670475-mi-buzdolabi,670475 MI No Frost Buzdolabı,48569.0,29,No Frost Buzdolabi,Beyaz Eşya,Buzdolabı,0.0,0.0,0.0,Tanımlanmamış,Düşük Segment (Giriş Seviyesi)
https://www.beko.com.tr/statik-buzdolabi/870503-mb-buzdolabi,870503 MB Statik Buzdolabı,47939.0,16,Statik Buzdolabi,Beyaz Eşya,Buzdolabı,0.0,0.0,0.0,Tanımlanmamış,Düşük Segment (Giriş Seviyesi)
https://www.beko.com.tr/no-frost-buzdolabi/674533-mb-buzdolabi,674533 MB No Frost Buzdolabı,59329.0,68,No Frost Buzdolabi,Beyaz Eşya,Buzdolabı,0.151137091799534,0.0,0.3462351366249777,Tanımlanmamış,Düşük Segment (Giriş Seviyesi)
https://www.beko.com.tr/gardirop-tipi-buzdolabi/183510-ei-buzdolabi,183510 EI Gardırop Tipi Buzdolabı,78789.0,19,Gardirop Tipi Buzdolabi,Beyaz Eşya,Buzdolabı,0.19230179221192464,0.514383328721429,0.0,Tanımlanmamış,Niş / Aşırı Fiyatlandırılmış
https://www.beko.com.tr/no-frost-buzdolabi/670477-ei-ai-buzdolabi,670477 EI AI No Frost Buzdolabı,53149.0,19,No Frost Buzdolabi,Beyaz Eşya,Buzdolabı,0.0,0.0,0.0,Tanımlanmamış,Düşük Segment (Giriş Seviyesi)
https://www.beko.com.tr/no-frost-buzdolabi/674581-ei-buzdolabi,674581 EI No Frost Buzdolabı,76709.0,180,No Frost Buzdolabi,Beyaz Eşya,Buzdolabı,0.10922071437110736,0.4558587072480245,0.882037444421538,Tanımlanmamış,Popüler Ekonomik
https://www.beko.com.tr/gardirop-tipi-buzdolabi/191641-ei-buzdolabi,191641 EI Gardırop Tipi Buzdolabı,112299.0,46,Gardirop Tipi Buzdolabi,Beyaz Eşya,Buzdolabı,0.1623837867040865,1.0,0.13291277335304974,Tanımlanmamış,Niş / Aşırı Fiyatlandırılmış
https://www.beko.com.tr/no-frost-buzdolabi/674532-eb-buzdolabi,674532 EB No Frost Buzdolabı,71349.0,99,No Frost Buzdolabi,Beyaz Eşya,Buzdolabı,0.1740470023659256,0.297407102360292,0.5523930895815429,Tanımlanmamış,Popüler Ekonomik
https://www.beko.com.tr/mini-buzdolabi/754140-mb-buzdolabi,754140 MB Mini Buzdolabı,22629.0,28,Mini Buzdolabi,Beyaz Eşya,Buzdolabı,0.0,0.0,0.0,Tanımlanmamış,Düşük Segment (Giriş Seviyesi)
https://www.beko.com.tr/mini-buzdolabi/74785-mb-buzdolabi,74785 MB Mini Buzdolabı,16469.0,8,Mini Buzdolabi,Beyaz Eşya,Buzdolabı,0.0,0.0,0.0,Tanımlanmamış,Düşük Segment (Giriş Seviyesi)
https://www.beko.com.tr/ankastre-buzdolabi/b-7626-ts-ankastre-buzdolabi,B 7626 TS Ankastre Buzdolabı,33979.0,0,Ankastre Buzdolabi,Beyaz Eşya,Buzdolabı,0.0,0.0,0.0,Tanımlanmamış,Düşük Segment (Giriş Seviyesi)
https://www.beko.com.tr/no-frost-buzdolabi/670475-mb-buzdolabi,670475 MB No Frost Buzdolabı,46759.0,135,No Frost Buzdolabi,Beyaz Eşya,Buzdolabı,0.0,0.0,0.7232274219201369,Tanımlanmamış,Popüler Ekonomik
https://www.beko.com.tr/no-frost-buzdolabi/670475-ea-buzdolabi,670475 EA No Frost Buzdolabı,59439.0,38,No Frost Buzdolabi,Beyaz Eşya,Buzdolabı,0.752141979781166,0.0,0.029248144929372534,Tanımlanmamış,Keşfedilmemiş Teknoloji
https://www.beko.com.tr/statik-buzdolabi/854257-mb-buzdolabi,854257 MB Statik Buzdolabı,25899.0,24,Statik Buzdolabi,Beyaz Eşya,Buzdolabı,0.0,0.0,0.0,Tanımlanmamış,Düşük Segment (Giriş Seviyesi)
https://www.beko.com.tr/no-frost-buzdolabi/974509-mb-buzdolabi,974509 MB No Frost Buzdolabı,58689.0,36,No Frost Buzdolabi,Beyaz Eşya,Buzdolabı,0.0,0.0,0.0,Tanımlanmamış,Düşük Segment (Giriş Seviyesi)
https://www.beko.com.tr/no-frost-buzdolabi/970477-mb-buzdolabi,970477 MB No Frost Buzdolabı,38299.0,69,No Frost Buzdolabi,Beyaz Eşya,Buzdolabı,0.0,0.0,0.35422932416614517,Tanımlanmamış,Düşük Segment (Giriş Seviyesi)
https://www.beko.com.tr/no-frost-buzdolabi/978557-eb-fit-buzdolabi,978557 EB ElegantFit No Frost Buzdolabı,62279.0,54,No Frost Buzdolabi,Beyaz Eşya,Buzdolabı,0.0023109647064149764,0.0,0.22024295347685544,Tanımlanmamış,Düşük Segment (Giriş Seviyesi)
https://www.beko.com.tr/no-frost-buzdolabi/978557-ei-fit-buzdolabi,978557 EI ElegantFit No Frost Buzdolabı,66949.0,19,No Frost Buzdolabi,Beyaz Eşya,Buzdolabı,0.014495094498850907,0.1581693968577037,0.0,Tanımlanmamış,Düşük Segment (Giriş Seviyesi)
https://www.beko.com.tr/gardirop-tipi-buzdolabi/191572-ebs-buzdolabi,191572 EBS Gardırop Tipi Buzdolabı,95549.0,11,Gardirop Tipi Buzdolabi,Beyaz Eşya,Buzdolabı,0.0,0.9362740837171604,0.0,Tanımlanmamış,Niş / Aşırı Fiyatlandırılmış
https://www.beko.com.tr/no-frost-buzdolabi/974509-mi-buzdolabi,974509 MI No Frost Buzdolabı,56789.0,4,No Frost Buzdolabi,Beyaz Eşya,Buzdolabı,0.0,0.0,0.0,Tanımlanmamış,Düşük Segment (Giriş Seviyesi)
https://www.beko.com.tr/no-frost-buzdolabi/983625-ieb-fit-buzdolabi,983625 IEB Fit No Frost Buzdolabı,58629.0,4,No Frost Buzdolabi,Beyaz Eşya,Buzdolabı,0.014405013336653172,0.0,0.0,Tanımlanmamış,Düşük Segment (Giriş Seviyesi)
https://www.beko.com.tr/ustten-donduruculu-buzdolabi/983632-eb-fit-buzdolabi,983632 EB Fit Üstten Donduruculu Buzdolabı,63189.0,3,Ustten Donduruculu Buzdolabi,Beyaz Eşya,Buzdolabı,0.0,0.031731373973403545,0.0,Tanımlanmamış,Düşük Segment (Giriş Seviyesi)
https://www.beko.com.tr/gardirop-tipi-buzdolabi/191572-ei-buzdolabi,191572 EI Gardırop Tipi Buzdolabı,115109.0,18,Gardirop Tipi Buzdolabi,Beyaz Eşya,Buzdolabı,0.23972407221210462,1.0,0.0,Tanımlanmamış,Niş / Aşırı Fiyatlandırılmış
https://www.beko.com.tr/cekmeceli-derin-dondurucu/7682-nfb-derin-dondurucu,7682 NFB Çekmeceli Derin Dondurucu,43689.0,1,Cekmeceli Derin Dondurucu,Beyaz Eşya,Derin Dondurucu,0.0,0.2749328644135744,0.0,Tanımlanmamış,Düşük Segment (Giriş Seviyesi)
https://www.beko.com.tr/no-frost-buzdolabi/683613-eb-buzdolabi,683613 EB No Frost Buzdolabı,72459.0,74,No Frost Buzdolabi,Beyaz Eşya,Buzdolabı,0.944812994153078,0.33117642000874786,0.39256082861581926,Tanımlanmamış,Fırsat / Yıldız Ürünler
https://www.beko.com.tr/no-frost-buzdolabi/683613-ei-buzdolabi,683613 EI No Frost Buzdolabı,78619.0,49,No Frost Buzdolabi,Beyaz Eşya,Buzdolabı,0.8815296880844505,0.509658386094655,0.16728990916183906,Tanımlanmamış,Premium / Lüks
https://www.beko.com.tr/gardirop-tipi-buzdolabi/191572-es-buzdolabi,191572 ES Gardırop Tipi Buzdolabı,89429.0,11,Gardirop Tipi Buzdolabi,Beyaz Eşya,Buzdolabı,0.1466288070223986,0.7914752882470971,0.0,Tanımlanmamış,Niş / Aşırı Fiyatlandırılmış
https://www.beko.com.tr/no-frost-buzdolabi/683616-iebi-buzdolabi,683616 IEBI No Frost Buzdolabı,91119.0,6,No Frost Buzdolabi,Beyaz Eşya,Buzdolabı,1.0,0.8324279056466893,0.0,Tanımlanmamış,Premium / Lüks
https://www.beko.com.tr/no-frost-buzdolabi/970475-eb-buzdolabi,970475 EB No Frost Buzdolabı,63659.0,144,No Frost Buzdolabi,Beyaz Eşya,Buzdolabı,0.0,0.04794160266466457,0.7588287663372533,Tanımlanmamış,Popüler Ekonomik
https://www.beko.com.tr/no-frost-buzdolabi/670477-eb-ai-buzdolabi,670477 EB AI Yapay Zeka Teknolojili No Frost Buzdolabı,49959.0,24,No Frost Buzdolabi,Beyaz Eşya,Buzdolabı,0.0770321568804963,0.0,0.0,Tanımlanmamış,Düşük Segment (Giriş Seviyesi)
https://www.beko.com.tr/no-frost-buzdolabi/970477-mi-buzdolabi,970477 MI No Frost Buzdolabı,37029.0,8,No Frost Buzdolabi,Beyaz Eşya,Buzdolabı,0.0,0.0,0.0,Tanımlanmamış,Düşük Segment (Giriş Seviyesi)
https://www.beko.com.tr/ustten-donduruculu-buzdolabi/983632-ei-fit-buzdolabi,983632 EI Fit Üstten Donduruculu Buzdolabı,69269.0,6,Ustten Donduruculu Buzdolabi,Beyaz Eşya,Buzdolabı,0.0,0.23268871517227255,0.0,Tanımlanmamış,Düşük Segment (Giriş Seviyesi)
https://www.beko.com.tr/ustten-donduruculu-buzdolabi/970471-mb-buzdolabi,970471 MB Üstten Donduruculu Buzdolabı,30999.0,12,Ustten Donduruculu Buzdolabi,Beyaz Eşya,Buzdolabı,0.0,0.0,0.0,Tanımlanmamış,Düşük Segment (Giriş Seviyesi)
https://www.beko.com.tr/cekmeceli-derin-dondurucu/7682-nfi-derin-dondurucu,7682 NFI Çekmeceli Derin Dondurucu,46299.0,1,Cekmeceli Derin Dondurucu,Beyaz Eşya,Derin Dondurucu,0.013762123115524669,0.3970556615961696,0.0,Tanımlanmamış,Düşük Segment (Giriş Seviyesi)
https://www.beko.com.tr/cekmeceli-derin-dondurucu/7071-mnfb-derin-dondurucu,7071 MNFB Çekmeceli Derin Dondurucu,38339.0,3,Cekmeceli Derin Dondurucu,Beyaz Eşya,Derin Dondurucu,0.07663735078692403,0.0,0.0,Tanımlanmamış,Düşük Segment (Giriş Seviyesi)
https://www.beko.com.tr/ankastre-buzdolabi/b-54275-ynk-e-ankastre-buzdolabi,B 54275 YNK E Ankastre Buzdolabı,77059.0,7,Ankastre Buzdolabi,Beyaz Eşya,Buzdolabı,0.0,0.4658168179076705,0.0,Tanımlanmamış,Niş / Aşırı Fiyatlandırılmış
https://www.beko.com.tr/no-frost-buzdolabi/970357-mb-buzdolabi,970357 MB No Frost Buzdolabı,29599.0,73,No Frost Buzdolabi,Beyaz Eşya,Buzdolabı,0.0,0.0,0.38510318041970376,Tanımlanmamış,Düşük Segment (Giriş Seviyesi)
https://www.beko.com.tr/no-frost-buzdolabi/970475-ei-buzdolabi,970475 EI No Frost Buzdolabı,66529.0,88,No Frost Buzdolabi,Beyaz Eşya,Buzdolabı,0.0,0.14440318991756065,0.48764848046352105,Tanımlanmamış,Popüler Ekonomik
https://www.beko.com.tr/no-frost-buzdolabi/670475-eb-buzdolabi,670475 EB No Frost Buzdolabı,51119.0,80,No Frost Buzdolabi,Beyaz Eşya,Buzdolabı,0.0,0.0,0.4353193401428985,Tanımlanmamış,Popüler Ekonomik
https://www.beko.com.tr/no-frost-buzdolabi/660316-mb-buzdolabi,660316 MB No Frost Buzdolabı,47009.0,41,No Frost Buzdolabi,Beyaz Eşya,Buzdolabı,0.0,0.0,0.07042152999284255,Tanımlanmamış,Düşük Segment (Giriş Seviyesi)
https://www.beko.com.tr/no-frost-buzdolabi/660316-mi-buzdolabi,660316 MI No Frost Buzdolabı,50399.0,38,No Frost Buzdolabi,Beyaz Eşya,Buzdolabı,0.0,0.0,0.029248144929372534,Tanımlanmamış,Düşük Segment (Giriş Seviyesi)
https://www.beko.com.tr/no-frost-buzdolabi/670475-ei-buzdolabi,670475 EI No Frost Buzdolabı,54859.0,101,No Frost Buzdolabi,Beyaz Eşya,Buzdolabı,0.0,0.0,0.5633951609544133,Tanımlanmamış,Popüler Ekonomik
https://www.beko.com.tr/no-frost-buzdolabi/678552-ei-ai-fit-buzdolabi,678552 EI AI Fit Yapay Zeka Teknolojili No Frost Buzdolabı,85019.0,45,No Frost Buzdolabi,Beyaz Eşya,Buzdolabı,0.9444029729244364,0.6808536918748671,0.12096421717099722,Tanımlanmamış,Premium / Lüks
https://www.beko.com.tr/gardirop-tipi-buzdolabi/191572-esc-buzdolabi,191572 ESC Gardırop Tipi Buzdolabı,107779.0,8,Gardirop Tipi Buzdolabi,Beyaz Eşya,Buzdolabı,0.5478526997340898,1.0,0.0,Tanımlanmamış,Premium / Lüks
https://www.beko.com.tr/no-frost-buzdolabi/678552-ei-buzdolabi,678552 EI No Frost Buzdolabı,66869.0,82,No Frost Buzdolabi,Beyaz Eşya,Buzdolabı,0.9831270567356258,0.15555393264916842,0.4488709009608819,Tanımlanmamış,Fırsat / Yıldız Ürünler
https://www.beko.com.tr/ankastre-buzdolabi/b-69400-nfk-e-ankastre-buzdolabi,B 69400 NFK E Ankastre Buzdolabı,125209.0,4,Ankastre Buzdolabi,Beyaz Eşya,Buzdolabı,0.5876783248413067,1.0,0.0,Tanımlanmamış,Premium / Lüks
https://www.beko.com.tr/no-frost-buzdolabi/983628-eb-buzdolabi,983628 EB No Frost Buzdolabı,65159.0,87,No Frost Buzdolabi,Beyaz Eşya,Buzdolabı,0.022022513992377108,0.09888728245714001,0.48137060068897963,Tanımlanmamış,Popüler Ekonomik
https://www.beko.com.tr/no-frost-buzdolabi/983628-ei-buzdolabi,983628 EI No Frost Buzdolabı,73299.0,38,No Frost Buzdolabi,Beyaz Eşya,Buzdolabı,0.19592277718654005,0.3563894768191992,0.029248144929372534,Tanımlanmamış,Düşük Segment (Giriş Seviyesi)
https://www.beko.com.tr/no-frost-buzdolabi/970476-mg-buzdolabi,970476 MG No Frost Buzdolabı,42529.0,23,No Frost Buzdolabi,Beyaz Eşya,Buzdolabı,0.0,0.0,0.0,Tanımlanmamış,Düşük Segment (Giriş Seviyesi)
https://www.beko.com.tr/no-frost-buzdolabi/670475-mg-buzdolabi,670475 MG No Frost Buzdolabı,44709.0,59,No Frost Buzdolabi,Beyaz Eşya,Buzdolabı,0.5392250981634741,0.0,0.26858529540824,Tanımlanmamış,Keşfedilmemiş Teknoloji
https://www.beko.com.tr/7-bolmeli-derin-dondurucu/7071-nfb-derin-dondurucu,7071 NFB 7 Bölmeli Derin Dondurucu,45479.0,58,7 Bolmeli Derin Dondurucu,Beyaz Eşya,Derin Dondurucu,0.1171435654800284,0.359445428592355,1.0,Tanımlanmamış,Popüler Ekonomik
https://www.beko.com.tr/3-bolmeli-derin-dondurucu/7032-mb-derin-dondurucu,7032 MB 3 Bölmeli Derin Dondurucu,15159.0,21,3 Bolmeli Derin Dondurucu,Beyaz Eşya,Derin Dondurucu,0.0,0.0,0.6732071763541619,Tanımlanmamış,Popüler Ekonomik
https://www.beko.com.tr/8-bolmeli-derin-dondurucu-/7783-deb-derin-dondurucu,7783 DEB Yapay Zeka Teknolojili 8 Bölmeli Derin Dondurucu,57969.0,9,8 Bolmeli Derin Dondurucu,Beyaz Eşya,Derin Dondurucu,1.0,0.8701670901333121,0.0,Tanımlanmamış,Premium / Lüks
https://www.beko.com.tr/cekmeceli-derin-dondurucu/7032-nfb-derin-dondurucu,7032 NFB Çekmeceli Derin Dondurucu,22189.0,5,Cekmeceli Derin Dondurucu,Beyaz Eşya,Derin Dondurucu,0.0,0.0,0.0,Tanımlanmamış,Düşük Segment (Giriş Seviyesi)
https://www.beko.com.tr/5-bolmeli-derin-dondurucu/7053-nfb-derin-dondurucu,7053 NFB 5 Bölmeli Derin Dondurucu,34829.0,3,5 Bolmeli Derin Dondurucu,Beyaz Eşya,Derin Dondurucu,0.0,0.0,0.0,Tanımlanmamış,Düşük Segment (Giriş Seviyesi)
https://www.beko.com.tr/5-bolmeli-derin-dondurucu/7053-mb-derin-dondurucu,7053 MB 5 Bölmeli Derin Dondurucu,19749.0,13,5 Bolmeli Derin Dondurucu,Beyaz Eşya,Derin Dondurucu,0.17253727317243087,0.0,0.23422446468339678,Tanımlanmamış,Düşük Segment (Giriş Seviyesi)
https://www.beko.com.tr/8-bolmeli-derin-dondurucu-/7083-multimode-ei-derin-dondurucu,7083 MultiMode EI 8 Bölmeli Derin Dondurucu,59129.0,13,8 Bolmeli Derin Dondurucu,Beyaz Eşya,Derin Dondurucu,0.630498038632706,0.9118678500702508,0.23422446468339678,Tanımlanmamış,Premium / Lüks
https://www.beko.com.tr/6-bolmeli-derin-dondurucu/7063-mb-derin-dondurucu,7063 MB 6 Bölmeli Derin Dondurucu,28279.0,28,6 Bolmeli Derin Dondurucu,Beyaz Eşya,Derin Dondurucu,0.2852281337899478,0.0,0.9415134767388916,Tanımlanmamış,Popüler Ekonomik
https://www.beko.com.tr/sandik-tipi-derin-dondurucu/3104-e-derin-dondurucu,3104 E Sandık Tipi Derin Dondurucu,18899.0,6,Sandik Tipi Derin Dondurucu,Beyaz Eşya,Derin Dondurucu,0.0,0.0,0.0,Tanımlanmamış,Düşük Segment (Giriş Seviyesi)
https://www.beko.com.tr/sandik-tipi-derin-dondurucu/3451-e-derin-dondurucu,3451 E Sandık Tipi Derin Dondurucu,42409.0,6,Sandik Tipi Derin Dondurucu,Beyaz Eşya,Derin Dondurucu,0.0,0.21234826385005898,0.0,Tanımlanmamış,Düşük Segment (Giriş Seviyesi)
https://www.beko.com.tr/7-bolmeli-derin-dondurucu/7375-jei-derin-dondurucu,7375 JEI 7 Bölmeli Derin Dondurucu,48579.0,12,7 Bolmeli Derin Dondurucu,Beyaz Eşya,Derin Dondurucu,0.24547423358119194,0.49823048532139824,0.16224838214543252,Tanımlanmamış,Niş / Aşırı Fiyatlandırılmış
https://www.beko.com.tr/4-bolmeli-derin-dondurucu/7043-mb-derin-dondurucu,7043 MB 4 Bölmeli Derin Dondurucu,22989.0,10,4 Bolmeli Derin Dondurucu,Beyaz Eşya,Derin Dondurucu,0.0,0.0,0.0,Tanımlanmamış,Düşük Segment (Giriş Seviyesi)
https://www.beko.com.tr/7-bolmeli-derin-dondurucu/7375-jeb-derin-dondurucu,7375 JEB 7 Bölmeli Derin Dondurucu,47839.0,15,7 Bolmeli Derin Dondurucu,Beyaz Eşya,Derin Dondurucu,0.8052877898037525,0.4659231016961945,0.3639145136435247,Tanımlanmamış,Premium / Lüks
https://www.beko.com.tr/sandik-tipi-derin-dondurucu/3298-jem-derin-dondurucu,3298 JEM Sandık Tipi Derin Dondurucu,34129.0,11,Sandik Tipi Derin Dondurucu,Beyaz Eşya,Derin Dondurucu,0.0,0.0,0.08450829067292184,Tanımlanmamış,Düşük Segment (Giriş Seviyesi)
https://www.beko.com.tr/sandik-tipi-derin-dondurucu/3205-jem-derin-dondurucu,3205 JEM Sandık Tipi Derin Dondurucu,31389.0,2,Sandik Tipi Derin Dondurucu,Beyaz Eşya,Derin Dondurucu,0.0,0.0,0.0,Tanımlanmamış,Düşük Segment (Giriş Seviyesi)
https://www.beko.com.tr/sandik-tipi-derin-dondurucu/3360-jem-derin-dondurucu,3360 JEM Sandık Tipi Derin Dondurucu,39449.0,9,Sandik Tipi Derin Dondurucu,Beyaz Eşya,Derin Dondurucu,0.0,0.06006996159941558,0.0,Tanımlanmamış,Düşük Segment (Giriş Seviyesi)
https://www.beko.com.tr/sandik-tipi-derin-dondurucu/3298-jemg-derin-dondurucu,3298 JEMG Sandık Tipi Derin Dondurucu,35829.0,1,Sandik Tipi Derin Dondurucu,Beyaz Eşya,Derin Dondurucu,0.0,0.0,0.0,Tanımlanmamış,Düşük Segment (Giriş Seviyesi)
https://www.beko.com.tr/8-bolmeli-derin-dondurucu-/7681-eb-derin-dondurucu,7681 EB 8 Bölmeli Derin Dondurucu,50489.0,12,8 Bolmeli Derin Dondurucu,Beyaz Eşya,Derin Dondurucu,0.0,0.579396400460771,0.16224838214543252,Tanımlanmamış,Niş / Aşırı Fiyatlandırılmış
https://www.beko.com.tr/10-kg-camasir-makinesi/cmx-10120-camasir-makinesi,CMX 10120 10 Kg Çamaşır Makinesi,36029.0,268,10 Kg Camasir Makinesi,Beyaz Eşya,Çamaşır Makinesi,0.0,0.0,1.0,Tanımlanmamış,Popüler Ekonomik
https://www.beko.com.tr/camasir-makinesi/cmxd-9120-camasir-makinesi,CMXD 9120 Çamaşır Makinesi,33839.0,118,Camasir Makinesi,Beyaz Eşya,Çamaşır Makinesi,0.0,0.0,0.7124004213499753,Tanımlanmamış,Popüler Ekonomik
https://www.beko.com.tr/10-kg-camasir-makinesi/cmx-10120-s-camasir-makinesi,CMX 10120 S 10 Kg Çamaşır Makinesi,36809.0,133,10 Kg Camasir Makinesi,Beyaz Eşya,Çamaşır Makinesi,0.0,0.0,0.8269148387387254,Tanımlanmamış,Popüler Ekonomik
https://www.beko.com.tr/9-kg-camasir-makinesi/cmb-9120-o-camasir-makinesi,CMB 9120 O 9 Kg Çamaşır Makinesi,36809.0,31,9 Kg Camasir Makinesi,Beyaz Eşya,Çamaşır Makinesi,0.0,0.0,0.0,Tanımlanmamış,Düşük Segment (Giriş Seviyesi)
https://www.beko.com.tr/9-kg-camasir-makinesi/cmb-9120-og-camasir-makinesi,CMB 9120 OG 9 Kg Çamaşır Makinesi,37769.0,16,9 Kg Camasir Makinesi,Beyaz Eşya,Çamaşır Makinesi,0.0007278325597983581,0.011645320956772362,0.0,Tanımlanmamış,Düşük Segment (Giriş Seviyesi)
https://www.beko.com.tr/9-kg-camasir-makinesi/cmxd-9100-camasir-makinesi,CMXD 9100 9 Kg Çamaşır Makinesi,33869.0,201,9 Kg Camasir Makinesi,Beyaz Eşya,Çamaşır Makinesi,0.0,0.0,1.0,Tanımlanmamış,Popüler Ekonomik
https://www.beko.com.tr/12-kg-camasir-makinesi/cmx-12140-a-camasir-makinesi,CMX 12140 A 12 Kg Çamaşır Makinesi,40619.0,48,12 Kg Camasir Makinesi,Beyaz Eşya,Çamaşır Makinesi,0.0,0.5440747231708403,0.0,Tanımlanmamış,Niş / Aşırı Fiyatlandırılmış
https://www.beko.com.tr/10-kg-camasir-makinesi/cmb-10140-o-camasir-makinesi,CMB 10140 O 10 Kg Çamaşır Makinesi,39809.0,61,10 Kg Camasir Makinesi,Beyaz Eşya,Çamaşır Makinesi,0.17385351562376883,0.3966507854685403,0.08348806009320235,Tanımlanmamış,Düşük Segment (Giriş Seviyesi)
https://www.beko.com.tr/9-kg-camasir-makinesi/cmxt-9120-camasir-makinesi,CMXT 9120 9 Kg Çamaşır Makinesi,29489.0,71,9 Kg Camasir Makinesi,Beyaz Eşya,Çamaşır Makinesi,0.0,0.0,0.2277272118382272,Tanımlanmamış,Düşük Segment (Giriş Seviyesi)
https://www.beko.com.tr/9-kg-camasir-makinesi/cmb-9140-og-camasir-makinesi,CMB 9140 OG 9 Kg Çamaşır Makinesi,38639.0,20,9 Kg Camasir Makinesi,Beyaz Eşya,Çamaşır Makinesi,1.0,0.17832175297266825,0.0,Tanımlanmamış,Keşfedilmemiş Teknoloji
https://www.beko.com.tr/10-kg-camasir-makinesi/cmb-10120-ob-camasir-makinesi,CMB 10120 OB 10 Kg Çamaşır Makinesi,40259.0,0,10 Kg Camasir Makinesi,Beyaz Eşya,Çamaşır Makinesi,0.8091370793719275,0.47891929545380385,0.0,Tanımlanmamış,Keşfedilmemiş Teknoloji
https://www.beko.com.tr/8-kg-camasir-makinesi/cmx-8100-camasir-makinesi,CMX 8100 8 Kg Çamaşır Makinesi,32189.0,89,8 Kg Camasir Makinesi,Beyaz Eşya,Çamaşır Makinesi,0.0,0.0,0.44297273667902104,Tanımlanmamış,Popüler Ekonomik
https://www.beko.com.tr/camasir-makinesi/cmxd-9120-s-camasir-makinesi,CMXD 9120 S Çamaşır Makinesi,35279.0,79,Camasir Makinesi,Beyaz Eşya,Çamaşır Makinesi,0.6242721674402016,0.0,0.32935855792329444,Tanımlanmamış,Keşfedilmemiş Teknoloji
https://www.beko.com.tr/camasir-makinesi/cm-10140-sw-camasir-makinesi,CM 10140 SW Çamaşır Makinesi,46799.0,42,Camasir Makinesi,Beyaz Eşya,Çamaşır Makinesi,0.0,1.0,0.0,Tanımlanmamış,Niş / Aşırı Fiyatlandırılmış
https://www.beko.com.tr/camasir-makinesi/cmxd-9100-cm-camasir-makinesi,CMXD 9100 CM Çamaşır Makinesi,33869.0,52,Camasir Makinesi,Beyaz Eşya,Çamaşır Makinesi,0.12427216744020164,0.0,0.0,Tanımlanmamış,Düşük Segment (Giriş Seviyesi)
https://www.beko.com.tr/12-kg-camasir-makinesi/cmx-12140-camasir-makinesi,CMX 12140 12 Kg Çamaşır Makinesi,39959.0,120,12 Kg Camasir Makinesi,Beyaz Eşya,Çamaşır Makinesi,0.5522942295536621,0.4241764969076862,0.7284775539339093,Tanımlanmamış,Fırsat / Yıldız Ürünler
https://www.beko.com.tr/11-kg-camasir-makinesi/cmx-11140-camasir-makinesi,CMX 11140 11 Kg Çamaşır Makinesi,37649.0,60,11 Kg Camasir Makinesi,Beyaz Eşya,Çamaşır Makinesi,0.6242721674402016,0.0,0.06780307019043495,Tanımlanmamış,Keşfedilmemiş Teknoloji
https://www.beko.com.tr/10-kg-camasir-makinesi/cmb-10140-og-camasir-makinesi,CMB 10140 OG 10 Kg Çamaşır Makinesi,41069.0,34,10 Kg Camasir Makinesi,Beyaz Eşya,Çamaşır Makinesi,0.9523611333583748,0.6247117273453869,0.0,Tanımlanmamış,Premium / Lüks
https://www.beko.com.tr/11-kg-camasir-makinesi/cmx-11140-a-camasir-makinesi,CMX 11140 A 11 Kg Çamaşır Makinesi,38489.0,20,11 Kg Camasir Makinesi,Beyaz Eşya,Çamaşır Makinesi,0.6430039038350674,0.14985389115893016,0.0,Tanımlanmamış,Keşfedilmemiş Teknoloji
https://www.beko.com.tr/4-programli-bulasik-makinesi/bm-4144-ok-bulasik-makinesi,BM 4144 OK 4 Programlı Bulaşık Makinesi,24479.0,134,4 Programli Bulasik Makinesi,Beyaz Eşya,Bulaşık Makinesi,0.0,0.0,0.7496631238368385,Tanımlanmamış,Popüler Ekonomik
https://www.beko.com.tr/4-programli-bulasik-makinesi/bm-4144-ok-i-bulasik-makinesi,BM 4144 OK I 4 Programlı Bulaşık Makinesi,25979.0,123,4 Programli Bulasik Makinesi,Beyaz Eşya,Bulaşık Makinesi,0.0,0.0,0.7109810456778398,Tanımlanmamış,Popüler Ekonomik
https://www.beko.com.tr/elite-serisi-solo-bulasik-makinesi/b-710-gc-bulasik-makinesi,B 710 gc Elite Serisi Solo Bulaşık Makinesi,28079.0,4,Elite Serisi Solo Bulasik Makinesi,Beyaz Eşya,Bulaşık Makinesi,0.0,0.0,0.0,Tanımlanmamış,Düşük Segment (Giriş Seviyesi)
https://www.beko.com.tr/elite-serisi-solo-bulasik-makinesi/b-710-bc-bulasik-makinesi,B 710 bc Elite Serisi Solo Bulaşık Makinesi,28079.0,5,Elite Serisi Solo Bulasik Makinesi,Beyaz Eşya,Bulaşık Makinesi,0.0,0.0,0.0,Tanımlanmamış,Düşük Segment (Giriş Seviyesi)
https://www.beko.com.tr/4-programli-bulasik-makinesi/bm-4144-wf-bulasik-makinesi,BM 4144 WF 4 Programlı Bulaşık Makinesi,23729.0,52,4 Programli Bulasik Makinesi,Beyaz Eşya,Bulaşık Makinesi,0.0,0.0,0.3241340839151098,Tanımlanmamış,Düşük Segment (Giriş Seviyesi)
https://www.beko.com.tr/6-programli-bulasik-makinesi/bm-6247-wf-bulasik-makinesi,BM 6247 WF 6 Programlı Bulaşık Makinesi,34859.0,65,6 Programli Bulasik Makinesi,Beyaz Eşya,Bulaşık Makinesi,0.6915421721457156,0.6849229166188894,0.42397040958567245,Tanımlanmamış,Premium / Lüks
https://www.beko.com.tr/6-programli-bulasik-makinesi/bm-6146-bulasik-makinesi,BM 6146 6 Programlı Bulaşık Makinesi,24029.0,72,6 Programli Bulasik Makinesi,Beyaz Eşya,Bulaşık Makinesi,0.0,0.0,0.46984860527023703,Tanımlanmamış,Popüler Ekonomik
https://www.beko.com.tr/6-programli-bulasik-makinesi/bm-6147-wf-sc-bulasik-makinesi,BM 6147 WF SC 6 Programlı Bulaşık Makinesi,33569.0,38,6 Programli Bulasik Makinesi,Beyaz Eşya,Bulaşık Makinesi,0.6438968690110795,0.5655117298718001,0.18453512321427118,Tanımlanmamış,Premium / Lüks
https://www.beko.com.tr/6-programli-bulasik-makinesi/bm-6147-wf-bulasik-makinesi,BM 6147 WF 6 Programlı Bulaşık Makinesi,29699.0,87,6 Programli Bulasik Makinesi,Beyaz Eşya,Bulaşık Makinesi,0.6255153077561517,0.17762402427031676,0.5549001631571302,Tanımlanmamış,Fırsat / Yıldız Ürünler
https://www.beko.com.tr/classic-serisi-solo-bulasik-makinesi/b-600-b-bulasik-makinesi,B 600 b Classic Serisi Solo Bulaşık Makinesi,21179.0,7,Classic Serisi Solo Bulasik Makinesi,Beyaz Eşya,Bulaşık Makinesi,0.0,0.0,0.0,Tanımlanmamış,Düşük Segment (Giriş Seviyesi)
https://www.beko.com.tr/elite-serisi-solo-bulasik-makinesi/b-710-si-bulasik-makinesi,B 710 si Elite Serisi Solo Bulaşık Makinesi,23579.0,2,Elite Serisi Solo Bulasik Makinesi,Beyaz Eşya,Bulaşık Makinesi,0.0,0.0,0.0,Tanımlanmamış,Düşük Segment (Giriş Seviyesi)
https://www.beko.com.tr/5-programli-bulasik-makinesi/bm-5145-wf-bulasik-makinesi,BM 5145 WF 5 Programlı Bulaşık Makinesi,26549.0,48,5 Programli Bulasik Makinesi,Beyaz Eşya,Bulaşık Makinesi,0.0,0.0,0.28842011263929707,Tanımlanmamış,Düşük Segment (Giriş Seviyesi)
https://www.beko.com.tr/6-programli-bulasik-makinesi/bm-6247-wf-i-bulasik-makinesi,BM 6247 WF I 6 Programlı Bulaşık Makinesi,36149.0,37,6 Programli Bulasik Makinesi,Beyaz Eşya,Bulaşık Makinesi,0.8391619076174199,0.7999945745427969,0.17271316988679122,Tanımlanmamış,Premium / Lüks
https://www.beko.com.tr/6-programli-bulasik-makinesi/bm-6147-wf-i-bulasik-makinesi,BM 6147 WF I 6 Programlı Bulaşık Makinesi,30989.0,52,6 Programli Bulasik Makinesi,Beyaz Eşya,Bulaşık Makinesi,0.7740625746728125,0.3122684507456907,0.3241340839151098,Tanımlanmamış,Keşfedilmemiş Teknoloji
https://www.beko.com.tr/6-programli-bulasik-makinesi/bm-6347-wf-i-bulasik-makinesi,BM 6347 WF I 6 Programlı Bulaşık Makinesi,36869.0,112,6 Programli Bulasik Makinesi,Beyaz Eşya,Bulaşık Makinesi,0.7424626972576822,0.862447837531611,0.6687032795128013,Tanımlanmamış,Premium / Lüks
https://www.beko.com.tr/4-programli-bulasik-makinesi/bm-4144-bulasik-makinesi,BM 4144 4 Programlı Bulaşık Makinesi,23369.0,154,4 Programli Bulasik Makinesi,Beyaz Eşya,Bulaşık Makinesi,0.0,0.0,0.8125380524653459,Tanımlanmamış,Popüler Ekonomik
https://www.beko.com.tr/3-programli-bulasik-makinesi/bm-3143-bulasik-makinesi,BM 3143 3 Programlı Bulaşık Makinesi,21089.0,106,3 Programli Bulasik Makinesi,Beyaz Eşya,Bulaşık Makinesi,0.0,0.0,0.6438724156979704,Tanımlanmamış,Popüler Ekonomik
https://www.beko.com.tr/4-programli-bulasik-makinesi/bm-4144-ok-a-bulasik-makinesi,BM 4144 OK A 4 Programlı Bulaşık Makinesi,25979.0,44,4 Programli Bulasik Makinesi,Beyaz Eşya,Bulaşık Makinesi,0.0,0.0,0.2496631238368384,Tanımlanmamış,Düşük Segment (Giriş Seviyesi)
https://www.beko.com.tr/5-programli-bulasik-makinesi/bm-5145-wf-i-bulasik-makinesi,BM 5145 WF I 5 Programlı Bulaşık Makinesi,27899.0,53,5 Programli Bulasik Makinesi,Beyaz Eşya,Bulaşık Makinesi,0.05226992702113551,0.0,0.33264124026360364,Tanımlanmamış,Düşük Segment (Giriş Seviyesi)
https://www.beko.com.tr/5-programli-bulasik-makinesi/bm-5145-wf-mg-bulasik-makinesi,BM 5145 WF MG 5 Programlı Bulaşık Makinesi,27209.0,41,5 Programli Bulasik Makinesi,Beyaz Eşya,Bulaşık Makinesi,0.05226992702113551,0.0,0.21826311484431477,Tanımlanmamış,Düşük Segment (Giriş Seviyesi)
https://www.beko.com.tr/elite-serisi-solo-bulasik-makinesi/b-710-b-bulasik-makinesi,B 710 b Elite Serisi Solo Bulaşık Makinesi,21869.0,16,Elite Serisi Solo Bulasik Makinesi,Beyaz Eşya,Bulaşık Makinesi,0.0,0.0,0.0,Tanımlanmamış,Düşük Segment (Giriş Seviyesi)
https://www.beko.com.tr/elite-serisi-solo-bulasik-makinesi/b-710-i-bulasik-makinesi,B 710 i Elite Serisi Solo Bulaşık Makinesi,23579.0,16,Elite Serisi Solo Bulasik Makinesi,Beyaz Eşya,Bulaşık Makinesi,0.0,0.0,0.0,Tanımlanmamış,Düşük Segment (Giriş Seviyesi)
https://www.beko.com.tr/elite-serisi-solo-bulasik-makinesi/b-710-sc-bulasik-makinesi,B 710 sc Elite Serisi Solo Bulaşık Makinesi,28079.0,4,Elite Serisi Solo Bulasik Makinesi,Beyaz Eşya,Bulaşık Makinesi,0.0,0.0,0.0,Tanımlanmamış,Düşük Segment (Giriş Seviyesi)
https://www.beko.com.tr/10-kg-kurutma-makinesi/kmx-1001-kurutma-makinesi,KMX 1001 10 Kg Kurutma Makinesi,38999.0,117,10 Kg Kurutma Makinesi,Beyaz Eşya,Kurutma Makinesi,0.0,0.11651916296069686,0.9260626588164903,Tanımlanmamış,Popüler Ekonomik
https://www.beko.com.tr/9-kg-kurutma-makinesi/kmb-901-i-kurutma-makinesi,KMB 901 I 9 Kg Kurutma Makinesi,39479.0,95,9 Kg Kurutma Makinesi,Beyaz Eşya,Kurutma Makinesi,0.0,0.12148616770674014,0.8204090937216202,Tanımlanmamış,Popüler Ekonomik
https://www.beko.com.tr/9-kg-kurutma-makinesi/kmb-901-ig-kurutma-makinesi,KMB 901 IG 9 Kg Kurutma Makinesi,40379.0,21,9 Kg Kurutma Makinesi,Beyaz Eşya,Kurutma Makinesi,0.0,0.13063864177785034,0.06601006954328906,Tanımlanmamış,Düşük Segment (Giriş Seviyesi)
https://www.beko.com.tr/10-kg-kurutma-makinesi/kmb-1001-hb-kurutma-makinesi,KMB 1001 HB 10 Kg Kurutma Makinesi,39719.0,21,10 Kg Kurutma Makinesi,Beyaz Eşya,Kurutma Makinesi,0.13454268049710139,0.12394706963168416,0.06601006954328906,Tanımlanmamış,Düşük Segment (Giriş Seviyesi)
https://www.beko.com.tr/kurutma-makinesi/cmb-1280-ykig-kurutma-makinesi,CMB 1280 YKIG Kurutma Makinesi,45329.0,4,Kurutma Makinesi,Beyaz Eşya,Kurutma Makinesi,0.0,0.17759173059565644,0.0,Tanımlanmamış,Düşük Segment (Giriş Seviyesi)
https://www.beko.com.tr/11-kg-kurutma-makinesi/kmx-1101-kurutma-makinesi,KMX 1101 11 Kg Kurutma Makinesi,40799.0,35,11 Kg Kurutma Makinesi,Beyaz Eşya,Kurutma Makinesi,0.22180422990177656,0.1348402062772238,0.3181802540328118,Tanımlanmamış,Düşük Segment (Giriş Seviyesi)
https://www.beko.com.tr/9-kg-kurutma-makinesi/kmx-91-s-kurutma-makinesi,KMX 91 S 9 Kg Kurutma Makinesi,38249.0,28,9 Kg Kurutma Makinesi,Beyaz Eşya,Kurutma Makinesi,0.0,0.1086344962924651,0.20746426493770037,Tanımlanmamış,Düşük Segment (Giriş Seviyesi)
https://www.beko.com.tr/10-kg-kurutma-makinesi/kmb-1011-i-kurutma-makinesi,KMB 1011 I 10 Kg Kurutma Makinesi,35699.0,51,10 Kg Kurutma Makinesi,Beyaz Eşya,Kurutma Makinesi,0.5624088451333186,0.08062010815132978,0.5064719358725178,Tanımlanmamış,Fırsat / Yıldız Ürünler
https://www.beko.com.tr/8-kg-kurutma-makinesi/kmx-82-kurutma-makinesi,KMX 82 8 Kg Kurutma Makinesi,23999.0,51,8 Kg Kurutma Makinesi,Beyaz Eşya,Kurutma Makinesi,0.0,0.0,0.5064719358725178,Tanımlanmamış,Popüler Ekonomik
https://www.beko.com.tr/9-kg-kurutma-makinesi/kmb-911-ig-kurutma-makinesi,KMB 911 IG 9 Kg Kurutma Makinesi,44129.0,16,9 Kg Kurutma Makinesi,Beyaz Eşya,Kurutma Makinesi,1.0,0.16669778208310113,0.0,Tanımlanmamış,Keşfedilmemiş Teknoloji
https://www.beko.com.tr/10-kg-kurutma-makinesi/kmb-1011-ig-kurutma-makinesi,KMB 1011 IG 10 Kg Kurutma Makinesi,41849.0,27,10 Kg Kurutma Makinesi,Beyaz Eşya,Kurutma Makinesi,0.9132647766114524,0.1451577596409526,0.18949592561885617,Tanımlanmamış,Keşfedilmemiş Teknoloji
https://www.beko.com.tr/12-kg-kurutma-makinesi/kmx-1201-kurutma-makinesi,KMX 1201 12 Kg Kurutma Makinesi,43229.0,22,12 Kg Kurutma Makinesi,Beyaz Eşya,Kurutma Makinesi,0.8280806771833822,0.15833112121142462,0.08877137796626006,Tanımlanmamış,Keşfedilmemiş Teknoloji
https://www.beko.com.tr/9-kg-kurutma-makinesi/kmb-931-ig-kurutma-makinesi,KMB 931 IG 9 Kg Kurutma Makinesi,43499.0,24,9 Kg Kurutma Makinesi,Beyaz Eşya,Kurutma Makinesi,1.0,0.1608592706256313,0.13146652452745755,Tanımlanmamış,Keşfedilmemiş Teknoloji
https://www.beko.com.tr/10-kg-kurutma-makinesi/kmx-1001-s-kurutma-makinesi,KMX 1001 S 10 Kg Kurutma Makinesi,39749.0,36,10 Kg Kurutma Makinesi,Beyaz Eşya,Kurutma Makinesi,1.0,0.12425363633158638,0.3322097652580401,Tanımlanmamış,Keşfedilmemiş Teknoloji
https://www.beko.com.tr/9-kg-kurutma-makinesi/kmx-91-kurutma-makinesi,KMX 91 9 Kg Kurutma Makinesi,37139.0,82,9 Kg Kurutma Makinesi,Beyaz Eşya,Kurutma Makinesi,0.736437359322665,0.09667679949866731,0.7459026445218895,Tanımlanmamış,Fırsat / Yıldız Ürünler
https://www.beko.com.tr/kurutmali-camasir-makinesi/cmx-1070-yk-i-kurutmali-camasir-makinesi,CMX 1070 YK I Kurutmalı Çamaşır Makinesi,40499.0,35,Kurutmali Camasir Makinesi,Beyaz Eşya,Çamaşır Makinesi,0.0,0.5224206303191942,0.0,Tanımlanmamış,Niş / Aşırı Fiyatlandırılmış
https://www.beko.com.tr/mini-firin/bsuf-4000-meb-firin,BSUF 4000 MEB Mini Fırın,8739.0,47,Mini Firin,Beyaz Eşya,Fırın,0.0,0.0,0.6488021276770228,Tanımlanmamış,Popüler Ekonomik
https://www.beko.com.tr/ocakli-firin/bfe-310-1-b-firin,BFE 310-1 B Ocaklı Fırın,28276.0,6,Ocakli Firin,Beyaz Eşya,Fırın,0.0,0.21630818451174336,0.0,Tanımlanmamış,Düşük Segment (Giriş Seviyesi)
https://www.beko.com.tr/ocakli-firin/bfm-420-ebg-firin,BFM 420 EBG Ocaklı Fırın,46466.0,5,Ocakli Firin,Beyaz Eşya,Fırın,0.6320116261669085,0.7995887464858704,0.0,Tanımlanmamış,Premium / Lüks
https://www.beko.com.tr/mini-firin/bsuf-5000-mgsi-firin,BSUF 5000 MGSI Mini Fırın,15363.0,58,Mini Firin,Beyaz Eşya,Fırın,0.0,0.0,0.8419379010031628,Tanımlanmamış,Popüler Ekonomik
https://www.beko.com.tr/mini-firin/bsuf-5000-meb-firin,BSUF 5000 MEB Mini Fırın,12599.0,109,Mini Firin,Beyaz Eşya,Fırın,0.0,0.0,1.0,Tanımlanmamış,Popüler Ekonomik
https://www.beko.com.tr/ocakli-firin/bfe-400-1-g-firin,BFE 400-1 G Ocaklı Fırın,28734.0,17,Ocakli Firin,Beyaz Eşya,Fırın,0.0,0.23517625340885268,0.0,Tanımlanmamış,Düşük Segment (Giriş Seviyesi)
https://www.beko.com.tr/ocakli-firin/bfe-400-1-eb-firin,BFE 400-1 EB Ocaklı Fırın,40039.0,7,Ocakli Firin,Beyaz Eşya,Fırın,0.15360658737285246,0.6247744561899212,0.0,Tanımlanmamış,Niş / Aşırı Fiyatlandırılmış
https://www.beko.com.tr/ocakli-firin/bfe-400-1-b-firin,BFE 400-1 B Ocaklı Fırın,27982.0,27,Ocakli Firin,Beyaz Eşya,Fırın,0.0,0.20403462691272958,0.14428867614233207,Tanımlanmamış,Düşük Segment (Giriş Seviyesi)
https://www.beko.com.tr/ocakli-firin/bfm-420-ebb-firin,BFM 420 EBB Ocaklı Fırın,45093.0,0,Ocakli Firin,Beyaz Eşya,Fırın,0.6299503825466816,0.7643669523239841,0.0,Tanımlanmamış,Premium / Lüks
https://www.beko.com.tr/set-ustu-ocak/bsocd-t-601-eb-set-ustu-ocak,BSOCD T 601 EB Set Üstü Ocak,15120.0,1,Set Ustu Ocak,Beyaz Eşya,Set Üstü Ocak,0.0,0.03469751974612326,0.0,Tanımlanmamış,Düşük Segment (Giriş Seviyesi)
https://www.beko.com.tr/set-ustu-ocak/bsomd-d-611ewi-set-ustu-ocak,BSOMD D 611EWI Set Üstü Ocak,14700.0,19,Set Ustu Ocak,Beyaz Eşya,Set Üstü Ocak,0.0,0.0,0.14837533301826578,Tanımlanmamış,Düşük Segment (Giriş Seviyesi)
https://www.beko.com.tr/set-ustu-ocak/bsomd-d-611es-set-ustu-ocak,BSOMD D 611ES Set Üstü Ocak,9540.0,12,Set Ustu Ocak,Beyaz Eşya,Set Üstü Ocak,0.0,0.0,0.0,Tanımlanmamış,Düşük Segment (Giriş Seviyesi)
https://www.beko.com.tr/set-ustu-ocak/bsomd-d-611ei-set-ustu-ocak,BSOMD D 611EI Set Üstü Ocak,12600.0,16,Set Ustu Ocak,Beyaz Eşya,Set Üstü Ocak,0.42902332455727865,0.0,0.06708854631691819,Tanımlanmamış,Düşük Segment (Giriş Seviyesi)
https://www.beko.com.tr/set-ustu-ocak/bsocd-t-601-es-set-ustu-ocak,BSOCD T 601 ES Set Üstü Ocak,15120.0,2,Set Ustu Ocak,Beyaz Eşya,Set Üstü Ocak,0.0,0.03469751974612326,0.0,Tanımlanmamış,Düşük Segment (Giriş Seviyesi)
https://www.beko.com.tr/set-ustu-ocak/bstoc-828-g-set-ustu-ocak,BSTOC 828 G Set Üstü Ocak,15120.0,48,Set Ustu Ocak,Beyaz Eşya,Set Üstü Ocak,0.0,0.03469751974612326,0.5965699915904201,Tanımlanmamış,Popüler Ekonomik
https://www.beko.com.tr/set-ustu-ocak/bstoc-827-b-set-ustu-ocak,BSTOC 827 B Set Üstü Ocak,15120.0,43,Set Ustu Ocak,Beyaz Eşya,Set Üstü Ocak,0.0,0.03469751974612326,0.5427365651104052,Tanımlanmamış,Popüler Ekonomik
https://www.beko.com.tr/set-ustu-ocak/bstoc-826-s-set-ustu-ocak,BSTOC 826 S Set Üstü Ocak,15120.0,26,Set Ustu Ocak,Beyaz Eşya,Set Üstü Ocak,1.0,0.03469751974612326,0.29847808147957355,Tanımlanmamış,Keşfedilmemiş Teknoloji
https://www.beko.com.tr/set-ustu-ocak/bsocd-t-601-eg-set-ustu-ocak,BSOCD T 601 EG Set Üstü Ocak,15120.0,1,Set Ustu Ocak,Beyaz Eşya,Set Üstü Ocak,1.0,0.03469751974612326,0.0,Tanımlanmamış,Keşfedilmemiş Teknoloji
https://www.beko.com.tr/set-ustu-ocak/bsoe-301-b-set-ustu-ocak,BSOE 301 B Set Üstü Ocak,5010.0,3,Set Ustu Ocak,Beyaz Eşya,Set Üstü Ocak,0.0,0.0,0.0,Tanımlanmamış,Düşük Segment (Giriş Seviyesi)
https://www.beko.com.tr/set-ustu-ocak/bsomd-d-611eb-set-ustu-ocak,BSOMD D 611EB Set Üstü Ocak,9000.0,28,Set Ustu Ocak,Beyaz Eşya,Set Üstü Ocak,1.0,0.0,0.334219576830707,Tanımlanmamış,Keşfedilmemiş Teknoloji
https://www.beko.com.tr/set-ustu-ocak/bsoe-601-i-set-ustu-ocak,BSOE 601 I Set Üstü Ocak,10260.0,5,Set Ustu Ocak,Beyaz Eşya,Set Üstü Ocak,0.0,0.0,0.0,Tanımlanmamış,Düşük Segment (Giriş Seviyesi)
https://www.beko.com.tr/mikrodalga-firin/bmd-200-s-mikrodalga-firin,BMD 200 S Mikrodalga Fırın,5899.0,39,Mikrodalga Firin,Beyaz Eşya,Fırın,0.0,0.0,0.47814484551979564,Tanımlanmamış,Popüler Ekonomik
https://www.beko.com.tr/mikrodalga-firin/bmd-200-b-mikrodalga-firin,BMD 200 B Mikrodalga Fırın,5899.0,43,Mikrodalga Firin,Beyaz Eşya,Fırın,0.0,0.0,0.5673574242918413,Tanımlanmamış,Popüler Ekonomik
https://www.beko.com.tr/mikrodalga-firin/bmd-211-dg-mikrodalga-firin,BMD 211 DG Mikrodalga Fırın,7469.0,33,Mikrodalga Firin,Beyaz Eşya,Fırın,0.0,0.0,0.3260232900937626,Tanımlanmamış,Düşük Segment (Giriş Seviyesi)
https://www.beko.com.tr/mikrodalga-firin/bmd-200-g-mikrodalga-firin,BMD 200 G Mikrodalga Fırın,5899.0,16,Mikrodalga Firin,Beyaz Eşya,Fırın,0.0,0.0,0.0,Tanımlanmamış,Düşük Segment (Giriş Seviyesi)
https://www.beko.com.tr/mikrodalga-firin/bmd-240-mikrodalga-firin,BMD 240 Mikrodalga Fırın,6599.0,20,Mikrodalga Firin,Beyaz Eşya,Fırın,0.0,0.0,0.0,Tanımlanmamış,Düşük Segment (Giriş Seviyesi)
https://www.beko.com.tr/mikrodalga-firin/bmd-211-ds-mikrodalga-firin,BMD 211 DS Mikrodalga Fırın,7469.0,27,Mikrodalga Firin,Beyaz Eşya,Fırın,0.0,0.0,0.14428867614233207,Tanımlanmamış,Düşük Segment (Giriş Seviyesi)
https://www.beko.com.tr/mikrodalga-firin/bmd-310-ds-mikrodalga-firin,BMD 310 DS Mikrodalga Fırın,11217.0,25,Mikrodalga Firin,Beyaz Eşya,Fırın,0.0,0.0,0.07492186436027658,Tanımlanmamış,Düşük Segment (Giriş Seviyesi)
https://www.beko.com.tr/mikrodalga-firin/bmd-2310-s-mikrodalga-firin,BMD 2310 S Mikrodalga Fırın,8119.0,26,Mikrodalga Firin,Beyaz Eşya,Fırın,0.0,0.0,0.11024770248129334,Tanımlanmamış,Düşük Segment (Giriş Seviyesi)
https://www.beko.com.tr/mikrodalga-firin/bmd-260-af-db-mikrodalga-firin,BMD 260 AF DB Mikrodalga Fırın,15577.0,14,Mikrodalga Firin,Beyaz Eşya,Fırın,0.0,0.0,0.0,Tanımlanmamış,Düşük Segment (Giriş Seviyesi)
https://www.beko.com.tr/fitfry-buhar-destekli-firin/bfc-631-s-ankastre-firin,BFC 631 S FitFry Buhar Destekli Fırın,31701.0,67,Fitfry Buhar Destekli Firin,Beyaz Eşya,Fırın,0.07903782753193751,0.35057014368147194,0.9748254177707854,Tanımlanmamış,Popüler Ekonomik
https://www.beko.com.tr/ankastre-mikrodalgalar/bmc-2030-b-ankastre-mikrodalgalar,BMC 2030 B Ankastre Mikrodalgalar,21499.0,8,Ankastre Mikrodalgalar,Ankastre,Ankastre Mikrodalgalar,0.0,0.0,0.0,Tanımlanmamış,Düşük Segment (Giriş Seviyesi)
https://www.beko.com.tr/cok-amacli-pisirici/mc-5251-pisirici,MC 5251 ExpertChef® Pro Çok Amaçlı Pişirici,12999.0,71,Cok Amacli Pisirici,Küçük Ev Aletleri,Pişirici,0.0,0.5207314307480357,0.8047021202531505,Tanımlanmamış,Popüler Ekonomik
https://www.beko.com.tr/su-sebili/5500-bu-su-sebili,5500 BU Su Sebili,7749.0,8,Su Sebili,Beyaz Eşya,Su Sebili,0.0,0.0,0.0,Tanımlanmamış,Düşük Segment (Giriş Seviyesi)
https://www.beko.com.tr/su-sebili/5550-bu-su-sebili,5550 BU Su Sebili,9949.0,3,Su Sebili,Beyaz Eşya,Su Sebili,0.0,0.0,0.0,Tanımlanmamış,Düşük Segment (Giriş Seviyesi)
https://www.beko.com.tr/su-sebili/6600-bg-su-sebili,6600 BG Su Sebili,12399.0,22,Su Sebili,Beyaz Eşya,Su Sebili,0.0,0.0,1.0,Tanımlanmamış,Popüler Ekonomik
https://www.beko.com.tr/su-sebili/6610-sg-su-sebili,6610 SG Su Sebili,12399.0,8,Su Sebili,Beyaz Eşya,Su Sebili,0.17391304347826086,0.0,0.0,Tanımlanmamış,Düşük Segment (Giriş Seviyesi)
https://www.beko.com.tr/su-sebili/6650-gg-su-sebili,6650 GG Su Sebili,16849.0,15,Su Sebili,Beyaz Eşya,Su Sebili,0.8695652173913043,1.0,1.0,Tanımlanmamış,Premium / Lüks
https://www.beko.com.tr/su-sebili/6620-gg-su-sebili,6620 GG Su Sebili,12399.0,8,Su Sebili,Beyaz Eşya,Su Sebili,1.0,0.0,0.0,Tanımlanmamış,Keşfedilmemiş Teknoloji
https://www.beko.com.tr/gazli-cam-tablali-ocak/bocd-k-6510-eb-ankastre-ocak,BOCD K 6510 EB Gazlı Cam Tablalı Ocak,15240.0,38,Gazli Cam Tablali Ocak,Ankastre,Ankastre Ocaklar,0.0,0.0,0.6969793187108172,Tanımlanmamış,Popüler Ekonomik
https://www.beko.com.tr/gazli-cam-tablali-ocak/bocd-k-6510-dwyb-ankastre-ocak,BOCD K 6510 DWYB Gazlı Cam Tablalı Ocak,26790.0,7,Gazli Cam Tablali Ocak,Ankastre,Ankastre Ocaklar,0.0,0.5810417148861149,0.0,Tanımlanmamış,Niş / Aşırı Fiyatlandırılmış
https://www.beko.com.tr/entegre-davlumbazli-ocaklar/bdoi-802-s-ankastre-ocak,BDOI 802 S Entegre Davlumbazlı Ocaklar,98370.0,5,Entegre Davlumbazli Ocaklar,Ankastre,Ankastre Ocaklar,1.0,1.0,0.0,Tanımlanmamış,Premium / Lüks
https://www.beko.com.tr/entegre-davlumbazli-ocaklar/bdoi-602-s-ankastre-ocak,BDOI 602 S Entegre Davlumbazlı Ocaklar,93060.0,5,Entegre Davlumbazli Ocaklar,Ankastre,Ankastre Ocaklar,1.0,1.0,0.0,Tanımlanmamış,Premium / Lüks
https://www.beko.com.tr/vitroseramik-ocaklar/aov-64400-b-ankastre-ocak,AOV 64400 B Vitroseramik Ocaklar,40680.0,9,Vitroseramik Ocaklar,Ankastre,Ankastre Ocaklar,0.0,1.0,0.0,Tanımlanmamış,Niş / Aşırı Fiyatlandırılmış
https://www.beko.com.tr/gazli-inoks-metal-tablali-ocaklar/bomd-d-7520-dwi-ankastre-ocak,BOMD D 7520 DWI Gazlı Inoks Metal Tablalı Ocaklar,31650.0,19,Gazli Inoks Metal Tablali Ocaklar,Ankastre,Ankastre Ocaklar,0.14579866077075873,0.8305352734865925,0.34256246484560443,Tanımlanmamış,Niş / Aşırı Fiyatlandırılmış
https://www.beko.com.tr/gazli-cam-tablali-ocak/bocd-t-6510-dws-ankastre-ocak,BOCD T 6510 DWS Gazlı Cam Tablalı Ocak,20610.0,26,Gazli Cam Tablali Ocak,Ankastre,Ankastre Ocaklar,0.21057669978604796,0.18856421609678772,0.5018278848083981,Tanımlanmamış,Popüler Ekonomik
https://www.beko.com.tr/domino-ocaklar/bov-302-s-ankastre-ocak,BOV 302 S Domino Ocaklar,20070.0,2,Domino Ocaklar,Ankastre,Ankastre Ocaklar,0.0,0.14883033576664179,0.0,Tanımlanmamış,Düşük Segment (Giriş Seviyesi)
https://www.beko.com.tr/gazli-inoks-metal-tablali-ocaklar/bomd-d-6110-dwi-ankastre-ocak,BOMD D 6110 DWI Beyond Serisi Gazlı Inoks Metal Tablalı Ocaklar,18780.0,27,Gazli Inoks Metal Tablali Ocaklar,Ankastre,Ankastre Ocaklar,0.004469767131350156,0.04940890536601099,0.5211281829965716,Tanımlanmamış,Popüler Ekonomik
https://www.beko.com.tr/gazli-cam-tablali-ocak/bocd-dy-6020-ds-ankastre-ocak,BOCD DY 6020 DS Gazlı Cam Tablalı Ocak,17580.0,7,Gazli Cam Tablali Ocak,Ankastre,Ankastre Ocaklar,0.0,0.0,0.0,Tanımlanmamış,Düşük Segment (Giriş Seviyesi)
https://www.beko.com.tr/gazli-cam-tablali-ocak/bocd-k-6510-ewb-ankastre-ocak,BOCD K 6510 EWB Gazlı Cam Tablalı Ocak,16710.0,51,Gazli Cam Tablali Ocak,Ankastre,Ankastre Ocaklar,0.0,0.0,0.8496521109220253,Tanımlanmamış,Popüler Ekonomik
https://www.beko.com.tr/gazli-cam-tablali-ocak/bocd-k-6510-ewg-ankastre-ocak,BOCD K 6510 EWG Gazlı Cam Tablalı Ocak,16710.0,45,Gazli Cam Tablali Ocak,Ankastre,Ankastre Ocaklar,0.0,0.0,0.7845870942322848,Tanımlanmamış,Popüler Ekonomik
https://www.beko.com.tr/gazli-cam-tablali-ocak/bocd-k-6510-ews-ankastre-ocak,BOCD K 6510 EWS Gazlı Cam Tablalı Ocak,16710.0,30,Gazli Cam Tablali Ocak,Ankastre,Ankastre Ocaklar,0.0,0.0,0.5751442292751708,Tanımlanmamış,Popüler Ekonomik
https://www.beko.com.tr/gazli-cam-tablali-ocak/bocd-t-6510-eb-ankastre-ocak,BOCD T 6510 EB Beyond Serisi Gazlı Cam Tablalı Ocak,15240.0,176,Gazli Cam Tablali Ocak,Ankastre,Ankastre Ocaklar,0.0,0.0,1.0,Tanımlanmamış,Popüler Ekonomik
https://www.beko.com.tr/gazli-cam-tablali-ocak/bocd-t-6510-eg-ankastre-ocak,BOCD T 6510 EG Beyond Serisi Gazlı Cam Tablalı Ocak,15240.0,141,Gazli Cam Tablali Ocak,Ankastre,Ankastre Ocaklar,0.0,0.0,1.0,Tanımlanmamış,Popüler Ekonomik
https://www.beko.com.tr/gazli-cam-tablali-ocak/bocd-t-6510-es-ankastre-ocak,BOCD T 6510 ES Gazlı Cam Tablalı Ocak,15240.0,83,Gazli Cam Tablali Ocak,Ankastre,Ankastre Ocaklar,0.0,0.0,1.0,Tanımlanmamış,Popüler Ekonomik
https://www.beko.com.tr/gazli-cam-tablali-ocak/bocd-t-6011-es-ankastre-ocak,BOCD T 6011 ES Gazlı Cam Tablalı Ocak,11340.0,29,Gazli Cam Tablali Ocak,Ankastre,Ankastre Ocaklar,0.9001783116388687,0.0,0.5577426798361251,Tanımlanmamış,Fırsat / Yıldız Ürünler
https://www.beko.com.tr/gazli-cam-tablali-ocak/bocd-t-6011-ehb-ankastre-ocak,BOCD T 6011 EHB Gazlı Cam Tablalı Ocak,11340.0,50,Gazli Cam Tablali Ocak,Ankastre,Ankastre Ocaklar,0.9001783116388687,0.0,0.8393469384031587,Tanımlanmamış,Fırsat / Yıldız Ürünler
https://www.beko.com.tr/gazli-cam-tablali-ocak/bocd-t-6011-eb-ankastre-ocak,BOCD T 6011 EB Gazlı Cam Tablalı Ocak,11340.0,44,Gazli Cam Tablali Ocak,Ankastre,Ankastre Ocaklar,0.9001783116388687,0.0,0.7729228948266456,Tanımlanmamış,Fırsat / Yıldız Ürünler
https://www.beko.com.tr/gazli-inoks-metal-tablali-ocaklar/bomd-d-6110-ei-ankastre-ocak,BOMD D 6110 EI Gazlı Inoks Metal Tablalı Ocaklar,10500.0,55,Gazli Inoks Metal Tablali Ocaklar,Ankastre,Ankastre Ocaklar,0.0,0.0,0.8889811901983004,Tanımlanmamış,Popüler Ekonomik
https://www.beko.com.tr/gazli-renkli-metal-tablali-ocaklar/bomd-d-6110-eb-ankastre-ocak,BOMD D 6110 EB Gazlı Renkli Metal Tablalı Ocaklar,9840.0,40,Gazli Renkli Metal Tablali Ocaklar,Ankastre,Ankastre Ocaklar,0.0,0.0,0.7235198343700618,Tanımlanmamış,Popüler Ekonomik
https://www.beko.com.tr/gazli-renkli-metal-tablali-ocaklar/bomd-d-6110-es-ankastre-ocak,BOMD D 6110 ES Beyond Serisi Gazlı Renkli Metal Tablalı Ocaklar,9840.0,35,Gazli Renkli Metal Tablali Ocaklar,Ankastre,Ankastre Ocaklar,0.0,0.0,0.654500677019606,Tanımlanmamış,Popüler Ekonomik
https://www.beko.com.tr/gazli-cam-tablali-ocak/bocd-t-6011-ehbd-ankastre-ocak,BOCD T 6011 EHBD Gazlı Cam Tablalı Ocak,7360.0,10,Gazli Cam Tablali Ocak,Ankastre,Ankastre Ocaklar,1.0,0.0,0.025290542356123904,Tanımlanmamış,Keşfedilmemiş Teknoloji
https://www.beko.com.tr/gazli-cam-tablali-ocak/bocd-de-6020-dws-ankastre-ocak,BOCD DE 6020 DWS Gazlı Cam Tablalı Ocak,22530.0,3,Gazli Cam Tablali Ocak,Ankastre,Ankastre Ocaklar,0.0,0.3218647632773701,0.0,Tanımlanmamış,Düşük Segment (Giriş Seviyesi)
https://www.beko.com.tr/gazli-cam-tablali-ocak/bocd-t-6011-eg-ankastre-ocak,BOCD T 6011 EG Gazlı Cam Tablalı Ocak,11340.0,41,Gazli Cam Tablali Ocak,Ankastre,Ankastre Ocaklar,0.17645984862269362,0.0,0.7363083979870924,Tanımlanmamış,Popüler Ekonomik
https://www.beko.com.tr/gazli-cam-tablali-ocak/bocd-k-7520-dwb-ankastre-ocak,BOCD K 7520 DWB Gazlı Cam Tablalı Ocak,41760.0,5,Gazli Cam Tablali Ocak,Ankastre,Ankastre Ocaklar,0.9001783116388687,1.0,0.0,Tanımlanmamış,Premium / Lüks
https://www.beko.com.tr/gazli-cam-tablali-ocak/bocd-k-7520-dwg-ankastre-ocak,BOCD K 7520 DWG Gazlı Cam Tablalı Ocak,41760.0,6,Gazli Cam Tablali Ocak,Ankastre,Ankastre Ocaklar,0.9001783116388687,1.0,0.0,Tanımlanmamış,Premium / Lüks
https://www.beko.com.tr/gazli-cam-tablali-ocak/bocd-k-6510-es-ankastre-ocak,BOCD K 6510 ES Gazlı Cam Tablalı Ocak,15240.0,3,Gazli Cam Tablali Ocak,Ankastre,Ankastre Ocaklar,0.17645984862269362,0.0,0.0,Tanımlanmamış,Düşük Segment (Giriş Seviyesi)
https://www.beko.com.tr/gazli-cam-tablali-ocak/bocd-k-6510-dwyg-ankastre-ocak,BOCD K 6510 DWYG Gazlı Cam Tablalı Ocak,26790.0,5,Gazli Cam Tablali Ocak,Ankastre,Ankastre Ocaklar,0.0,0.5810417148861149,0.0,Tanımlanmamış,Niş / Aşırı Fiyatlandırılmış
https://www.beko.com.tr/gazli-cam-tablali-ocak/bocd-k-6510-dwys-ankastre-ocak,BOCD K 6510 DWYS Gazlı Cam Tablalı Ocak,26790.0,6,Gazli Cam Tablali Ocak,Ankastre,Ankastre Ocaklar,0.0,0.5810417148861149,0.0,Tanımlanmamış,Niş / Aşırı Fiyatlandırılmış
https://www.beko.com.tr/gazli-cam-tablali-ocak/bocd-k-6510-dwy-ms-ankastre-ocak,BOCD K 6510 DWY MS Gazlı Cam Tablalı Ocak,26790.0,0,Gazli Cam Tablali Ocak,Ankastre,Ankastre Ocaklar,0.8243763500962406,0.5810417148861149,0.0,Tanımlanmamış,Premium / Lüks
https://www.beko.com.tr/induksiyonlu-ocaklar/boi-6020-ys-ankastre-ocak,BOI 6020 YS İndüksiyonlu Ocaklar,40530.0,5,Induksiyonlu Ocaklar,Ankastre,Ankastre Ocaklar,0.0,1.0,0.0,Tanımlanmamış,Niş / Aşırı Fiyatlandırılmış
https://www.beko.com.tr/induksiyonlu-ocaklar/boi-6022-s-ankastre-ocak,BOI 6022 S İndüksiyonlu Ocaklar,24450.0,23,Induksiyonlu Ocaklar,Ankastre,Ankastre Ocaklar,0.07590957339949794,0.444257509727517,0.43932046202908553,Tanımlanmamış,Popüler Ekonomik
https://www.beko.com.tr/induksiyonlu-ocaklar/boi-6021-ys-ankastre-ocak,BOI 6021 YS İndüksiyonlu Ocaklar,30230.0,6,Induksiyonlu Ocaklar,Ankastre,Ankastre Ocaklar,0.0,0.7618372480225479,0.0,Tanımlanmamış,Niş / Aşırı Fiyatlandırılmış
https://www.beko.com.tr/gazli-cam-tablali-ocak/bocd-t-6010-esr-ankastre-ocak,BOCD T 6010 ESR Gazlı Cam Tablalı Ocak,7360.0,4,Gazli Cam Tablali Ocak,Ankastre,Ankastre Ocaklar,1.0,0.0,0.0,Tanımlanmamış,Keşfedilmemiş Teknoloji
https://www.beko.com.tr/gazli-cam-tablali-ocak/bomd-d-6110-eid-ankastre-ocak,BOMD D 6110 EID Gazlı Cam Tablalı Ocak,7360.0,1,Gazli Cam Tablali Ocak,Ankastre,Ankastre Ocaklar,1.0,0.0,0.0,Tanımlanmamış,Keşfedilmemiş Teknoloji
https://www.beko.com.tr/gazli-cam-tablali-ocak/bocd-da-6020-dws-ankastre-ocak,BOCD DA 6020 DWS Gazlı Cam Tablalı Ocak,22530.0,6,Gazli Cam Tablali Ocak,Ankastre,Ankastre Ocaklar,0.05376510081319064,0.3218647632773701,0.0,Tanımlanmamış,Düşük Segment (Giriş Seviyesi)
https://www.beko.com.tr/gazli-cam-tablali-ocak/bocd-d-9020-dws-ankastre-ocak,BOCD D 9020 DWS Gazlı Cam Tablalı Ocak,44610.0,5,Gazli Cam Tablali Ocak,Ankastre,Ankastre Ocaklar,0.0,1.0,0.0,Tanımlanmamış,Niş / Aşırı Fiyatlandırılmış
https://www.beko.com.tr/gazli-cam-tablali-ocak/bocd-k-7520-dws-ankastre-ocak,BOCD K 7520 DWS Gazlı Cam Tablalı Ocak,41760.0,2,Gazli Cam Tablali Ocak,Ankastre,Ankastre Ocaklar,1.0,1.0,0.0,Tanımlanmamış,Premium / Lüks
https://www.beko.com.tr/gazli-cam-tablali-ocak/bocd-k-6510-eg-ankastre-ocak,BOCD K 6510 EG Gazlı Cam Tablalı Ocak,15240.0,27,Gazli Cam Tablali Ocak,Ankastre,Ankastre Ocaklar,0.17645984862269362,0.0,0.5211281829965716,Tanımlanmamış,Popüler Ekonomik
https://www.beko.com.tr/duvar-tipi-davlumbaz/bde-6062-b-ankastre-davlumbazlar,BDE 6062 B Duvar Tipi Davlumbaz,16350.0,184,Duvar Tipi Davlumbaz,Ankastre,Ankastre Davlumbazlar,0.0,0.22485252075733653,1.0,Tanımlanmamış,Popüler Ekonomik
https://www.beko.com.tr/duvar-tipi-davlumbaz/bde-6072-b-ankastre-davlumbazlar,BDE 6072 B Duvar Tipi Davlumbaz,34860.0,16,Duvar Tipi Davlumbaz,Ankastre,Ankastre Davlumbazlar,0.6264892035111064,1.0,0.49106036257887914,Tanımlanmamış,Premium / Lüks
https://www.beko.com.tr/duvar-tipi-davlumbaz/bde-6072-s-ankastre-davlumbazlar,BDE 6072 S Duvar Tipi Davlumbaz,34860.0,14,Duvar Tipi Davlumbaz,Ankastre,Ankastre Davlumbazlar,0.6264892035111064,1.0,0.39441925572806247,Tanımlanmamış,Premium / Lüks
https://www.beko.com.tr/duvar-tipi-davlumbaz/bde-6072-g-ankastre-davlumbazlar,BDE 6072 G Duvar Tipi Davlumbaz,34860.0,8,Duvar Tipi Davlumbaz,Ankastre,Ankastre Davlumbazlar,0.6264892035111064,1.0,0.0,Tanımlanmamış,Premium / Lüks
https://www.beko.com.tr/duvar-tipi-davlumbaz/bde-6062-s-ankastre-davlumbazlar,BDE 6062 S Duvar Tipi Davlumbaz,16350.0,77,Duvar Tipi Davlumbaz,Ankastre,Ankastre Davlumbazlar,0.017608459579591146,0.22485252075733653,1.0,Tanımlanmamış,Popüler Ekonomik
https://www.beko.com.tr/duvar-tipi-davlumbaz/bde-6062-g-ankastre-davlumbazlar,BDE 6062 G Duvar Tipi Davlumbaz,16350.0,148,Duvar Tipi Davlumbaz,Ankastre,Ankastre Davlumbazlar,0.017608459579591146,0.22485252075733653,1.0,Tanımlanmamış,Popüler Ekonomik
https://www.beko.com.tr/duvar-tipi-davlumbaz/bde-6062-i-ankastre-davlumbazlar,BDE 6062 I Duvar Tipi Davlumbaz,17850.0,19,Duvar Tipi Davlumbaz,Ankastre,Ankastre Davlumbazlar,0.031599563997583596,0.40351295850573726,0.616544661392359,Tanımlanmamış,Popüler Ekonomik
https://www.beko.com.tr/duvar-tipi-davlumbaz/bde-9062-s-ankastre-davlumbazlar,BDE 9062 S Duvar Tipi Davlumbaz,35010.0,7,Duvar Tipi Davlumbaz,Ankastre,Ankastre Davlumbazlar,0.1566223008777766,1.0,0.0,Tanımlanmamış,Niş / Aşırı Fiyatlandırılmış
https://www.beko.com.tr/duvar-tipi-davlumbaz/bde-6050-hb-ankastre-davlumbazlar,BDE 6050 HB Duvar Tipi Davlumbaz,10140.0,51,Duvar Tipi Davlumbaz,Ankastre,Ankastre Davlumbazlar,0.0,0.0,1.0,Tanımlanmamış,Popüler Ekonomik
https://www.beko.com.tr/duvar-tipi-davlumbaz/bde-6050-s-ankastre-davlumbazlar,BDE 6050 S Duvar Tipi Davlumbaz,10140.0,26,Duvar Tipi Davlumbaz,Ankastre,Ankastre Davlumbazlar,0.0,0.0,0.8482617571836616,Tanımlanmamış,Popüler Ekonomik
https://www.beko.com.tr/duvar-tipi-davlumbaz/bde-9040-s-ankastre-davlumbazlar,BDE 9040 S Duvar Tipi Davlumbaz,18360.0,8,Duvar Tipi Davlumbaz,Ankastre,Ankastre Davlumbazlar,0.0,0.4608527803362949,0.0,Tanımlanmamış,Niş / Aşırı Fiyatlandırılmış
https://www.beko.com.tr/duvar-tipi-davlumbaz/bdt-6060-i-ankastre-davlumbazlar,BDT 6060 I Beyond Serisi Duvar Tipi Davlumbaz,16500.0,10,Duvar Tipi Davlumbaz,Ankastre,Ankastre Davlumbazlar,0.0,0.24344093837077294,0.15494208330252485,Tanımlanmamış,Düşük Segment (Giriş Seviyesi)
https://www.beko.com.tr/duvar-tipi-davlumbaz/bdt-6062-s-ankastre-davlumbazlar,BDT 6062 S Duvar Tipi Davlumbaz,24720.0,5,Duvar Tipi Davlumbaz,Ankastre,Ankastre Davlumbazlar,0.0,1.0,0.0,Tanımlanmamış,Niş / Aşırı Fiyatlandırılmış
https://www.beko.com.tr/duvar-tipi-davlumbaz/adp61420b-ankastre-davlumbazlar,ADP61420B Duvar Tipi Davlumbaz,10500.0,30,Duvar Tipi Davlumbaz,Ankastre,Ankastre Davlumbazlar,0.0,0.0,0.9549305520660916,Tanımlanmamış,Popüler Ekonomik
https://www.beko.com.tr/duvar-tipi-davlumbaz/adp61420s-ankastre-davlumbazlar,ADP61420S Duvar Tipi Davlumbaz,10500.0,19,Duvar Tipi Davlumbaz,Ankastre,Ankastre Davlumbazlar,0.0,0.0,0.616544661392359,Tanımlanmamış,Popüler Ekonomik
https://www.beko.com.tr/duvar-tipi-davlumbaz/adp61420i-ankastre-davlumbazlar,ADP61420I Duvar Tipi Davlumbaz,10500.0,39,Duvar Tipi Davlumbaz,Ankastre,Ankastre Davlumbazlar,0.0,0.0,1.0,Tanımlanmamış,Popüler Ekonomik
https://www.beko.com.tr/duvar-tipi-davlumbaz/bde-6050-g-ankastre-davlumbazlar,BDE 6050 G Duvar Tipi Davlumbaz,10140.0,19,Duvar Tipi Davlumbaz,Ankastre,Ankastre Davlumbazlar,0.0,0.0,0.616544661392359,Tanımlanmamış,Popüler Ekonomik
https://www.beko.com.tr/ankastre-duvar-tipi-davlumbazlar/bde-6053-b-ankastre-duvar-tipi-davlumbazlar,BDE 6053 B Ankastre Duvar Tipi Davlumbazlar,14940.0,8,Ankastre Duvar Tipi Davlumbazlar,Ankastre,Ankastre Davlumbazlar,0.0,0.04128749832765739,0.0,Tanımlanmamış,Düşük Segment (Giriş Seviyesi)
https://www.beko.com.tr/ankastre-duvar-tipi-davlumbazlar/bde-6053-s-ankastre-duvar-tipi-davlumbazlar,BDE 6053 S Ankastre Duvar Tipi Davlumbazlar,14940.0,5,Ankastre Duvar Tipi Davlumbazlar,Ankastre,Ankastre Davlumbazlar,0.0,0.04128749832765739,0.0,Tanımlanmamış,Düşük Segment (Giriş Seviyesi)
https://www.beko.com.tr/ankastre-duvar-tipi-davlumbazlar/bde-6053-g-ankastre-duvar-tipi-davlumbazlar,BDE 6053 G Ankastre Duvar Tipi Davlumbazlar,14940.0,4,Ankastre Duvar Tipi Davlumbazlar,Ankastre,Ankastre Davlumbazlar,0.0,0.04128749832765739,0.0,Tanımlanmamış,Düşük Segment (Giriş Seviyesi)
https://www.beko.com.tr/ada-tipi-davlumbaz/bda-9085-s-ankastre-davlumbazlar,BDA 9085 S Ada Tipi Davlumbaz,64830.0,0,Ada Tipi Davlumbaz,Ankastre,Ankastre Davlumbazlar,0.548178053072218,1.0,0.0,Tanımlanmamış,Premium / Lüks
https://www.beko.com.tr/duvar-tipi-davlumbaz/bde-6064-b-ankastre-davlumbazlar,BDE 6064 B Duvar Tipi Davlumbaz,14640.0,22,Duvar Tipi Davlumbaz,Ankastre,Ankastre Davlumbazlar,0.1566223008777766,0.0,0.7244578096880897,Tanımlanmamış,Popüler Ekonomik
https://www.beko.com.tr/duvar-tipi-davlumbaz/bde-6064-g-ankastre-davlumbazlar,BDE 6064 G Duvar Tipi Davlumbaz,14640.0,11,Duvar Tipi Davlumbaz,Ankastre,Ankastre Davlumbazlar,0.23493345131666488,0.0,0.22212540566429648,Tanımlanmamış,Düşük Segment (Giriş Seviyesi)
https://www.beko.com.tr/duvar-tipi-davlumbaz/bde-6041-s-ankastre-davlumbazlar,BDE 6041 S Duvar Tipi Davlumbaz,11040.0,3,Duvar Tipi Davlumbaz,Ankastre,Ankastre Davlumbazlar,0.0,0.0,0.0,Tanımlanmamış,Düşük Segment (Giriş Seviyesi)
https://www.beko.com.tr/duvar-tipi-davlumbaz/bde-6041-b-ankastre-davlumbazlar,BDE 6041 B Duvar Tipi Davlumbaz,11040.0,18,Duvar Tipi Davlumbaz,Ankastre,Ankastre Davlumbazlar,0.0,0.0,0.576940025182007,Tanımlanmamış,Popüler Ekonomik
https://www.beko.com.tr/duvar-tipi-davlumbaz/bde-6041-g-ankastre-davlumbazlar,BDE 6041 G Duvar Tipi Davlumbaz,11040.0,14,Duvar Tipi Davlumbaz,Ankastre,Ankastre Davlumbazlar,0.0,0.0,0.39441925572806247,Tanımlanmamış,Düşük Segment (Giriş Seviyesi)
https://www.beko.com.tr/duvar-tipi-davlumbaz/bde-6062-ms-ankastre-davlumbazlar,BDE 6062 MS Duvar Tipi Davlumbaz,16350.0,2,Duvar Tipi Davlumbaz,Ankastre,Ankastre Davlumbazlar,0.6440976630906975,0.22485252075733653,0.0,Tanımlanmamış,Keşfedilmemiş Teknoloji
https://www.beko.com.tr/duvar-tipi-davlumbaz/bde-6050-hb1-ankastre-davlumbazlar,BDE 6050 HB1 Duvar Tipi Davlumbaz,7230.0,7,Duvar Tipi Davlumbaz,Ankastre,Ankastre Davlumbazlar,0.0,0.0,0.0,Tanımlanmamış,Düşük Segment (Giriş Seviyesi)
https://www.beko.com.tr/duvar-tipi-davlumbaz/bde-6062-b1-ankastre-davlumbazlar,BDE 6062 B1 Duvar Tipi Davlumbaz,12990.0,6,Duvar Tipi Davlumbaz,Ankastre,Ankastre Davlumbazlar,0.7048003539499946,0.0,0.0,Tanımlanmamış,Keşfedilmemiş Teknoloji
https://www.beko.com.tr/duvar-tipi-davlumbaz/bde-6041-b1-ankastre-davlumbazlar,BDE 6041 B1 Duvar Tipi Davlumbaz,8830.0,0,Duvar Tipi Davlumbaz,Ankastre,Ankastre Davlumbazlar,0.0,0.0,0.0,Tanımlanmamış,Düşük Segment (Giriş Seviyesi)
https://www.beko.com.tr/duvar-tipi-davlumbaz/bde-6062-s1-ankastre-davlumbazlar,BDE 6062 S1 Duvar Tipi Davlumbaz,12990.0,5,Duvar Tipi Davlumbaz,Ankastre,Ankastre Davlumbazlar,0.7048003539499946,0.0,0.0,Tanımlanmamış,Keşfedilmemiş Teknoloji
https://www.beko.com.tr/duvar-tipi-davlumbaz/bde-6064-b1-ankastre-davlumbazlar,BDE 6064 B1 Duvar Tipi Davlumbaz,9990.0,1,Duvar Tipi Davlumbaz,Ankastre,Ankastre Davlumbazlar,0.7831115043888829,0.0,0.0,Tanımlanmamış,Keşfedilmemiş Teknoloji
https://www.beko.com.tr/duvar-tipi-davlumbaz/bde-9062-s1-ankastre-davlumbazlar,BDE 9062 S1 Duvar Tipi Davlumbaz,22990.0,0,Duvar Tipi Davlumbaz,Ankastre,Ankastre Davlumbazlar,0.6984252867799463,0.9185931105044431,0.0,Tanımlanmamış,Premium / Lüks
https://www.beko.com.tr/duvar-tipi-davlumbaz/adp61420-id-ankastre-davlumbazlar,ADP61420 ID Duvar Tipi Davlumbaz,8320.0,0,Duvar Tipi Davlumbaz,Ankastre,Ankastre Davlumbazlar,0.0,0.0,0.0,Tanımlanmamış,Düşük Segment (Giriş Seviyesi)
https://www.beko.com.tr/duvar-tipi-davlumbaz/bde-6030-sr-ankastre-davlumbazlar,BDE 6030 SR Duvar Tipi Davlumbaz,6250.0,3,Duvar Tipi Davlumbaz,Ankastre,Ankastre Davlumbazlar,0.0,0.0,0.0,Tanımlanmamış,Düşük Segment (Giriş Seviyesi)
https://www.beko.com.tr/ankastre-surgulu-aspirator/p-41-ts-ankastre-aspiratorler,P 41 TS Ankastre Sürgülü Aspiratör,8910.0,4,Ankastre Surgulu Aspirator,Ankastre,Ankastre Aspiratörler,0.0,0.0,0.0,Tanımlanmamış,Düşük Segment (Giriş Seviyesi)
https://www.beko.com.tr/ankastre-surgulu-aspirator/p-38-tb-ankastre-aspiratorler,P 38 TB Ankastre Sürgülü Aspiratör,6270.0,23,Ankastre Surgulu Aspirator,Ankastre,Ankastre Aspiratörler,0.0,0.0,0.8633182890084189,Tanımlanmamış,Popüler Ekonomik
https://www.beko.com.tr/ankastre-surgulu-aspirator/p-38-ts-ankastre-aspiratorler,P 38 TS Ankastre Sürgülü Aspiratör,6270.0,9,Ankastre Surgulu Aspirator,Ankastre,Ankastre Aspiratörler,0.0,0.0,0.0,Tanımlanmamış,Düşük Segment (Giriş Seviyesi)
https://www.beko.com.tr/ankastre-surgulu-aspirator/p-38-ti-ankastre-aspiratorler,P 38 TI Ankastre Sürgülü Aspiratör,6270.0,19,Ankastre Surgulu Aspirator,Ankastre,Ankastre Aspiratörler,0.0,0.0,0.6835271351444285,Tanımlanmamış,Popüler Ekonomik
https://www.beko.com.tr/ankastre-surgulu-aspirator/p-38-tg-ankastre-aspiratorler,P 38 TG Ankastre Sürgülü Aspiratör,6270.0,6,Ankastre Surgulu Aspirator,Ankastre,Ankastre Aspiratörler,0.3995794362005116,0.0,0.0,Tanımlanmamış,Düşük Segment (Giriş Seviyesi)
https://www.beko.com.tr/gomme-aspirator/adg-51310-i-ankastre-aspiratorler,ADG 51310 I Gömme Aspiratör,10350.0,18,Gomme Aspirator,Ankastre,Ankastre Aspiratörler,0.0,0.3264751305877325,0.6329457297111417,Tanımlanmamış,Popüler Ekonomik
https://www.beko.com.tr/gomme-aspirator/adg-71310-i-ankastre-aspiratorler,ADG 71310 I Gömme Aspiratör,11490.0,13,Gomme Aspirator,Ankastre,Ankastre Aspiratörler,0.0,0.5541867681313709,0.33180240849792475,Tanımlanmamış,Niş / Aşırı Fiyatlandırılmış
https://www.beko.com.tr/ankastre-surgulu-aspirator/p-41-tg-ankastre-aspiratorler,P 41 TG Ankastre Sürgülü Aspiratör,8910.0,11,Ankastre Surgulu Aspirator,Ankastre,Ankastre Aspiratörler,1.0,0.0,0.17979115386398997,Tanımlanmamış,Keşfedilmemiş Teknoloji
https://www.beko.com.tr/ankastre-surgulu-aspirator/p-41-tb-ankastre-aspiratorler,P 41 TB Ankastre Sürgülü Aspiratör,8910.0,6,Ankastre Surgulu Aspirator,Ankastre,Ankastre Aspiratörler,1.0,0.0,0.0,Tanımlanmamış,Keşfedilmemiş Teknoloji
https://www.beko.com.tr/gomme-aspirator/bag-5230-i-ankastre-aspiratorler,BAG 5230 I Gömme Aspiratör,9510.0,0,Gomme Aspirator,Ankastre,Ankastre Aspiratörler,0.19472343376208498,0.1420188736713365,0.0,Tanımlanmamış,Düşük Segment (Giriş Seviyesi)
https://www.beko.com.tr/gomme-aspirator/bag-7230-i-ankastre-aspiratorler,BAG 7230 I Gömme Aspiratör,10590.0,1,Gomme Aspirator,Ankastre,Ankastre Aspiratörler,0.48945814190105374,0.37643140660763336,0.0,Tanımlanmamış,Düşük Segment (Giriş Seviyesi)
https://www.beko.com.tr/yari-ankastre-bulasik-makinesi/bbm-350-i-ankastre-bulasik-makineleri,BBM 350 I Yarı Ankastre Bulaşık Makinesi,30359.0,21,Yari Ankastre Bulasik Makinesi,Beyaz Eşya,Bulaşık Makinesi,0.0,0.24722678738338097,0.0,Tanımlanmamış,Düşük Segment (Giriş Seviyesi)
https://www.beko.com.tr/tam-ankastre-bulasik-makinesi/bb-251-ankastre-bulasik-makineleri,BB 251 Tam Ankastre Bulaşık Makinesi,32339.0,12,Tam Ankastre Bulasik Makinesi,Beyaz Eşya,Bulaşık Makinesi,0.026078173720049058,0.4473016218404766,0.0,Tanımlanmamış,Niş / Aşırı Fiyatlandırılmış
https://www.beko.com.tr/tam-ankastre-bulasik-makinesi/bb-252-ankastre-bulasik-makineleri,BB 252 Tam Ankastre Bulaşık Makinesi,36119.0,16,Tam Ankastre Bulasik Makinesi,Beyaz Eşya,Bulaşık Makinesi,1.0,0.7973654351307214,0.0,Tanımlanmamış,Premium / Lüks
https://www.beko.com.tr/tezgah-alti-bulasik-makinesi/bbc-181-b-ankastre-bulasik-makineleri,BBC 181 B Tezgah Altı Bulaşık Makinesi,40949.0,25,Tezgah Alti Bulasik Makinesi,Beyaz Eşya,Bulaşık Makinesi,0.6634916121694625,1.0,0.0,Tanımlanmamış,Premium / Lüks
https://www.beko.com.tr/tezgah-alti-bulasik-makinesi/bbm-162-d-ankastre-bulasik-makineleri,BBM 162 D Tezgah Altı Bulaşık Makinesi,33569.0,0,Tezgah Alti Bulasik Makinesi,Beyaz Eşya,Bulaşık Makinesi,0.5529576215463841,0.5655117298718001,0.0,Tanımlanmamış,Premium / Lüks
https://www.beko.com.tr/tezgah-alti-bulasik-makinesi/bma-6341-i-ankastre-bulasik-makineleri,BMA 6341 I Tezgah Altı Bulaşık Makinesi,32249.0,4,Tezgah Alti Bulasik Makinesi,Beyaz Eşya,Bulaşık Makinesi,0.6891041775170386,0.4384763539645484,0.0,Tanımlanmamış,Keşfedilmemiş Teknoloji
https://www.beko.com.tr/tezgah-alti-bulasik-makinesi/bbc-161-s-ankastre-bulasik-makineleri,BBC 161 S Tezgah Altı Bulaşık Makinesi,37589.0,1,Tezgah Alti Bulasik Makinesi,Beyaz Eşya,Bulaşık Makinesi,0.6173203120881284,0.9236932256836863,0.0,Tanımlanmamış,Premium / Lüks
https://www.beko.com.tr/tezgah-alti-bulasik-makinesi/bbc-161-b-ankastre-bulasik-makineleri,BBC 161 B Tezgah Altı Bulaşık Makinesi,37589.0,1,Tezgah Alti Bulasik Makinesi,Beyaz Eşya,Bulaşık Makinesi,0.6647091851807263,0.9236932256836863,0.0,Tanımlanmamış,Premium / Lüks
https://www.beko.com.tr/tam-ankastre-bulasik-makinesi/bb-240-ankastre-bulasik-makineleri,BB 240 Tam Ankastre Bulaşık Makinesi,28349.0,12,Tam Ankastre Bulasik Makinesi,Beyaz Eşya,Bulaşık Makinesi,0.0,0.030304520635245327,0.0,Tanımlanmamış,Düşük Segment (Giriş Seviyesi)
https://www.beko.com.tr/tezgah-alti-bulasik-makinesi/bbc-161-g-ankastre-bulasik-makineleri,BBC 161 G Tezgah Altı Bulaşık Makinesi,37589.0,4,Tezgah Alti Bulasik Makinesi,Beyaz Eşya,Bulaşık Makinesi,0.6647091851807263,0.9236932256836863,0.0,Tanımlanmamış,Premium / Lüks
https://www.beko.com.tr/fitfry-buhar-destekli-firin/bfc-632-b-ankastre-firin,BFC 632 B FitFry Buhar Destekli Fırın,30242.0,30,Fitfry Buhar Destekli Firin,Beyaz Eşya,Fırın,0.543974495237741,0.29524172328023307,0.23955968132141123,Tanımlanmamış,Keşfedilmemiş Teknoloji
https://www.beko.com.tr/buhar-destekli-firin/bfc-431-b-ankastre-firin,BFC 431 B Buhar Destekli Fırın,26193.0,37,Buhar Destekli Firin,Beyaz Eşya,Fırın,0.007400120657106341,0.1264506165113129,0.4301331108297363,Tanımlanmamış,Popüler Ekonomik
https://www.beko.com.tr/fitfry-buhar-destekli-firin/bfc-631-b-ankastre-firin,BFC 631 B FitFry Buhar Destekli Fırın,31701.0,127,Fitfry Buhar Destekli Firin,Beyaz Eşya,Fırın,0.13755965100161008,0.35057014368147194,1.0,Tanımlanmamış,Popüler Ekonomik
https://www.beko.com.tr/fitfry-buhar-destekli-firin/bfc-631-g-ankastre-firin,BFC 631 G FitFry Buhar Destekli Fırın,31701.0,104,Fitfry Buhar Destekli Firin,Beyaz Eşya,Fırın,0.19608147447128266,0.35057014368147194,1.0,Tanımlanmamış,Popüler Ekonomik
https://www.beko.com.tr/ankastre-standart-firin/bfc-330-b-ankastre-firin,BFC 330 B Ankastre Standart Fırın,23519.0,59,Ankastre Standart Firin,Beyaz Eşya,Fırın,0.0,0.0,0.8576697605989535,Tanımlanmamış,Popüler Ekonomik
https://www.beko.com.tr/ankastre-standart-firin/bfc-330-s-ankastre-firin,BFC 330 S Ankastre Standart Fırın,23519.0,29,Ankastre Standart Firin,Beyaz Eşya,Fırın,0.05852182346967258,0.0,0.2088676329219311,Tanımlanmamış,Düşük Segment (Giriş Seviyesi)
https://www.beko.com.tr/ankastre-standart-firin/bfc-330-g-ankastre-firin,BFC 330 G Ankastre Standart Fırın,23519.0,23,Ankastre Standart Firin,Beyaz Eşya,Fırın,0.05852182346967258,0.0,0.0,Tanımlanmamış,Düşük Segment (Giriş Seviyesi)
https://www.beko.com.tr/ankastre-standart-firin/bfm-310-b-ankastre-firin,BFM 310 B Ankastre Standart Fırın,17074.0,45,Ankastre Standart Firin,Beyaz Eşya,Fırın,0.0,0.0,0.6089653236583984,Tanımlanmamış,Popüler Ekonomik
https://www.beko.com.tr/ankastre-standart-firin/bfm-310-s-ankastre-firin,BFM 310 S Ankastre Standart Fırın,17074.0,54,Ankastre Standart Firin,Beyaz Eşya,Fırın,0.0,0.0,0.7762250572137729,Tanımlanmamış,Popüler Ekonomik
https://www.beko.com.tr/ankastre-standart-firin/bfm-310-i-ankastre-firin,BFM 310 I Ankastre Standart Fırın,18149.0,39,Ankastre Standart Firin,Beyaz Eşya,Fırın,0.0,0.0,0.47814484551979564,Tanımlanmamış,Popüler Ekonomik
https://www.beko.com.tr/ankastre-standart-firin/bfc-210-s-ankastre-firin,BFC 210 S Ankastre Standart Fırın,15146.0,17,Ankastre Standart Firin,Beyaz Eşya,Fırın,0.0,0.0,0.0,Tanımlanmamış,Düşük Segment (Giriş Seviyesi)
https://www.beko.com.tr/fitfry-buhar-destekli-firin/bfc-450-a-ankastre-firin,BFC 450 A FitFry Buhar Destekli Fırın,59405.0,5,Fitfry Buhar Destekli Firin,Beyaz Eşya,Fırın,0.702261881636071,1.0,0.0,Tanımlanmamış,Premium / Lüks
https://www.beko.com.tr/ankastre-standart-firin/bfc-331-g-ankastre-firin,BFC 331 G Ankastre Standart Fırın,23519.0,9,Ankastre Standart Firin,Beyaz Eşya,Fırın,0.17556547040901774,0.0,0.0,Tanımlanmamış,Düşük Segment (Giriş Seviyesi)
https://www.beko.com.tr/fitfry-buhar-destekli-firin/bfc-742-b-ankastre-firin,BFC 742 B FitFry Buhar Destekli Fırın,46799.0,3,Fitfry Buhar Destekli Firin,Beyaz Eşya,Fırın,0.10580595874976476,0.8079744012863167,0.0,Tanımlanmamış,Niş / Aşırı Fiyatlandırılmış
https://www.beko.com.tr/fitfry-buhar-destekli-firin/bfc-742-g-ankastre-firin,BFC 742 G FitFry Buhar Destekli Fırın,46799.0,4,Fitfry Buhar Destekli Firin,Beyaz Eşya,Fırın,0.10580595874976476,0.8079744012863167,0.0,Tanımlanmamış,Niş / Aşırı Fiyatlandırılmış
https://www.beko.com.tr/ankastre-firin/bfc-221-hb-ankastre-firin,BFC 221 HB Ankastre Fırın,17166.0,22,Ankastre Firin,Beyaz Eşya,Fırın,0.0,0.0,0.0,Tanımlanmamış,Düşük Segment (Giriş Seviyesi)
https://www.beko.com.tr/ankastre-standart-firin/bfc-220-g-ankastre-firin,BFC 220 G Ankastre Standart Fırın,17166.0,18,Ankastre Standart Firin,Beyaz Eşya,Fırın,0.0,0.0,0.0,Tanımlanmamış,Düşük Segment (Giriş Seviyesi)
https://www.beko.com.tr/ankastre-firin/bfc-222-hbd-ankastre-firin,BFC 222 HBD Ankastre Fırın,13009.0,16,Ankastre Firin,Beyaz Eşya,Fırın,0.0,0.0,0.0,Tanımlanmamış,Düşük Segment (Giriş Seviyesi)
https://www.beko.com.tr/ankastre-firin/bfc-211-sr-ankastre-firin,BFC 211 SR Ankastre Fırın,10989.0,2,Ankastre Firin,Beyaz Eşya,Fırın,0.0,0.0,0.0,Tanımlanmamış,Düşük Segment (Giriş Seviyesi)
https://www.beko.com.tr/buhar-destekli-firin/bfc-431-g-ankastre-firin,BFC 431 G Buhar Destekli Fırın,26192.0,31,Buhar Destekli Firin,Beyaz Eşya,Fırın,0.5340939081898692,0.12640578376115882,0.2692772125978645,Tanımlanmamış,Keşfedilmemiş Teknoloji
https://www.beko.com.tr/fitfry-firin/bfc-432-g-ankastre-firin,BFC 432 G FitFry Fırın,26223.0,12,Fitfry Firin,Beyaz Eşya,Fırın,0.3000879022931768,0.1277948037400038,0.0,Tanımlanmamış,Düşük Segment (Giriş Seviyesi)
https://www.beko.com.tr/fitfry-firin/bfc-432-b-ankastre-firin,BFC 432 B FitFry Fırın,26223.0,19,Fitfry Firin,Beyaz Eşya,Fırın,0.5926970196415396,0.1277948037400038,0.0,Tanımlanmamış,Keşfedilmemiş Teknoloji
https://www.beko.com.tr/fitfry-buhar-destekli-firin/bfc-632-s-ankastre-firin,BFC 632 S FitFry Buhar Destekli Fırın,30242.0,13,Fitfry Buhar Destekli Firin,Beyaz Eşya,Fırın,0.7780617891164313,0.29524172328023307,0.0,Tanımlanmamış,Keşfedilmemiş Teknoloji
https://www.beko.com.tr/fitfry-buhar-destekli-firin/bfc-632-g-ankastre-firin,BFC 632 G FitFry Buhar Destekli Fırın,30242.0,23,Fitfry Buhar Destekli Firin,Beyaz Eşya,Fırın,0.7195399656467588,0.29524172328023307,0.0,Tanımlanmamış,Keşfedilmemiş Teknoloji
https://www.beko.com.tr/buhar-destekli-firin/bfc-431-s-,BFC 431 S Buhar Destekli Fırın,26192.0,7,Buhar Destekli Firin,Beyaz Eşya,Fırın,0.5926157316595418,0.12640578376115882,0.0,Tanımlanmamış,Keşfedilmemiş Teknoloji
https://www.beko.com.tr/ankastre-mikrodalgalar/bmc-2030-s-ankastre-mikrodalgalar,BMC 2030 S Ankastre Mikrodalgalar,21499.0,6,Ankastre Mikrodalgalar,Ankastre,Ankastre Mikrodalgalar,0.0,0.0,0.0,Tanımlanmamış,Düşük Segment (Giriş Seviyesi)
https://www.beko.com.tr/ankastre-mikrodalgalar/bmc-2520-s-ankastre-mikrodalgalar,BMC 2520 S Beyond Serisi Ankastre Mikrodalgalar,26799.0,30,Ankastre Mikrodalgalar,Ankastre,Ankastre Mikrodalgalar,0.7070618802594556,0.6205353585547395,0.9800509139520239,Tanımlanmamış,Fırsat / Yıldız Ürünler
https://www.beko.com.tr/ankastre-mikrodalgalar/bmc-2520-b-ankastre-mikrodalgalar,BMC 2520 B Beyond Serisi Ankastre Mikrodalgalar,26799.0,11,Ankastre Mikrodalgalar,Ankastre,Ankastre Mikrodalgalar,0.7070618802594556,0.6205353585547395,0.0,Tanımlanmamış,Premium / Lüks
https://www.beko.com.tr/ankastre-mikrodalgalar/bmm-2020-i-ankastre-mikrodalgalar,BMM 2020 I Ankastre Mikrodalgalar,16420.0,22,Ankastre Mikrodalgalar,Ankastre,Ankastre Mikrodalgalar,0.0,0.0,0.6718175139579368,Tanımlanmamış,Popüler Ekonomik
https://www.beko.com.tr/ankastre-mikrodalgalar/bmc-2520-2-g-ankastre-mikrodalgalar,BMC 2520-2 G Ankastre Mikrodalgalar,26799.0,18,Ankastre Mikrodalgalar,Ankastre,Ankastre Mikrodalgalar,0.9023539600864852,0.6205353585547395,0.474527770239224,Tanımlanmamış,Premium / Lüks
https://www.beko.com.tr/ankastre-mikrodalgalar/bmmk-2020-i-ankastre-mikrodalgalar,BMMK 2020 I Ankastre Mikrodalga Çerçevesi Ankastre Mikrodalgalar,5279.0,5,Ankastre Mikrodalgalar,Ankastre,Ankastre Mikrodalgalar,0.0,0.0,0.0,Tanımlanmamış,Düşük Segment (Giriş Seviyesi)
https://www.beko.com.tr/salon-tipi-klimalar/74826-klima,74826 Monofaze Inverter Salon Tipi Klima 48.000 Btu/h Salon Tipi Klimalar,152997.0,7,Salon Tipi Klimalar,Isıtma Soğutma ve Enerji,Klima,0.0,1.0,0.0,Tanımlanmamış,Niş / Aşırı Fiyatlandırılmış
https://www.beko.com.tr/portatif-klima/21220-p-klima,21220 P Portatif Klima 12.000 Btu/h Portatif Klima,31596.0,33,Portatif Klima,Isıtma Soğutma ve Enerji,Klima,0.0,0.0,0.6181640372750454,Tanımlanmamış,Popüler Ekonomik
https://www.beko.com.tr/salon-tipi-klimalar/73426-monofaze-inverter-salon-tipi-klima-klima,73426 Monofaze Inverter Salon Tipi Klima 34.000 Btu/h Salon Tipi Klimalar,107097.0,9,Salon Tipi Klimalar,Isıtma Soğutma ve Enerji,Klima,0.0,1.0,0.09533313212350997,Tanımlanmamış,Niş / Aşırı Fiyatlandırılmış
https://www.beko.com.tr/split-klima/31525-klima,31525 Ekolojik Inverter Klima 15.000 Btu/h Split Klima,47394.0,155,Split Klima,Isıtma Soğutma ve Enerji,Klima,0.0,0.0,1.0,Tanımlanmamış,Popüler Ekonomik
https://www.beko.com.tr/split-klima/31225-a-klima,31225 A Ekolojik Inverter Klima 12.000 Btu/h Split Klima,39753.0,226,Split Klima,Isıtma Soğutma ve Enerji,Klima,0.0,0.0,1.0,Tanımlanmamış,Popüler Ekonomik
https://www.beko.com.tr/split-klima/31525-s-klima,31525 S Ekolojik Inverter Klima 15.000 Btu/h (Sadece Soğutma) Split Klima,36780.0,88,Split Klima,Isıtma Soğutma ve Enerji,Klima,0.0,0.0,1.0,Tanımlanmamış,Popüler Ekonomik
https://www.beko.com.tr/split-klima/61270-klima,61270 Prosmart White Inverter Klima 12.000 Btu/h Split Klima,70332.0,31,Split Klima,Isıtma Soğutma ve Enerji,Klima,0.055659612642373124,0.392250913117495,0.5922635124894297,Tanımlanmamış,Popüler Ekonomik
https://www.beko.com.tr/split-klima/71270-al-klima,71270 AL Alerjensmart Plus Inverter Klima 12.000 Btu/h Split Klima,56553.0,30,Split Klima,Isıtma Soğutma ve Enerji,Klima,0.0,0.005754346931718562,0.5786995854418072,Tanımlanmamış,Popüler Ekonomik
https://www.beko.com.tr/salon-tipi-klimalar/32626-klima,32626 Monofaze Inverter Salon Tipi Klima 26.000 Btu/h Salon Tipi Klimalar,73044.0,5,Salon Tipi Klimalar,Isıtma Soğutma ve Enerji,Klima,0.0,0.459314708862622,0.0,Tanımlanmamış,Niş / Aşırı Fiyatlandırılmış
https://www.beko.com.tr/salon-tipi-klimalar/75526-klima,75526 Monofaze Inverter Salon Tipi Klima 55.000 Btu/h Salon Tipi Klimalar,175917.0,2,Salon Tipi Klimalar,Isıtma Soğutma ve Enerji,Klima,0.0,1.0,0.0,Tanımlanmamış,Niş / Aşırı Fiyatlandırılmış
https://www.beko.com.tr/split-klima/32125-t-klima,32125 T Ekolojik Inverter Klima 21.000 Btu/h Split Klima,60474.0,7,Split Klima,Isıtma Soğutma ve Enerji,Klima,1.0,0.1245758645499863,0.0,Tanımlanmamış,Keşfedilmemiş Teknoloji
https://www.beko.com.tr/split-klima/60905-,60905 Split Klima,34134.0,0,Split Klima,Isıtma Soğutma ve Enerji,Klima,0.0,0.0,0.0,Tanımlanmamış,Düşük Segment (Giriş Seviyesi)
https://www.beko.com.tr/split-klima/32425-ekolojik-klima,32425 Ekolojik Inverter Klima 24.000 Btu/h Split Klima,65505.0,147,Split Klima,Isıtma Soğutma ve Enerji,Klima,0.8985004700628414,0.26622354073714155,1.0,Tanımlanmamış,Fırsat / Yıldız Ürünler
https://www.beko.com.tr/split-klima/62405-klima,62405 Split Klima,60651.0,0,Split Klima,Isıtma Soğutma ve Enerji,Klima,0.475012793974282,0.12975624643416497,0.0,Tanımlanmamış,Keşfedilmemiş Teknoloji
https://www.beko.com.tr/split-klima/61805-klima,61805 Split Klima,51024.0,2,Split Klima,Isıtma Soğutma ve Enerji,Klima,0.5661003823516568,0.0,0.0,Tanımlanmamış,Keşfedilmemiş Teknoloji
https://www.beko.com.tr/split-klima/30725-a-klima,30725 A Ekolojik Inverter Klima 7.000 Btu/h Split Klima,33177.0,113,Split Klima,Isıtma Soğutma ve Enerji,Klima,0.0,0.0,1.0,Tanımlanmamış,Popüler Ekonomik
https://www.beko.com.tr/split-klima/30925-a-klima,30925 A Ekolojik Inverter Klima 9.000 Btu/h Split Klima,36780.0,52,Split Klima,Isıtma Soğutma ve Enerji,Klima,0.0,0.0,0.807823875105681,Tanımlanmamış,Popüler Ekonomik
https://www.beko.com.tr/split-klima/50970-hp-klima,50970 HP Prosmart Plus Black Inverter Klima 9.000 Btu/h Split Klima,51357.0,2,Split Klima,Isıtma Soğutma ve Enerji,Klima,0.0,0.0,0.0,Tanımlanmamış,Düşük Segment (Giriş Seviyesi)
https://www.beko.com.tr/split-klima/51270-hp-klima,51270 HP Prosmart Plus Black Inverter Klima 12.000 Btu/h Split Klima,56187.0,5,Split Klima,Isıtma Soğutma ve Enerji,Klima,0.03927190844358349,0.0,0.0,Tanımlanmamış,Düşük Segment (Giriş Seviyesi)
https://www.beko.com.tr/split-klima/51870-hp-klima,51870 HP Prosmart Plus Black Inverter Klima 18.000 Btu/h Split Klima,75483.0,5,Split Klima,Isıtma Soğutma ve Enerji,Klima,0.7966153820608272,0.517534245576571,0.0,Tanımlanmamış,Premium / Lüks
https://www.beko.com.tr/split-klima/52470-hp-klima,52470 HP Prosmart Plus Black Inverter Klima 24.000 Btu/h Split Klima,91512.0,3,Split Klima,Isıtma Soğutma ve Enerji,Klima,1.0,0.8588575779684382,0.0,Tanımlanmamış,Premium / Lüks
https://www.beko.com.tr/split-klima/40970-hp-klima,40970 HP Prosmart Silver Inverter Klima 9.000 Btu/h Split Klima,45681.0,2,Split Klima,Isıtma Soğutma ve Enerji,Klima,0.545628855609789,0.0,0.0,Tanımlanmamış,Keşfedilmemiş Teknoloji
https://www.beko.com.tr/split-klima/41270-hp-klima,41270 HP Prosmart Silver Inverter Klima 12.000 Btu/h Split Klima,48891.0,11,Split Klima,Isıtma Soğutma ve Enerji,Klima,0.783349237571481,0.0,0.17322597267585632,Tanımlanmamış,Keşfedilmemiş Teknoloji
https://www.beko.com.tr/split-klima/41870-hp-klima,41870 HP Prosmart Silver Inverter Klima 18.000 Btu/h Split Klima,67464.0,16,Split Klima,Isıtma Soğutma ve Enerji,Klima,1.0,0.3184557128259325,0.3220322810303306,Tanımlanmamış,Keşfedilmemiş Teknoloji
https://www.beko.com.tr/split-klima/42470-hp-klima,42470 HP Prosmart Silver Inverter Klima 24.000 Btu/h Split Klima,79566.0,5,Split Klima,Isıtma Soğutma ve Enerji,Klima,1.0,0.6109100563841385,0.0,Tanımlanmamış,Premium / Lüks
https://www.beko.com.tr/split-klima/61205-,61205 Split Klima,36924.0,0,Split Klima,Isıtma Soğutma ve Enerji,Klima,0.20889313001906162,0.0,0.0,Tanımlanmamış,Düşük Segment (Giriş Seviyesi)
https://www.beko.com.tr/kule-tipi-vantilator/31680-hkv-vantilator,31680 HKV Kule Tipi Vantilatör,7999.0,121,Kule Tipi Vantilator,Isıtma Soğutma ve Enerji,Vantilatör,0.0,0.0,0.7065719784463833,Tanımlanmamış,Popüler Ekonomik
https://www.beko.com.tr/hava-sogutucu/beko-ac-8030-hava-sogutucu,Beko AC 8030 Hava Soğutucu,14599.0,12,Hava Sogutucu,Isıtma Soğutma ve Enerji,Hava Soğutucu,0.0,0.6954702533945618,0.0,Tanımlanmamış,Niş / Aşırı Fiyatlandırılmış
https://www.beko.com.tr/hava-sogutucu/beko-ac-6030-hava-sogutucu,Beko AC 6030 Hava Soğutucu,6999.0,194,Hava Sogutucu,Isıtma Soğutma ve Enerji,Hava Soğutucu,0.0,0.0,0.9209207871543073,Tanımlanmamış,Popüler Ekonomik
https://www.beko.com.tr/hava-sogutucu/beko-ac-7030-hava-sogutucu,AC 7030 Havadar Hava Serinletici Hava Soğutucu,9599.0,264,Hava Sogutucu,Isıtma Soğutma ve Enerji,Hava Soğutucu,0.0,0.21077699065065547,1.0,Tanımlanmamış,Popüler Ekonomik
https://www.beko.com.tr/hava-sogutucu/beko-ac-7030-s-hava-sogutucu,Beko AC 7030 S Hava Soğutucu,9599.0,1,Hava Sogutucu,Isıtma Soğutma ve Enerji,Hava Soğutucu,0.5476703420430977,0.21077699065065547,0.0,Tanımlanmamış,Düşük Segment (Giriş Seviyesi)
https://www.beko.com.tr/ayakli-vantilator/31650-av-vantilator,31650 AV Ayaklı Vantilatör,2849.0,90,Ayakli Vantilator,Isıtma Soğutma ve Enerji,Vantilatör,0.4523296579569022,0.0,0.5725811353213566,Tanımlanmamış,Popüler Ekonomik
https://www.beko.com.tr/ayakli-vantilator/31695-nav-vantilator,31695 NAV Ayaklı Vantilatör,5849.0,25,Ayakli Vantilator,Isıtma Soğutma ve Enerji,Vantilatör,1.0,0.0,0.0,Tanımlanmamış,Keşfedilmemiş Teknoloji
https://www.beko.com.tr/ayakli-vantilator/31690-nav-vantilator,31690 NAV Ayaklı Vantilatör,3999.0,31,Ayakli Vantilator,Isıtma Soğutma ve Enerji,Vantilatör,0.0,0.0,0.09490253640313612,Tanımlanmamış,Düşük Segment (Giriş Seviyesi)
https://www.beko.com.tr/tavan-tipi-vantilator/31643-tvn-vantilator,31645 TVN Tavan Tipi Vantilatör,9499.0,2,Tavan Tipi Vantilator,Isıtma Soğutma ve Enerji,Vantilatör,0.0,0.19867140580901438,0.0,Tanımlanmamış,Düşük Segment (Giriş Seviyesi)
https://www.beko.com.tr/tavan-tipi-vantilator/31645-tvn-vantilator,31645 TVN Tavan Tipi Vantilatör,9499.0,2,Tavan Tipi Vantilator,Isıtma Soğutma ve Enerji,Vantilatör,1.0,0.19867140580901438,0.0,Tanımlanmamış,Keşfedilmemiş Teknoloji
https://www.beko.com.tr/ayakli-vantilator/31670-av-vantilator,31670 AV Ayaklı Vantilatör,3449.0,106,Ayakli Vantilator,Isıtma Soğutma ve Enerji,Vantilatör,1.0,0.0,0.6466099691983697,Tanımlanmamış,Fırsat / Yıldız Ürünler
https://www.beko.com.tr/ayakli-vantilator/31655-av-vantilator,31655 AV Ayaklı Vantilatör,2449.0,17,Ayakli Vantilator,Isıtma Soğutma ve Enerji,Vantilatör,0.0,0.0,0.0,Tanımlanmamış,Düşük Segment (Giriş Seviyesi)
https://www.beko.com.tr/infrared-isitici/bk-ii-2000-m-elektrikli-isitici,BK II 2000 M Infrared Isıtıcı,4149.0,4,Infrared Isitici,Elektronik,Elektrikli Isıtıcı,0.0,0.0,0.3275314564260044,Tanımlanmamış,Düşük Segment (Giriş Seviyesi)
https://www.beko.com.tr/yagli-radyator/bk-rho-11d-elektrikli-isitici,BK RHO 11D Yağlı Radyatör,7299.0,5,Yagli Radyator,Elektronik,Elektrikli Isıtıcı,0.0,1.0,0.8627568275638327,Tanımlanmamış,Niş / Aşırı Fiyatlandırılmış
https://www.beko.com.tr/konvektor-isitici/bk-rhc-1800-elektrikli-isitici,BK RHC 1800 Konvektör Isıtıcı,3649.0,4,Konvektor Isitici,Elektronik,Elektrikli Isıtıcı,0.0,0.0,0.3275314564260044,Tanımlanmamış,Düşük Segment (Giriş Seviyesi)
https://www.beko.com.tr/yagli-radyator/bk-rho-11m-elektrikli-isitici,BK RHO 11M Yağlı Radyatör,6249.0,3,Yagli Radyator,Elektronik,Elektrikli Isıtıcı,0.18293830307328818,0.7384052740390226,0.0,Tanımlanmamış,Niş / Aşırı Fiyatlandırılmış
https://www.beko.com.tr/seramik-isitici/bk-chf-bm-elektrikli-isitici,BK CHF BM Seramik Isıtıcı,4549.0,2,Seramik Isitici,Elektronik,Elektrikli Isıtıcı,0.0,0.0,0.0,Tanımlanmamış,Düşük Segment (Giriş Seviyesi)
https://www.beko.com.tr/infrared-isitici/bk-ii-2500-m-elektrikli-isitici,BK II 2500 M Infrared Isıtıcı,4849.0,6,Infrared Isitici,Elektronik,Elektrikli Isıtıcı,0.0,0.06976652835806342,1.0,Tanımlanmamış,Popüler Ekonomik
https://www.beko.com.tr/yagli-radyator/bk-rho-13m-elektrikli-isitici,BK RHO 13M Yağlı Radyatör,8349.0,3,Yagli Radyator,Elektronik,Elektrikli Isıtıcı,1.0,1.0,0.0,Tanımlanmamış,Premium / Lüks
https://www.beko.com.tr/seramik-isitici/bk-chf-bd-elektrikli-isitici,BK CHF BD Seramik Isıtıcı,4599.0,2,Seramik Isitici,Elektronik,Elektrikli Isıtıcı,0.2477478283336589,0.0,0.0,Tanımlanmamış,Düşük Segment (Giriş Seviyesi)
https://www.beko.com.tr/standart-termosifon/bkt-800-b-termosifon,BKT 800 B 77 lt. Standart Termosifon,15899.0,5,Standart Termosifon,Isıtma Soğutma ve Enerji,Termosifon,0.0,0.7294130499263694,0.0,Tanımlanmamış,Niş / Aşırı Fiyatlandırılmış
https://www.beko.com.tr/standart-termosifon/bkt-500-b-termosifon,BKT 500 B  50 lt. Standart Termosifon,12779.0,13,Standart Termosifon,Isıtma Soğutma ve Enerji,Termosifon,0.0,0.0,0.10328028885794177,Tanımlanmamış,Düşük Segment (Giriş Seviyesi)
https://www.beko.com.tr/dijital-termosifon/bkt-500-e-bs-termosifon,BKT 500 E BS 50 lt. Dijital Termosifon,14699.0,12,Dijital Termosifon,Isıtma Soğutma ve Enerji,Termosifon,0.2823033597521044,0.0,0.0,Tanımlanmamış,Düşük Segment (Giriş Seviyesi)
https://www.beko.com.tr/dijital-termosifon/bkt-650-e-bs-termosifon,BKT 650 E BS 65 lt. Dijital Termosifon,16339.0,19,Dijital Termosifon,Isıtma Soğutma ve Enerji,Termosifon,0.939425145871997,0.9831452239561336,0.6003589454155752,Tanımlanmamış,Premium / Lüks
https://www.beko.com.tr/dijital-termosifon/bkt-800-e-bs-termosifon,BKT 800 E BS 77 lt. Dijital Termosifon,17669.0,9,Dijital Termosifon,Isıtma Soğutma ve Enerji,Termosifon,0.9410111991736814,1.0,0.0,Tanımlanmamış,Premium / Lüks
https://www.beko.com.tr/standart-termosifon/bkt-650-b-termosifon,BKT 650 B 65 lt. Standart Termosifon,14599.0,17,Standart Termosifon,Isıtma Soğutma ve Enerji,Termosifon,0.0,0.0,0.4535236701392495,Tanımlanmamış,Popüler Ekonomik
https://www.beko.com.tr/standart-termosifon/bkt-650-eco-termosifon,BKT 650 ECO 65 lt. Standart Termosifon,14349.0,3,Standart Termosifon,Isıtma Soğutma ve Enerji,Termosifon,0.0,0.0,0.0,Tanımlanmamış,Düşük Segment (Giriş Seviyesi)
https://www.beko.com.tr/premix-yogusmali-kombi/smart-logic-35-kombi,Smart Logic 35 Premix Yoğuşmalı Kombi,44299.0,10,Premix Yogusmali Kombi,Isıtma Soğutma ve Enerji,Kombi,0.0,0.860578380220636,0.5923374675254164,Tanımlanmamış,Niş / Aşırı Fiyatlandırılmış
https://www.beko.com.tr/premix-yogusmali-kombi/smart-logic-30-kombi,Smart Logic 30 Premix Yoğuşmalı Kombi,41999.0,15,Premix Yogusmali Kombi,Isıtma Soğutma ve Enerji,Kombi,0.027474481123538987,0.42809775004899014,0.9106309665618109,Tanımlanmamış,Popüler Ekonomik
https://www.beko.com.tr/premix-yogusmali-kombi/smart-logic-24-kombi,Smart Logic 24 Premix Yoğuşmalı Kombi,38999.0,18,Premix Yogusmali Kombi,Isıtma Soğutma ve Enerji,Kombi,0.0,0.0,1.0,Tanımlanmamış,Popüler Ekonomik
https://www.beko.com.tr/premix-yogusmali-kombi/megalogic-24-kombi,Megalogic 24 Premix Yoğuşmalı Kombi,44299.0,4,Premix Yogusmali Kombi,Isıtma Soğutma ve Enerji,Kombi,0.0,0.860578380220636,0.0,Tanımlanmamış,Niş / Aşırı Fiyatlandırılmış
https://www.beko.com.tr/premix-yogusmali-kombi/prodens-24-plus-premix-kombi,PRODENS 24 PLUS PREMIX Premix Yoğuşmalı Kombi,30999.0,3,Premix Yogusmali Kombi,Isıtma Soğutma ve Enerji,Kombi,0.0,0.0,0.0,Tanımlanmamış,Düşük Segment (Giriş Seviyesi)
https://www.beko.com.tr/premix-yogusmali-kombi/smart-logic-pro-24-kombi,Smart Logic Pro 24 Premix Yoğuşmalı Kombi,35399.0,5,Premix Yogusmali Kombi,Isıtma Soğutma ve Enerji,Kombi,0.6637861698915716,0.0,0.07743899225917057,Tanımlanmamış,Keşfedilmemiş Teknoloji
https://www.beko.com.tr/premix-yogusmali-kombi/smart-logic-pro-30-kombi,Smart Logic Pro 30 Premix Yoğuşmalı Kombi,38399.0,2,Premix Yogusmali Kombi,Isıtma Soğutma ve Enerji,Kombi,0.9542553512185349,0.0,0.0,Tanımlanmamış,Keşfedilmemiş Teknoloji
https://www.beko.com.tr/premix-yogusmali-kombi/smart-logic-pro-35-kombi,Smart Logic Pro 35 Premix Yoğuşmalı Kombi,40699.0,1,Premix Yogusmali Kombi,Isıtma Soğutma ve Enerji,Kombi,0.6805414638375414,0.17305065414608578,0.0,Tanımlanmamış,Keşfedilmemiş Teknoloji
https://www.beko.com.tr/nem-alma-cihazi/41650-nac-nem-alma-cihazi,41650 NAC Nem Alma Cihazı,9299.0,11,Nem Alma Cihazi,Isıtma Soğutma ve Enerji,Nem Alma Cihazı,0.0,0.1740731844442105,0.0,Tanımlanmamış,Düşük Segment (Giriş Seviyesi)
https://www.beko.com.tr/turk-kahve-makinesi/tkm-8961-s-yeni-keyf-turk-kahve-makinesi-kahve-makinesi,TKM 8961 S Yeni Keyf Türk Kahve Makinesi Türk Kahve Makinesi,11149.0,133,Turk Kahve Makinesi,Küçük Ev Aletleri,Kahve Makinesi,1.0,0.056320427346875715,1.0,Tanımlanmamış,Fırsat / Yıldız Ürünler
https://www.beko.com.tr/turk-kahve-makinesi/bkk-2300-mini-keyf-beyaz-kahve-makinesi,BKK 2300 Mini Keyf Beyaz Türk Kahve Makinesi,5149.0,103,Turk Kahve Makinesi,Küçük Ev Aletleri,Kahve Makinesi,0.0,0.0,1.0,Tanımlanmamış,Popüler Ekonomik
https://www.beko.com.tr/turk-kahve-makinesi/tkm-2341-keyf-i-bol-siyah-kahve-makinesi,TKM 2341 Keyf-i Bol Siyah Türk Kahve Makinesi,3349.0,108,Turk Kahve Makinesi,Küçük Ev Aletleri,Kahve Makinesi,0.10197672957885845,0.0,1.0,Tanımlanmamış,Popüler Ekonomik
https://www.beko.com.tr/turk-kahve-makinesi/tkm-8961-a-yeni-keyf-turk-kahve-makinesi-kahve-makinesi,TKM 8961 A Yeni Keyf Türk Kahve Makinesi Türk Kahve Makinesi,11149.0,144,Turk Kahve Makinesi,Küçük Ev Aletleri,Kahve Makinesi,1.0,0.056320427346875715,1.0,Tanımlanmamış,Fırsat / Yıldız Ürünler
https://www.beko.com.tr/turk-kahve-makinesi/tkm-5448-keyf-i-bol-sutlu-kahve-makinesi,TKM 5448 Keyf-i Bol Sütlü Türk Kahve Makinesi,4399.0,55,Turk Kahve Makinesi,Küçük Ev Aletleri,Kahve Makinesi,0.10197672957885845,0.0,1.0,Tanımlanmamış,Popüler Ekonomik
https://www.beko.com.tr/cay-makinesi/cfm-8449-i-cay-makinesi,CFM 8449 I Çay Makinesi,10699.0,48,Cay Makinesi,Küçük Ev Aletleri,Çay Makinesi,0.035774936134135654,0.9211512992824181,0.8207683893967831,Tanımlanmamış,Niş / Aşırı Fiyatlandırılmış
https://www.beko.com.tr/turk-kahve-makinesi/bkk-2300-cb-kahve-makinesi,BKK 2300 CB Türk Kahve Makinesi,9949.0,0,Turk Kahve Makinesi,Küçük Ev Aletleri,Kahve Makinesi,0.011067638669767536,0.0,0.0,Tanımlanmamış,Düşük Segment (Giriş Seviyesi)
https://www.beko.com.tr/turk-kahve-makinesi/bkk-2300-fp-kahve-makinesi,BKK 2300 FP Türk Kahve Makinesi,9949.0,0,Turk Kahve Makinesi,Küçük Ev Aletleri,Kahve Makinesi,0.011067638669767536,0.0,0.0,Tanımlanmamış,Düşük Segment (Giriş Seviyesi)
https://www.beko.com.tr/turk-kahve-makinesi/bkk-2300-la-kahve-makinesi,BKK 2300 LA Türk Kahve Makinesi,9949.0,0,Turk Kahve Makinesi,Küçük Ev Aletleri,Kahve Makinesi,0.011067638669767536,0.0,0.0,Tanımlanmamış,Düşük Segment (Giriş Seviyesi)
https://www.beko.com.tr/filtre-kahve-makinesi/fk-8110-i-ogutuculu-kahve-makinesi,FK 8110 I Öğütücülü Filtre Kahve Makinesi,7479.0,19,Filtre Kahve Makinesi,Küçük Ev Aletleri,Kahve Makinesi,0.6474312750334039,0.0,0.9919224988843038,Tanımlanmamış,Fırsat / Yıldız Ürünler
https://www.beko.com.tr/yari-otomatik-espresso-makinesi/cep-5304-x-caffeexperto-yari-otomatik-kahve-makinesi,CEP 5304 X CaffeExperto® Yarı Otomatik Yarı Otomatik Espresso Makinesi,9499.0,54,Yari Otomatik Espresso Makinesi,Küçük Ev Aletleri,Kahve Makinesi,0.0,0.0,1.0,Tanımlanmamış,Popüler Ekonomik
https://www.beko.com.tr/tam-otomatik-espresso-makinesi/ceg-7304-x-caffeexperto-tam-otomatik-kahve-makinesi,CEG 7304 X CaffeExperto® Tam Otomatik Tam Otomatik Espresso Makinesi,26799.0,144,Tam Otomatik Espresso Makinesi,Küçük Ev Aletleri,Kahve Makinesi,0.330163455607407,0.5100539863140342,1.0,Tanımlanmamış,Popüler Ekonomik
https://www.beko.com.tr/filtre-kahve-makinesi/fk-5310-s-kahve-makinesi,FK 5310 S Filtre Kahve Makinesi,3699.0,27,Filtre Kahve Makinesi,Küçük Ev Aletleri,Kahve Makinesi,0.011067638669767536,0.0,1.0,Tanımlanmamış,Popüler Ekonomik
https://www.beko.com.tr/filtre-kahve-makinesi/cfm-7355-i-kahve-makinesi,CFM 7355 I Filtre Kahve Makinesi,6599.0,20,Filtre Kahve Makinesi,Küçük Ev Aletleri,Kahve Makinesi,0.9201585477606766,0.0,1.0,Tanımlanmamış,Fırsat / Yıldız Ürünler
https://www.beko.com.tr/tam-otomatik-espresso-makinesi/caffeexperto-ce7500--ceg-7348-x-kahve-makinesi,CEG 7348 X CaffeExperto® Tam Otomatik Espresso Makinesi,29999.0,130,Tam Otomatik Espresso Makinesi,Küçük Ev Aletleri,Kahve Makinesi,0.33546886619289057,0.5684135027543541,1.0,Tanımlanmamış,Popüler Ekonomik
https://www.beko.com.tr/yari-otomatik-espresso-makinesi/caffeexperto-ce5300-cep-6464-x-kahve-makinesi,CaffeExperto® CE5300 CEP 6464 X Yarı Otomatik Espresso Makinesi,12499.0,27,Yari Otomatik Espresso Makinesi,Küçük Ev Aletleri,Kahve Makinesi,0.7488360702983736,0.11545274791466774,1.0,Tanımlanmamış,Fırsat / Yıldız Ürünler
https://www.beko.com.tr/kahve-ogutucu/ko-8420-kahve-makinesi,KO 8420 Kahve Öğütücü,1729.0,7,Kahve Ogutucu,Küçük Ev Aletleri,Kahve Makinesi,0.0,0.0,0.6885277661544403,Tanımlanmamış,Popüler Ekonomik
https://www.beko.com.tr/turk-kahve-makinesi/tkm-8961-k-yeni-keyf-turk-kahve-makinesi-kahve-makinesi,TKM 8961 K Yeni Keyf Türk Kahve Makinesi Türk Kahve Makinesi,11899.0,41,Turk Kahve Makinesi,Küçük Ev Aletleri,Kahve Makinesi,1.0,0.0900020959510745,1.0,Tanımlanmamış,Fırsat / Yıldız Ürünler
https://www.beko.com.tr/turk-kahve-makinesi/bkk-2300-mini-keyf-rose-gold-kahve-makinesi,BKK 2300 Mini Keyf Rose Gold Türk Kahve Makinesi,5599.0,28,Turk Kahve Makinesi,Küçük Ev Aletleri,Kahve Makinesi,0.0,0.0,1.0,Tanımlanmamış,Popüler Ekonomik
https://www.beko.com.tr/kahve-ogutucu/tko-5540-kahve-makinesi,TKO 5540 Türk Kahve Öğütücü,12599.0,4,Kahve Ogutucu,Küçük Ev Aletleri,Kahve Makinesi,0.0,0.11957541727450192,0.532903988114677,Tanımlanmamış,Popüler Ekonomik
https://www.beko.com.tr/turk-kahve-makinesi/bkk-2400-midi-keyf-beyaz-kahve-makinesi,BKK 2400 Midi Keyf Beyaz Türk Kahve Makinesi,7179.0,20,Turk Kahve Makinesi,Küçük Ev Aletleri,Kahve Makinesi,0.011067638669767536,0.0,1.0,Tanımlanmamış,Popüler Ekonomik
https://www.beko.com.tr/turk-kahve-makinesi/tkm-2341-keyf-i-bol-beyaz-kahve-makinesi,TKM 2341 Keyf-i Bol Beyaz Türk Kahve Makinesi,3349.0,52,Turk Kahve Makinesi,Küçük Ev Aletleri,Kahve Makinesi,0.10197672957885845,0.0,1.0,Tanımlanmamış,Popüler Ekonomik
https://www.beko.com.tr/turk-kahve-makinesi/bkk-2300-mini-keyf-mor-kahve-makinesi,BKK 2300 Mini Keyf Mor Türk Kahve Makinesi,5599.0,21,Turk Kahve Makinesi,Küçük Ev Aletleri,Kahve Makinesi,0.011067638669767536,0.0,1.0,Tanımlanmamış,Popüler Ekonomik
https://www.beko.com.tr/turk-kahve-makinesi/bkk-2300-mini-keyf-siyah-kahve-makinesi,BKK 2300 Mini Keyf Siyah Türk Kahve Makinesi,5599.0,20,Turk Kahve Makinesi,Küçük Ev Aletleri,Kahve Makinesi,0.10197672957885845,0.0,1.0,Tanımlanmamış,Popüler Ekonomik
https://www.beko.com.tr/turk-kahve-makinesi/bkk-2170-kahve-makinesi,BKK 2170 Türk Kahve Makinesi,12649.0,11,Turk Kahve Makinesi,Küçük Ev Aletleri,Kahve Makinesi,0.6584880476005428,0.12162449823852786,0.8227820741229913,Tanımlanmamış,Fırsat / Yıldız Ürünler
https://www.beko.com.tr/turk-kahve-makinesi/tkm-8961-z-kahve-makinesi,TKM 8961 Z Türk Kahve Makinesi,11899.0,4,Turk Kahve Makinesi,Küçük Ev Aletleri,Kahve Makinesi,1.0,0.0900020959510745,0.532903988114677,Tanımlanmamış,Fırsat / Yıldız Ürünler
https://www.beko.com.tr/kahve-ogutucu/ko-8410-kahve-makinesi,KO 8410 Kahve Öğütücü,1359.0,13,Kahve Ogutucu,Küçük Ev Aletleri,Kahve Makinesi,0.0,0.0,0.8738231931471451,Tanımlanmamış,Popüler Ekonomik
https://www.beko.com.tr/yari-otomatik-espresso-makinesi/cep-5302-b-kahve-makinesi,CEP 5302 B CaffeExperto® Yarı Otomatik Espresso Makinesi,6649.0,43,Yari Otomatik Espresso Makinesi,Küçük Ev Aletleri,Kahve Makinesi,0.19288582048794936,0.0,1.0,Tanımlanmamış,Popüler Ekonomik
https://www.beko.com.tr/filtre-kahve-makinesi/fk-5414-kahve-makinesi,FK 5414 Retro Filtre Kahve Makinesi,5699.0,6,Filtre Kahve Makinesi,Küçük Ev Aletleri,Kahve Makinesi,0.19288582048794936,0.0,0.6443139377623317,Tanımlanmamış,Popüler Ekonomik
https://www.beko.com.tr/turk-kahve-makinesi/bkk-2700-keyf-profesyonel-kahve-makinesi,BKK 2700 Keyf Profesyonel Türk Kahve Makinesi,91599.0,7,Turk Kahve Makinesi,Küçük Ev Aletleri,Kahve Makinesi,1.0,1.0,0.6885277661544403,Tanımlanmamış,Premium / Lüks
https://www.beko.com.tr/kahve-demleme-ekipmanlari/morning-dream-sut-kopurtme-makinesi-kahve-makinesi,Morning Dream Süt Köpürtme Makinesi Kahve Demleme Ekipmanları,21250.0,0,Kahve Demleme Ekipmanlari,Küçük Ev Aletleri,Kahve Makinesi,0.0,0.39002004904481546,0.0,Tanımlanmamış,Düşük Segment (Giriş Seviyesi)
https://www.beko.com.tr/kahve-demleme-ekipmanlari/morning-dream-sut-kopurtucu-beyaz-kahve-makinesi,Morning Dream Süt Köpürtücü Beyaz Kahve Demleme Ekipmanları,21250.0,0,Kahve Demleme Ekipmanlari,Küçük Ev Aletleri,Kahve Makinesi,0.0,0.39002004904481546,0.0,Tanımlanmamış,Düşük Segment (Giriş Seviyesi)
https://www.beko.com.tr/kahve-demleme-ekipmanlari/espresso-perfetto-siyah-tamper-kahve-makinesi,Espresso Perfetto Siyah Tamper Kahve Demleme Ekipmanları,2624.96,1,Kahve Demleme Ekipmanlari,Küçük Ev Aletleri,Kahve Makinesi,0.0,0.0,0.22950925538481345,Tanımlanmamış,Düşük Segment (Giriş Seviyesi)
https://www.beko.com.tr/kahve-demleme-ekipmanlari/espresso-perfetto-tamper-istasyon-klasik-kahve-makinesi,Espresso Perfetto Tamper İstasyon Klasik Kahve Demleme Ekipmanları,1260.0,1,Kahve Demleme Ekipmanlari,Küçük Ev Aletleri,Kahve Makinesi,0.0,0.0,0.22950925538481345,Tanımlanmamış,Düşük Segment (Giriş Seviyesi)
https://www.beko.com.tr/kahve-demleme-ekipmanlari/rocket-tamper-kahve-makinesi,Rocket Tamper Kahve Demleme Ekipmanları,3674.98,0,Kahve Demleme Ekipmanlari,Küçük Ev Aletleri,Kahve Makinesi,0.0,0.0,0.0,Tanımlanmamış,Düşük Segment (Giriş Seviyesi)
https://www.beko.com.tr/kahve-demleme-ekipmanlari/rocket-tamper-leveler-siyah-kahve-makinesi,Rocket Tamper & Leveler Siyah Kahve Demleme Ekipmanları,3674.98,0,Kahve Demleme Ekipmanlari,Küçük Ev Aletleri,Kahve Makinesi,0.0,0.0,0.0,Tanımlanmamış,Düşük Segment (Giriş Seviyesi)
https://www.beko.com.tr/kahve-demleme-ekipmanlari/rocket-competition-sutluk-bakir-kahve-makinesi,Rocket Competition Sütlük Bakır Kahve Demleme Ekipmanları,2467.46,0,Kahve Demleme Ekipmanlari,Küçük Ev Aletleri,Kahve Makinesi,0.0,0.0,0.0,Tanımlanmamış,Düşük Segment (Giriş Seviyesi)
https://www.beko.com.tr/kapsul-kahve-makinesi/morning-kapsul-kahve-makinesi-siyah-kahve-makinesi,Morning Kapsül Kahve Makinesi Siyah Kapsül Kahve Makinesi,27750.0,2,Kapsul Kahve Makinesi,Küçük Ev Aletleri,Kahve Makinesi,0.0,0.5280954484931736,0.36376356335336446,Tanımlanmamış,Niş / Aşırı Fiyatlandırılmış
https://www.beko.com.tr/kapsul-kahve-makinesi/morning-kapsul-kahve-makinesi-beyaz-kahve-makinesi,Morning Kapsül Kahve Makinesi Beyaz Kapsül Kahve Makinesi,27750.0,0,Kapsul Kahve Makinesi,Küçük Ev Aletleri,Kahve Makinesi,0.0,0.5280954484931736,0.0,Tanımlanmamış,Niş / Aşırı Fiyatlandırılmış
https://www.beko.com.tr/espresso-makinesi/profitec-move-kahve-makinesi-kahve-makinesi,Profitec Move Kahve Makinesi Espresso Makinesi,113662.46,0,Espresso Makinesi,Küçük Ev Aletleri,Kahve Makinesi,0.10197672957885845,1.0,0.0,Tanımlanmamış,Niş / Aşırı Fiyatlandırılmış
https://www.beko.com.tr/kahve-ogutucu/eureka-mignon-crono-siyah-kahve-makinesi,Eureka Mignon Crono Siyah Kahve Öğütücü,14962.5,1,Kahve Ogutucu,Küçük Ev Aletleri,Kahve Makinesi,0.0,0.20852398942682865,0.22950925538481345,Tanımlanmamış,Düşük Segment (Giriş Seviyesi)
https://www.beko.com.tr/kahve-ogutucu/eureka-mignon-crono-beyaz-kahve-makinesi,Eureka Mignon Crono Beyaz Kahve Öğütücü,14962.5,0,Kahve Ogutucu,Küçük Ev Aletleri,Kahve Makinesi,0.0,0.20852398942682865,0.0,Tanımlanmamış,Düşük Segment (Giriş Seviyesi)
https://www.beko.com.tr/kahve-ogutucu/stone-pebble-kahve-ogutucu-krom-kahve-makinesi,Stone Pebble Kahve Öğütücü Krom Kahve Öğütücü,29399.96,0,Kahve Ogutucu,Küçük Ev Aletleri,Kahve Makinesi,0.0,0.5579776723783018,0.0,Tanımlanmamış,Niş / Aşırı Fiyatlandırılmış
https://www.beko.com.tr/espresso-makinesi/nespresso-essenza-mini-d30-red-kahve-makinesi,Nespresso Essenza Mini D30 Red Espresso Makinesi,9999.0,0,Espresso Makinesi,Küçük Ev Aletleri,Kahve Makinesi,0.2837949113970403,0.0,0.0,Tanımlanmamış,Düşük Segment (Giriş Seviyesi)
https://www.beko.com.tr/espresso-makinesi/nespresso-creatista-pro-kahve-makinesi,Nespresso Creatista Pro Espresso Makinesi,49999.0,0,Espresso Makinesi,Küçük Ev Aletleri,Kahve Makinesi,0.2685867959746453,0.8327107303536553,0.0,Tanımlanmamış,Niş / Aşırı Fiyatlandırılmış
https://www.beko.com.tr/espresso-makinesi/nespresso-aeroccino-4-sut-kopurtucu-kahve-makinesi,Nespresso Aeroccino 4 Süt Köpürtücü Espresso Makinesi,5999.0,0,Espresso Makinesi,Küçük Ev Aletleri,Kahve Makinesi,0.0,0.0,0.0,Tanımlanmamış,Düşük Segment (Giriş Seviyesi)
https://www.beko.com.tr/espresso-makinesi/nespresso-pixie-titan-ve--aeroccino-3-kahve-makinesi,Nespresso Pixie Titan ve  Aeroccino 3 Espresso Makinesi,14499.0,0,Espresso Makinesi,Küçük Ev Aletleri,Kahve Makinesi,0.2103625578382612,0.19224411085343002,0.0,Tanımlanmamış,Düşük Segment (Giriş Seviyesi)
https://www.beko.com.tr/espresso-makinesi/nespresso-gran-lattissima-black-kahve-makinesi,Nespresso Gran Lattissima Black Espresso Makinesi,27999.0,0,Espresso Makinesi,Küçük Ev Aletleri,Kahve Makinesi,0.3322237409023527,0.5327171245584367,0.0,Tanımlanmamış,Niş / Aşırı Fiyatlandırılmış
https://www.beko.com.tr/espresso-makinesi/nespresso-essenza-mini-matt-black-kahve-makinesi,Nespresso Essenza Mini Matt Black Espresso Makinesi,9999.0,0,Espresso Makinesi,Küçük Ev Aletleri,Kahve Makinesi,0.37470400230613116,0.0,0.0,Tanımlanmamış,Düşük Segment (Giriş Seviyesi)
https://www.beko.com.tr/espresso-makinesi/nespresso-gran-lattissima-white-kahve-makinesi,Nespresso Gran Lattissima White Espresso Makinesi,27999.0,2,Espresso Makinesi,Küçük Ev Aletleri,Kahve Makinesi,0.6049510136296256,0.5327171245584367,0.36376356335336446,Tanımlanmamış,Premium / Lüks
https://www.beko.com.tr/espresso-makinesi/rocket-appartamento-tca-white-kahve-makinesi,Rocket Appartamento TCA White Espresso Makinesi,91874.98,0,Espresso Makinesi,Küçük Ev Aletleri,Kahve Makinesi,0.011067638669767536,1.0,0.0,Tanımlanmamış,Niş / Aşırı Fiyatlandırılmış
https://www.beko.com.tr/espresso-makinesi/rocket-appartamento-tca-black-kahve-makinesi,Rocket Appartamento TCA Black Espresso Makinesi,94762.46,0,Espresso Makinesi,Küçük Ev Aletleri,Kahve Makinesi,0.011067638669767536,1.0,0.0,Tanımlanmamış,Niş / Aşırı Fiyatlandırılmış
https://www.beko.com.tr/kahve-demleme-ekipmanlari/brewista-flat-v-cone-cam-dripper-kahve-makinesi,Brewista Flat V Cone Cam Dripper Kahve Demleme Ekipmanları,2079.18,0,Kahve Demleme Ekipmanlari,Küçük Ev Aletleri,Kahve Makinesi,0.0,0.0,0.0,Tanımlanmamış,Düşük Segment (Giriş Seviyesi)
https://www.beko.com.tr/kahve-demleme-ekipmanlari/tiamo-paslanmaz-k02-dripper-kahve-makinesi,Tiamo Paslanmaz K02 Dripper Kahve Demleme Ekipmanları,1837.46,0,Kahve Demleme Ekipmanlari,Küçük Ev Aletleri,Kahve Makinesi,0.0,0.0,0.0,Tanımlanmamış,Düşük Segment (Giriş Seviyesi)
https://www.beko.com.tr/kahve-demleme-ekipmanlari/rocket-kahve-atik-kabi-kahve-makinesi,Rocket Kahve Atık Kabı Kahve Demleme Ekipmanları,3150.0,0,Kahve Demleme Ekipmanlari,Küçük Ev Aletleri,Kahve Makinesi,0.0,0.0,0.0,Tanımlanmamış,Düşük Segment (Giriş Seviyesi)
https://www.beko.com.tr/kahve-demleme-ekipmanlari/brewista-artisan-isi-ayarli-beyaz-kettle-kahve-makinesi,Brewista Artisan Isı Ayarlı Beyaz Kettle Kahve Demleme Ekipmanları,13387.5,0,Kahve Demleme Ekipmanlari,Küçük Ev Aletleri,Kahve Makinesi,0.0,0.1509807737728726,0.0,Tanımlanmamış,Düşük Segment (Giriş Seviyesi)
https://www.beko.com.tr/kahve-ogutucu/rocket-super-fausto-krom-kahve-makinesi,Rocket Super Fausto Krom Kahve Öğütücü,79799.96,0,Kahve Ogutucu,Küçük Ev Aletleri,Kahve Makinesi,0.0,1.0,0.0,Tanımlanmamış,Niş / Aşırı Fiyatlandırılmış
https://www.beko.com.tr/kahve-ogutucu/eureka-atom-w-65-beyaz-kahve-makinesi,Eureka Atom W 65 Beyaz Kahve Öğütücü,77948.0,0,Kahve Ogutucu,Küçük Ev Aletleri,Kahve Makinesi,0.0,1.0,0.0,Tanımlanmamış,Niş / Aşırı Fiyatlandırılmış
https://www.beko.com.tr/kahve-demleme-ekipmanlari/rocket-koseli-tamper-mati-kahve-makinesi,Rocket Köşeli Tamper Matı Kahve Demleme Ekipmanları,1469.98,0,Kahve Demleme Ekipmanlari,Küçük Ev Aletleri,Kahve Makinesi,0.0,0.0,0.0,Tanımlanmamış,Düşük Segment (Giriş Seviyesi)
https://www.beko.com.tr/kahve-demleme-ekipmanlari/ecm-sutluk-360-ml--kahve-makinesi,ECM Sütlük 360 ml. Kahve Demleme Ekipmanları,1994.96,0,Kahve Demleme Ekipmanlari,Küçük Ev Aletleri,Kahve Makinesi,0.0,0.0,0.0,Tanımlanmamış,Düşük Segment (Giriş Seviyesi)
https://www.beko.com.tr/kahve-demleme-ekipmanlari/ecm-sutluk-600-ml--kahve-makinesi,ECM Sütlük 600 ml. Kahve Demleme Ekipmanları,2152.46,0,Kahve Demleme Ekipmanlari,Küçük Ev Aletleri,Kahve Makinesi,0.0,0.0,0.0,Tanımlanmamış,Düşük Segment (Giriş Seviyesi)
https://www.beko.com.tr/kahve-demleme-ekipmanlari/profitec-sutluk-kahve-makinesi,Profitec Sütlük Kahve Demleme Ekipmanları,2362.5,0,Kahve Demleme Ekipmanlari,Küçük Ev Aletleri,Kahve Makinesi,0.0,0.0,0.0,Tanımlanmamış,Düşük Segment (Giriş Seviyesi)
https://www.beko.com.tr/cay-makinesi/cm-2626-ic-cay-makinesi,CM 2626 IC Çay Makinesi,3749.0,11,Cay Makinesi,Küçük Ev Aletleri,Çay Makinesi,0.0,0.0,0.3849094612724853,Tanımlanmamış,Düşük Segment (Giriş Seviyesi)
https://www.beko.com.tr/cay-makinesi/cm-5582-i-cay-makinesi,CM 5582 I Çay Makinesi,4899.0,51,Cay Makinesi,Küçük Ev Aletleri,Çay Makinesi,0.0,0.023936586223566127,0.8391776417220853,Tanımlanmamış,Popüler Ekonomik
https://www.beko.com.tr/cay-makinesi/cm-5964-w-floral-cay-makinesi,CM 5964 W Floral Çay Makinesi,6399.0,14,Cay Makinesi,Küçük Ev Aletleri,Çay Makinesi,0.6717093642103245,0.33073561476599783,0.4540388703230099,Tanımlanmamış,Fırsat / Yıldız Ürünler
https://www.beko.com.tr/semaver/se-8034-semaver,SE 8034 Semaver,6849.0,12,Semaver,Küçük Ev Aletleri,Semaver,0.5703164906454495,0.40879664840235763,0.4097065259767392,Tanımlanmamış,Fırsat / Yıldız Ürünler
https://www.beko.com.tr/semaver/se-8036-i-semaver,SE 8036 I Semaver,10459.0,29,Semaver,Küçük Ev Aletleri,Semaver,0.7177808963920601,0.8950906756418159,0.6687744281956829,Tanımlanmamış,Premium / Lüks
https://www.beko.com.tr/buz-makinesi/bym-6111-i-buz-makinesi,BYM 6111 I Buz Makinesi,8349.0,16,Buz Makinesi,Küçük Ev Aletleri,Buz Makinesi,0.0,0.0,0.0,Tanımlanmamış,Keşfedilmemiş Teknoloji
https://www.beko.com.tr/cam-temizleme-makineleri-ve-robotlari/csr-55-b-ev-temizlik-ekipmanlari-ve-teknolojileri,CSR 55 B Cam Temizleme Makineleri ve Robotları,13499.0,5,Cam Temizleme Makineleri Ve Robotlari,Küçük Ev Aletleri,Ev Temizlik Ekipmanları Teknolojisi,0.6149823487703,0.0,1.0,Tanımlanmamış,Fırsat / Yıldız Ürünler
https://www.beko.com.tr/hali-ve-koltuk-yikama-makineleri/bvt-75-b-ev-temizlik-ekipmanlari-ve-teknolojileri,BVT 75 B Halı ve Koltuk Yıkama Makineleri,14999.0,1,Hali Ve Koltuk Yikama Makineleri,Küçük Ev Aletleri,Ev Temizlik Ekipmanları Teknolojisi,0.0,0.17811503954047184,0.0,Tanımlanmamış,Düşük Segment (Giriş Seviyesi)
https://www.beko.com.tr/hali-ve-koltuk-yikama-makineleri/bvt-65-b-ev-temizlik-ekipmanlari-ve-teknolojileri,BVT 65 B Halı ve Koltuk Yıkama Makineleri,6999.0,17,Hali Ve Koltuk Yikama Makineleri,Küçük Ev Aletleri,Ev Temizlik Ekipmanları Teknolojisi,0.6149823487703,0.0,1.0,Tanımlanmamış,Fırsat / Yıldız Ürünler
https://www.beko.com.tr/buharli-temizleyiciler/karcher-sc-2-deluxe-eu-ev-temizlik-ekipmanlari-ve-teknolojileri,KARCHER SC 2 Deluxe *EU Buharlı Temizleyiciler,10699.0,2,Buharli Temizleyiciler,Küçük Ev Aletleri,Ev Temizlik Ekipmanları Teknolojisi,0.0,0.0,0.0,Tanımlanmamış,Düşük Segment (Giriş Seviyesi)
https://www.beko.com.tr/cam-temizleme-makineleri-ve-robotlari/karcher-wv-5-plus-n--eu-ev-temizlik-ekipmanlari-ve-teknolojileri,Karcher WV5 Plus Şarjlı Cam Silme Makinesi Cam Temizleme Makineleri ve Robotları,5399.0,2,Cam Temizleme Makineleri Ve Robotlari,Küçük Ev Aletleri,Ev Temizlik Ekipmanları Teknolojisi,0.0,0.0,0.0,Tanımlanmamış,Düşük Segment (Giriş Seviyesi)
https://www.beko.com.tr/buharli-temizleyiciler/karcher-sc-3-deluxe-textile-edition-ev-temizlik-ekipmanlari-ve-teknolojileri,KARCHER SC 3 Deluxe Textile Edition Buharlı Temizleyiciler,16299.0,2,Buharli Temizleyiciler,Küçük Ev Aletleri,Ev Temizlik Ekipmanları Teknolojisi,0.0,0.31862322519915376,0.0,Tanımlanmamış,Düşük Segment (Giriş Seviyesi)
https://www.beko.com.tr/hali-ve-koltuk-yikama-makineleri/bissell-proheat-2x-revolution-cleanshot-ev-temizlik-ekipmanlari-ve-teknolojileri,Bissell ProHeat 2X Revolution CleanShot Halı ve Koltuk Yıkama Makineleri,26999.0,3,Hali Ve Koltuk Yikama Makineleri,Küçük Ev Aletleri,Ev Temizlik Ekipmanları Teknolojisi,0.9976018142780535,1.0,0.5866098947771525,Tanımlanmamış,Premium / Lüks
https://www.beko.com.tr/agiz-bakim/foreo-issa-4-arctic-blue-guzellik-ve-bakim,Foreo ISSA 4 Arctic Blue Ağız Bakım,5199.0,0,Agiz Bakim,Küçük Ev Aletleri,Kişisel Bakım,0.0,0.42122936150676,0.0,Tanımlanmamış,Düşük Segment (Giriş Seviyesi)
https://www.beko.com.tr/cilt-bakim/foreo-bear-2-go-pistachio-guzellik-ve-bakim,Foreo Bear 2 Go Pistachio Cilt Bakım,14599.0,0,Cilt Bakim,Küçük Ev Aletleri,Güzellik ve Bakım,0.0,1.0,0.0,Tanımlanmamış,Niş / Aşırı Fiyatlandırılmış
https://www.beko.com.tr/cilt-bakim/foreo-luna-4-body-evergreen-guzellik-ve-bakim,Foreo LUNA 4 Body Evergreen Cilt Bakım,7799.0,0,Cilt Bakim,Küçük Ev Aletleri,Güzellik ve Bakım,0.0,0.7137106118673376,0.0,Tanımlanmamış,Niş / Aşırı Fiyatlandırılmış
https://www.beko.com.tr/cilt-bakim/foreo-bear-2-body-lavender-guzellik-ve-bakim,Foreo Bear 2 Body Lavender Cilt Bakım,15599.0,0,Cilt Bakim,Küçük Ev Aletleri,Güzellik ve Bakım,0.0,1.0,0.0,Tanımlanmamış,Niş / Aşırı Fiyatlandırılmış
https://www.beko.com.tr/cilt-bakim/foreo-bear-2-fuchsia-guzellik-ve-bakim,Foreo Bear 2 Fuchsia Cilt Bakım,20799.0,1,Cilt Bakim,Küçük Ev Aletleri,Güzellik ve Bakım,0.0,1.0,0.0,Tanımlanmamış,Niş / Aşırı Fiyatlandırılmış
https://www.beko.com.tr/cilt-bakim/foreo-luna-4-play-cherry-up-guzellik-ve-bakim,FOREO LUNA 4 Play Cherry Up Cilt Bakım,3099.0,0,Cilt Bakim,Küçük Ev Aletleri,Güzellik ve Bakım,0.0,0.048107657629651156,0.0,Tanımlanmamış,Düşük Segment (Giriş Seviyesi)
https://www.beko.com.tr/cilt-bakim/foreo-luna-4-go-pistachio-guzellik-ve-bakim,FOREO LUNA 4 Go Pistachio Cilt Bakım,5199.0,0,Cilt Bakim,Küçük Ev Aletleri,Güzellik ve Bakım,0.0,0.42122936150676,0.0,Tanımlanmamış,Düşük Segment (Giriş Seviyesi)
https://www.beko.com.tr/cilt-bakim/foreo-luna-4-hassas-cilt-guzellik-ve-bakim,Foreo LUNA 4 Hassas Cilt Cilt Bakım,10399.0,0,Cilt Bakim,Küçük Ev Aletleri,Güzellik ve Bakım,0.0,0.92122936150676,0.0,Tanımlanmamış,Niş / Aşırı Fiyatlandırılmış
https://www.beko.com.tr/cilt-bakim/foreo-luna-4-play-tickle-me-pink-guzellik-ve-bakim,FOREO LUNA 4 Play Tickle Me Pink Cilt Bakım,3099.0,0,Cilt Bakim,Küçük Ev Aletleri,Güzellik ve Bakım,0.0,0.048107657629651156,0.0,Tanımlanmamış,Düşük Segment (Giriş Seviyesi)
https://www.beko.com.tr/cilt-bakim/foreo-ufo-3-go-lavender-guzellik-ve-bakim,Foreo Ufo 3 Go Lavender Cilt Bakım,3599.0,0,Cilt Bakim,Küçük Ev Aletleri,Güzellik ve Bakım,0.0,0.15597200315736964,0.0,Tanımlanmamış,Düşük Segment (Giriş Seviyesi)
https://www.beko.com.tr/cilt-bakim/foreo-ufo-3-go-evergreen-guzellik-ve-bakim,Foreo Ufo 3 Go Evergreen Cilt Bakım,3599.0,0,Cilt Bakim,Küçük Ev Aletleri,Güzellik ve Bakım,0.0,0.15597200315736964,0.0,Tanımlanmamış,Düşük Segment (Giriş Seviyesi)
https://www.beko.com.tr/cilt-bakim/foreo-ufo-3-pearl-pink-guzellik-ve-bakim,Foreo Ufo 3 Pearl Pink Cilt Bakım,15599.0,0,Cilt Bakim,Küçük Ev Aletleri,Güzellik ve Bakım,0.0,1.0,0.0,Tanımlanmamış,Niş / Aşırı Fiyatlandırılmış
https://www.beko.com.tr/cilt-bakim/foreo-bear-2-go-lavender-guzellik-ve-bakim,Foreo Bear 2 Go Lavender Cilt Bakım,14599.0,0,Cilt Bakim,Küçük Ev Aletleri,Güzellik ve Bakım,0.0,1.0,0.0,Tanımlanmamış,Niş / Aşırı Fiyatlandırılmış
https://www.beko.com.tr/yaslanma-karsiti-bakim/foreo-faq-221-led-el-maskesi-guzellik-ve-bakim,Foreo FAQ 221 LED El Maskesi Yaşlanma Karşıtı Bakım,15599.0,0,Yaslanma Karsiti Bakim,Küçük Ev Aletleri,Güzellik ve Bakım,0.0,1.0,0.0,Tanımlanmamış,Niş / Aşırı Fiyatlandırılmış
https://www.beko.com.tr/yaslanma-karsiti-bakim/foreo-faq-102-yaslanma-karsiti-cihaz-guzellik-ve-bakim,Foreo FAQ 102 Yaşlanma Karşıtı Cihaz Yaşlanma Karşıtı Bakım,31299.0,1,Yaslanma Karsiti Bakim,Küçük Ev Aletleri,Güzellik ve Bakım,0.0,1.0,0.0,Tanımlanmamış,Niş / Aşırı Fiyatlandırılmış
https://www.beko.com.tr/yaslanma-karsiti-bakim/foreo-faq-211-boyun-ve-dekolte-led-maske-guzellik-ve-bakim,Foreo FAQ 211 Boyun ve Dekolte LED Maske Yaşlanma Karşıtı Bakım,20999.0,0,Yaslanma Karsiti Bakim,Küçük Ev Aletleri,Güzellik ve Bakım,0.0,1.0,0.0,Tanımlanmamış,Niş / Aşırı Fiyatlandırılmış
https://www.beko.com.tr/yaslanma-karsiti-bakim/foreo-faq-202-led-yuz-maskesi-guzellik-ve-bakim,Foreo FAQ 202 LED Yüz Maskesi Yaşlanma Karşıtı Bakım,41999.0,0,Yaslanma Karsiti Bakim,Küçük Ev Aletleri,Güzellik ve Bakım,0.0,1.0,0.0,Tanımlanmamış,Niş / Aşırı Fiyatlandırılmış
https://www.beko.com.tr/ozel-bakimlar/foreo-bear-2-eyeslips-lavender-guzellik-ve-bakim,Foreo Bear 2 Eyes&Lips Lavender Özel Bakımlar,10399.0,2,Ozel Bakimlar,Küçük Ev Aletleri,Güzellik ve Bakım,0.0,0.92122936150676,0.2262943855309169,Tanımlanmamış,Niş / Aşırı Fiyatlandırılmış
https://www.beko.com.tr/cilt-bakim/foreo-peach2-ipl-cihazi-guzellik-ve-bakim,Foreo Peach2 IPL Cihazı Cilt Bakım,20399.0,0,Cilt Bakim,Küçük Ev Aletleri,Güzellik ve Bakım,0.0,1.0,0.0,Tanımlanmamış,Niş / Aşırı Fiyatlandırılmış
https://www.beko.com.tr/yaslanma-karsiti-bakim/foreo-faq-302-black-guzellik-ve-bakim,Foreo FAQ 302 Black Yaşlanma Karşıtı Bakım,25999.0,1,Yaslanma Karsiti Bakim,Küçük Ev Aletleri,Güzellik ve Bakım,0.0,1.0,0.0,Tanımlanmamış,Niş / Aşırı Fiyatlandırılmış
https://www.beko.com.tr/cilt-bakim/foreo-issa-4-smile-summer-sky-guzellik-ve-bakim,Foreo ISSA 4 Smile Summer Sky Cilt Bakım,3099.0,0,Cilt Bakim,Küçük Ev Aletleri,Güzellik ve Bakım,0.0,0.048107657629651156,0.0,Tanımlanmamış,Düşük Segment (Giriş Seviyesi)
https://www.beko.com.tr/cilt-bakim/foreo-issa-4-pearl-pink-guzellik-ve-bakim,Foreo ISSA 4 Pearl Pink Cilt Bakım,5199.0,0,Cilt Bakim,Küçük Ev Aletleri,Güzellik ve Bakım,0.0,0.42122936150676,0.0,Tanımlanmamış,Düşük Segment (Giriş Seviyesi)
https://www.beko.com.tr/cilt-bakim/foreo-issa-4-smile-wild-strawberry-guzellik-ve-bakim,"Foreo ISSA 4 Smile, Wild Strawberry Cilt Bakım",3099.0,0,Cilt Bakim,Küçük Ev Aletleri,Güzellik ve Bakım,0.0,0.048107657629651156,0.0,Tanımlanmamış,Düşük Segment (Giriş Seviyesi)
https://www.beko.com.tr/cilt-bakim/foreo-luna-4-play-mint-for-you-guzellik-ve-bakim,FOREO LUNA 4 Play Mint For You Cilt Bakım,3099.0,0,Cilt Bakim,Küçük Ev Aletleri,Güzellik ve Bakım,0.0,0.048107657629651156,0.0,Tanımlanmamış,Düşük Segment (Giriş Seviyesi)
https://www.beko.com.tr/cilt-bakim/foreo-issa-4-smile-enchanted-violet-guzellik-ve-bakim,Foreo ISSA 4 Smile Enchanted Violet Cilt Bakım,3099.0,0,Cilt Bakim,Küçük Ev Aletleri,Güzellik ve Bakım,0.0,0.048107657629651156,0.0,Tanımlanmamış,Düşük Segment (Giriş Seviyesi)
https://www.beko.com.tr/cilt-bakim/foreo-issa-4-fuchsia-guzellik-ve-bakim,Foreo ISSA 4 Fuchsia Cilt Bakım,5199.0,0,Cilt Bakim,Küçük Ev Aletleri,Güzellik ve Bakım,0.0,0.42122936150676,0.0,Tanımlanmamış,Düşük Segment (Giriş Seviyesi)
https://www.beko.com.tr/frozen-ve-slush-makinesi/sm-5670-frozen-ve-slush-makinesi,SM 5670 Frozen ve Slush Makinesi,14999.0,17,Frozen Ve Slush Makinesi,Küçük Ev Aletleri,Frozen ve Slush Makinesi,0.0,1.0,0.052027830408891314,Tanımlanmamış,Premium / Lüks
https://www.beko.com.tr/arac-buzdolabi/otb-51223-m-arac-buzdolabi,OTB 51223 M Araç Buzdolabı,7999.0,26,Arac Buzdolabi,Beyaz Eşya,Buzdolabı,0.0,0.0,0.0,Tanımlanmamış,Düşük Segment (Giriş Seviyesi)
https://www.beko.com.tr/kahve-demleme-ekipmanlari/rocket-tamper-leveler-metalik-kahve-makinesi,Rocket Tamper & Leveler Metalik Kahve Demleme Ekipmanları,3674.98,0,Kahve Demleme Ekipmanlari,Küçük Ev Aletleri,Kahve Makinesi,0.0,0.0,0.0,Tanımlanmamış,Düşük Segment (Giriş Seviyesi)
https://www.beko.com.tr/espresso-makinesi/stone-mine-premium-kahve-makinesi-green-kahve-makinesi,Stone Mine Premium Kahve Makinesi Green Espresso Makinesi,73447.48,0,Espresso Makinesi,Küçük Ev Aletleri,Kahve Makinesi,0.0,1.0,0.0,Tanımlanmamış,Niş / Aşırı Fiyatlandırılmış
https://www.beko.com.tr/espresso-makinesi/stone-mine-premium-kahve-makinesi-chrome-kahve-makinesi,Stone Mine Premium Kahve Makinesi Chrome Espresso Makinesi,78697.46,0,Espresso Makinesi,Küçük Ev Aletleri,Kahve Makinesi,0.0,1.0,0.0,Tanımlanmamış,Niş / Aşırı Fiyatlandırılmış
https://www.beko.com.tr/espresso-makinesi/stone-mine-premium-kahve-makinesi-wood-kahve-makinesi,Stone Mine Premium Kahve Makinesi Wood Espresso Makinesi,83947.5,0,Espresso Makinesi,Küçük Ev Aletleri,Kahve Makinesi,0.0,1.0,0.0,Tanımlanmamış,Niş / Aşırı Fiyatlandırılmış
https://www.beko.com.tr/espresso-makinesi/profitec-pro-go-kahve-makinesi-siyah-kahve-makinesi,Profitec Pro Go Kahve Makinesi Siyah Espresso Makinesi,54599.96,0,Espresso Makinesi,Küçük Ev Aletleri,Kahve Makinesi,0.0,0.8782559746325579,0.0,Tanımlanmamış,Niş / Aşırı Fiyatlandırılmış
https://www.beko.com.tr/kahve-ogutucu/eureka-mignon-specialita-beyaz--kahve-makinesi,Eureka Mignon Specialita Beyaz  Kahve Öğütücü,26775.0,0,Kahve Ogutucu,Küçük Ev Aletleri,Kahve Makinesi,0.0,0.5095904423674075,0.0,Tanımlanmamış,Niş / Aşırı Fiyatlandırılmış
https://www.beko.com.tr/espresso-makinesi/lelit-mara-x-v2-inox-kahve-makinesi,Lelit Mara X V2 Inox Espresso Makinesi,77437.46,0,Espresso Makinesi,Küçük Ev Aletleri,Kahve Makinesi,0.10197672957885845,1.0,0.0,Tanımlanmamış,Niş / Aşırı Fiyatlandırılmış
https://www.beko.com.tr/kahve-demleme-ekipmanlari/cekmeceli-kahve-atik-kutusu-mini-kahve-makinesi,Çekmeceli Kahve Atık Kutusu Mini Kahve Demleme Ekipmanları,5512.5,0,Kahve Demleme Ekipmanlari,Küçük Ev Aletleri,Kahve Makinesi,0.0,0.0,0.0,Tanımlanmamış,Düşük Segment (Giriş Seviyesi)
https://www.beko.com.tr/espresso-makinesi/profitec-pro-go-kahve-makinesi-mavi-kahve-makinesi,Profitec Pro Go Kahve Makinesi Mavi Espresso Makinesi,56700.0,0,Espresso Makinesi,Küçük Ev Aletleri,Kahve Makinesi,0.0017751438122517852,0.8977825565673271,0.0,Tanımlanmamış,Niş / Aşırı Fiyatlandırılmış
https://www.beko.com.tr/espresso-makinesi/profitec-pro-go-kahve-makinesi-sari-kahve-makinesi,Profitec Pro Go Kahve Makinesi Sarı Espresso Makinesi,56700.0,0,Espresso Makinesi,Küçük Ev Aletleri,Kahve Makinesi,0.1835933256304336,0.8977825565673271,0.0,Tanımlanmamış,Niş / Aşırı Fiyatlandırılmış
https://www.beko.com.tr/dondurma-makinesi/dm-5644-s-dondurma-makinesi,DM 5644 S CreamMix Dondurma Makinesi,9999.0,1,Dondurma Makinesi,Küçük Ev Aletleri,Dondurma Makinesi,0.0,0.0,0.0,Tanımlanmamış,Keşfedilmemiş Teknoloji
https://www.beko.com.tr/tost-makinesi/tm-8946-i-crystal-pisirici,TM 8946 I Crystal Tost Makinesi,8899.0,68,Tost Makinesi,Küçük Ev Aletleri,Pişirici,0.21791964303314984,0.08100143910480764,0.7735284183810538,Tanımlanmamış,Popüler Ekonomik
https://www.beko.com.tr/airfryer-az-yagli-fritoz/fr-8284-fitfry-pisirici,FR 8284 FitFry® Airfryer & Az Yağlı Fritöz,8959.0,82,Airfryer Az Yagli Fritoz,Küçük Ev Aletleri,Pişirici,0.7135821079423443,0.08879911369606093,0.9088408721565285,Tanımlanmamış,Fırsat / Yıldız Ürünler
https://www.beko.com.tr/tost-makinesi/tm-2302-pisirici,TM 2302 Tost Makinesi,3949.0,7,Tost Makinesi,Küçük Ev Aletleri,Pişirici,0.0,0.0,0.0,Tanımlanmamış,Düşük Segment (Giriş Seviyesi)
https://www.beko.com.tr/airfryer-az-yagli-fritoz/fr-8374-beko-fitfry-steampro-pisirici,FR 8374 Beko FitFry® SteamPro® Airfryer & Az Yağlı Fritöz,10799.0,11,Airfryer Az Yagli Fritoz,Küçük Ev Aletleri,Pişirici,0.5874534951465904,0.3055618060023405,0.0,Tanımlanmamış,Keşfedilmemiş Teknoloji
https://www.beko.com.tr/airfryer-az-yagli-fritoz/fra-8494-fitfry-3in1-pisirici,FRA 8494 FitFry® 3in1 Airfryer & Az Yağlı Fritöz,9169.0,11,Airfryer Az Yagli Fritoz,Küçük Ev Aletleri,Pişirici,0.8569440620386143,0.1156856335876814,0.0,Tanımlanmamış,Keşfedilmemiş Teknoloji
https://www.beko.com.tr/akilli-mutfak-robotu/smc-8491-pisirici,SMC 8491 Akıllı Mutfak Robotu,33549.0,18,Akilli Mutfak Robotu,Küçük Ev Aletleri,Pişirici,0.0,1.0,0.0,Tanımlanmamış,Niş / Aşırı Fiyatlandırılmış
https://www.beko.com.tr/tost-makinesi/tm-5046-cb-floral-pisirici,TM 5046 CB Floral Tost Makinesi,9349.0,21,Tost Makinesi,Küçük Ev Aletleri,Pişirici,0.5756191991332527,0.1382456221999486,0.0,Tanımlanmamış,Keşfedilmemiş Teknoloji
https://www.beko.com.tr/tost-makinesi/tmw-5046-r-pisirici,TMW 5046 R Floral®2in1 & Waffle Makinesi Tost Makinesi,10549.0,2,Tost Makinesi,Küçük Ev Aletleri,Pişirici,0.5855310226501169,0.2783814176452754,0.0,Tanımlanmamış,Keşfedilmemiş Teknoloji
https://www.beko.com.tr/tost-makinesi/tm-5046-cw-floral-pisirici,TM 5046 CW Floral Tost Makinesi,9349.0,16,Tost Makinesi,Küçük Ev Aletleri,Pişirici,0.6463493326110439,0.1382456221999486,0.0,Tanımlanmamış,Keşfedilmemiş Teknoloji
https://www.beko.com.tr/cok-amacli-pisirici/mc-5056-i-expertchef-multi-cooker-pisirici,MC 5056 I ExpertChef® Çok Amaçlı Pişirici,7649.0,94,Cok Amacli Pisirici,Küçük Ev Aletleri,Pişirici,0.0,0.0,1.0,Tanımlanmamış,Popüler Ekonomik
https://www.beko.com.tr/ekmek-kizartma-makinesi/ek-5120-i-pisirici,EK 5120 I Ekmek Kızartma Makinesi,2189.0,46,Ekmek Kizartma Makinesi,Küçük Ev Aletleri,Pişirici,0.0,0.0,0.49228948957025037,Tanımlanmamış,Popüler Ekonomik
https://www.beko.com.tr/tost-makinesi/tmd-8546-c-pisirici,TMD 8546 C Tost Makinesi,8299.0,1,Tost Makinesi,Küçük Ev Aletleri,Pişirici,0.5658410678223299,0.0,0.0,Tanımlanmamış,Keşfedilmemiş Teknoloji
https://www.beko.com.tr/tost-makinesi/tm-5206-g-pisirici,TM 5206 G Tost Makinesi,5139.0,88,Tost Makinesi,Küçük Ev Aletleri,Pişirici,0.0,0.0,0.9599642741005437,Tanımlanmamış,Popüler Ekonomik
https://www.beko.com.tr/airfryer-az-yagli-fritoz/fra-5244-fitfry-pisirici,FRA 5244 FitFry® Airfryer & Az Yağlı Fritöz,4989.0,41,Airfryer Az Yagli Fritoz,Küçük Ev Aletleri,Pişirici,0.0,0.0,0.40990257957583687,Tanımlanmamış,Düşük Segment (Giriş Seviyesi)
https://www.beko.com.tr/airfryer-az-yagli-fritoz/fra-5364-s-fitfry-xxl-pisirici,FRA 5364 S FitFry® XXL Airfryer & Az Yağlı Fritöz,8609.0,46,Airfryer Az Yagli Fritoz,Küçük Ev Aletleri,Pişirici,0.5688510567679974,0.04255596303395467,0.49228948957025037,Tanımlanmamış,Fırsat / Yıldız Ürünler
https://www.beko.com.tr/airfryer-az-yagli-fritoz/fra-5334-b-fitfry-pisirici,FRA 5334 B FitFry® Airfryer & Az Yağlı Fritöz,5099.0,24,Airfryer Az Yagli Fritoz,Küçük Ev Aletleri,Pişirici,0.0,0.0,0.029900944930477992,Tanımlanmamış,Düşük Segment (Giriş Seviyesi)
https://www.beko.com.tr/ekmek-kizartma-makinesi/tam-7321-i-pisirici,TAM 7321 I Ekmek Kızartma Makinesi,2499.0,17,Ekmek Kizartma Makinesi,Küçük Ev Aletleri,Pişirici,0.0,0.0,0.0,Tanımlanmamış,Düşük Segment (Giriş Seviyesi)
https://www.beko.com.tr/tost-makinesi/tm-5306-s-pisirici,TM 5306 S Tost Makinesi,3899.0,23,Tost Makinesi,Küçük Ev Aletleri,Pişirici,0.0,0.0,0.0,Tanımlanmamış,Düşük Segment (Giriş Seviyesi)
https://www.beko.com.tr/airfryer-az-yagli-fritoz/frl-5464-x-fitfry-xl-pisirici,FRL 5464 X FitFry® XL Airfryer & Az Yağlı Fritöz,4789.0,29,Airfryer Az Yagli Fritoz,Küçük Ev Aletleri,Pişirici,0.14146026695558248,0.0,0.16344627737693956,Tanımlanmamış,Düşük Segment (Giriş Seviyesi)
https://www.beko.com.tr/ekmek-kizartma-makinesi/ek-5420-pisirici,EK 5420 Retro Ekmek Kızartma Makinesi,2199.0,2,Ekmek Kizartma Makinesi,Küçük Ev Aletleri,Pişirici,0.0,0.0,0.0,Tanımlanmamış,Düşük Segment (Giriş Seviyesi)
https://www.beko.com.tr/ekmek-kizartma-makinesi/ek-5521-pisirici,EK 5521 Ekmek Kızartma Makinesi,3399.0,16,Ekmek Kizartma Makinesi,Küçük Ev Aletleri,Pişirici,0.0,0.0,0.0,Tanımlanmamış,Düşük Segment (Giriş Seviyesi)
https://www.beko.com.tr/tost-makinesi/tm-5606-i-pisirici,TM 5606 I Tost Makinesi,3949.0,2,Tost Makinesi,Küçük Ev Aletleri,Pişirici,0.0,0.0,0.0,Tanımlanmamış,Düşük Segment (Giriş Seviyesi)
https://www.beko.com.tr/tost-makinesi/tm-5046-cr-floral-pisirici,TM 5046 CR Floral Tost Makinesi,9349.0,24,Tost Makinesi,Küçük Ev Aletleri,Pişirici,0.6463493326110439,0.1382456221999486,0.029900944930477992,Tanımlanmamış,Keşfedilmemiş Teknoloji
https://www.beko.com.tr/tost-makinesi/tm-8046-i-selection-pisirici,TM 8046 I Selection® Tost Makinesi,11949.0,51,Tost Makinesi,Küçük Ev Aletleri,Pişirici,0.5250292275668144,0.42299217817353263,0.5663395074290325,Tanımlanmamış,Fırsat / Yıldız Ürünler
https://www.beko.com.tr/sac-duzlestirici/hs-7033-botanika-papatya-yag-terapisi-kisisel-bakim,HS 7033 Botanika Papatya Yağ Terapisi Saç Düzleştirici,1199.0,2,Sac Duzlestirici,Küçük Ev Aletleri,Kişisel Bakım,1.0,0.0,0.2262943855309169,Tanımlanmamış,Keşfedilmemiş Teknoloji
https://www.beko.com.tr/sac-duzlestirici/hs-7032-botanika-lavanta-yag-terapisi-kisisel-bakim,HS 7032 Botanika Lavanta Yağ Terapisi Saç Düzleştirici,1199.0,5,Sac Duzlestirici,Küçük Ev Aletleri,Kişisel Bakım,1.0,0.0,0.6131471927654584,Tanımlanmamış,Fırsat / Yıldız Ürünler
https://www.beko.com.tr/sac-duzlestirici/hs-7031-botanika-biberiye-yag-terapisi-kisisel-bakim,HS 7031 Botanika Biberiye Yağ Terapisi Saç Düzleştirici,1199.0,4,Sac Duzlestirici,Küçük Ev Aletleri,Kişisel Bakım,1.0,0.0,0.5113915944693855,Tanımlanmamış,Fırsat / Yıldız Ürünler
https://www.beko.com.tr/sac-kurutma-makinesi/hd-8080-kisisel-bakim,HD 8080 Saç Kurutma Makinesi,3199.0,34,Sac Kurutma Makinesi,Beyaz Eşya,Kurutma Makinesi,0.12384341571020209,0.0,0.3037554937510842,Tanımlanmamış,Düşük Segment (Giriş Seviyesi)
https://www.beko.com.tr/sac-duzlestirici/hs-7080-kisisel-bakim,HS 7080 Saç Düzleştirici,3299.0,16,Sac Duzlestirici,Küçük Ev Aletleri,Kişisel Bakım,0.6408385118803455,0.09320656211544055,1.0,Tanımlanmamış,Fırsat / Yıldız Ürünler
https://www.beko.com.tr/sac-kurutma-makinesi/hd-9980-ionica-red-kisisel-bakim,HD 9980 IONICA RED Saç Kurutma Makinesi,7999.0,3,Sac Kurutma Makinesi,Beyaz Eşya,Kurutma Makinesi,0.8144133384162648,0.0,0.0,Tanımlanmamış,Keşfedilmemiş Teknoloji
https://www.beko.com.tr/sac-sakal-kesme-makineleri/mc-8030-kisisel-bakim,MC 8030 Saç Sakal Kesme Makineleri,1199.0,7,Sac Sakal Kesme Makineleri,Küçük Ev Aletleri,Kişisel Bakım,0.0,0.0,0.773705614469083,Tanımlanmamış,Popüler Ekonomik
https://www.beko.com.tr/baskul/ps-7010-bt-kisisel-bakim,PS 7010 BT Baskül,1199.0,11,Baskul,Küçük Ev Aletleri,Kişisel Bakım,0.06349206349206349,0.0,1.0,Tanımlanmamış,Popüler Ekonomik
https://www.beko.com.tr/baskul/ps-4111-kisisel-bakim,PS 4111 Baskül,899.0,4,Baskul,Küçük Ev Aletleri,Kişisel Bakım,0.0,0.0,0.5113915944693855,Tanımlanmamış,Popüler Ekonomik
https://www.beko.com.tr/sac-sakal-kesme-makineleri/mc-9030-kisisel-bakim,MC 9030 Saç Sakal Kesme Makineleri,1399.0,7,Sac Sakal Kesme Makineleri,Küçük Ev Aletleri,Kişisel Bakım,0.06349206349206349,0.0,0.773705614469083,Tanımlanmamış,Popüler Ekonomik
https://www.beko.com.tr/sac-sakal-kesme-makineleri/mgk-9030-kisisel-bakim,MGK 9030 Saç Sakal Kesme Makineleri,1799.0,22,Sac Sakal Kesme Makineleri,Küçük Ev Aletleri,Kişisel Bakım,0.06349206349206349,0.0,1.0,Tanımlanmamış,Popüler Ekonomik
https://www.beko.com.tr/sac-duzlestirici/hb-7150-kisisel-bakim,HB 7150 Saç Düzleştirici,1299.0,7,Sac Duzlestirici,Küçük Ev Aletleri,Kişisel Bakım,0.6349206349206349,0.0,0.773705614469083,Tanımlanmamış,Fırsat / Yıldız Ürünler
https://www.beko.com.tr/tiras-makineleri/ms-9130-kisisel-bakim,MS 9130 Tıraş Makineleri,1699.0,3,Tiras Makineleri,Küçük Ev Aletleri,Kişisel Bakım,0.25396825396825395,0.0,0.3868528072345416,Tanımlanmamış,Düşük Segment (Giriş Seviyesi)
https://www.beko.com.tr/sac-duzlestirici/hs-5331-kisisel-bakim,HS 5331 Saç Düzleştirici,1299.0,1,Sac Duzlestirici,Küçük Ev Aletleri,Kişisel Bakım,1.0,0.0,0.0,Tanımlanmamış,Keşfedilmemiş Teknoloji
https://www.beko.com.tr/sac-kurutma-makinesi/hd-2261-kisisel-bakim,HD 2261 Saç Kurutma Makinesi,2899.0,4,Sac Kurutma Makinesi,Beyaz Eşya,Kurutma Makinesi,0.0,0.0,0.0,Tanımlanmamış,Düşük Segment (Giriş Seviyesi)
https://www.beko.com.tr/sac-kurutma-makinesi/hd-8381-kisisel-bakim,HD 8381 Saç Kurutma Makinesi,3399.0,13,Sac Kurutma Makinesi,Beyaz Eşya,Kurutma Makinesi,0.0,0.0,0.0,Tanımlanmamış,Düşük Segment (Giriş Seviyesi)
https://www.beko.com.tr/sac-kurutma-makinesi/hd-6080-b-kisisel-bakim,HD 6080 B Saç Kurutma Makinesi,2699.0,12,Sac Kurutma Makinesi,Beyaz Eşya,Kurutma Makinesi,0.0,0.0,0.0,Tanımlanmamış,Düşük Segment (Giriş Seviyesi)
https://www.beko.com.tr/sac-duzlestirici/hs-8330-kisisel-bakim,HS 8330 Saç Düzleştirici,1699.0,4,Sac Duzlestirici,Küçük Ev Aletleri,Kişisel Bakım,0.8888888888888888,0.0,0.5113915944693855,Tanımlanmamış,Fırsat / Yıldız Ürünler
https://www.beko.com.tr/sac-sakal-kesme-makineleri/mt-3810-kisisel-bakim,MT 3810 Saç Sakal Kesme Makineleri,599.0,7,Sac Sakal Kesme Makineleri,Küçük Ev Aletleri,Kişisel Bakım,0.0,0.0,0.773705614469083,Tanımlanmamış,Popüler Ekonomik
https://www.beko.com.tr/sac-duzlestirici/hs-4330-kisisel-bakim,HS 4330 Saç Düzleştirici,1399.0,4,Sac Duzlestirici,Küçük Ev Aletleri,Kişisel Bakım,0.0,0.0,0.5113915944693855,Tanımlanmamış,Popüler Ekonomik
https://www.beko.com.tr/sac-kurutma-makinesi/hd-8560-kisisel-bakim,HD 8560 Saç Kurutma Makinesi,3199.0,4,Sac Kurutma Makinesi,Beyaz Eşya,Kurutma Makinesi,0.0,0.0,0.0,Tanımlanmamış,Düşük Segment (Giriş Seviyesi)
https://www.beko.com.tr/sac-kurutma-makinesi/hd-8460-kisisel-bakim,HD 8460 Saç Kurutma Makinesi,3499.0,14,Sac Kurutma Makinesi,Beyaz Eşya,Kurutma Makinesi,0.0,0.0,0.0,Tanımlanmamış,Düşük Segment (Giriş Seviyesi)
https://www.beko.com.tr/sac-masasi/hs-9320-kisisel-bakim,Grundig Elementa Ignis Saç Maşası,4599.0,5,Sac Masasi,Küçük Ev Aletleri,Kişisel Bakım,1.0,0.3327904804647206,0.6131471927654584,Tanımlanmamış,Fırsat / Yıldız Ürünler
https://www.beko.com.tr/sac-duzlestirici/hs-9330-kisisel-bakim,Grundig Elementa Aqua Saç Düzleştirici,3399.0,2,Sac Duzlestirici,Küçük Ev Aletleri,Kişisel Bakım,1.0,0.11474092306138335,0.2262943855309169,Tanımlanmamış,Keşfedilmemiş Teknoloji
https://www.beko.com.tr/sac-duzlestirici/hb-9350-kisisel-bakim,Grundig Elementa Terra Saç Düzleştirici,2899.0,0,Sac Duzlestirici,Küçük Ev Aletleri,Kişisel Bakım,1.0,0.0,0.0,Tanımlanmamış,Keşfedilmemiş Teknoloji
https://www.beko.com.tr/sac-kurutma-makinesi/hd-9380-kisisel-bakim,Grundig Elementa Aer Saç Kurutma Makinesi,6399.0,9,Sac Kurutma Makinesi,Beyaz Eşya,Kurutma Makinesi,0.0,0.0,0.0,Tanımlanmamış,Düşük Segment (Giriş Seviyesi)
https://www.beko.com.tr/sac-masasi/hs-7431-kisisel-bakim,HS 7431 Saç Maşası,1199.0,0,Sac Masasi,Küçük Ev Aletleri,Kişisel Bakım,0.6349206349206349,0.0,0.0,Tanımlanmamış,Keşfedilmemiş Teknoloji
https://www.beko.com.tr/sac-duzlestirici/hs-7430-kisisel-bakim,HS 7430 Kablosuz Snapstyle Saç Düzleştirici,2399.0,1,Sac Duzlestirici,Küçük Ev Aletleri,Kişisel Bakım,1.0,0.0,0.0,Tanımlanmamış,Keşfedilmemiş Teknoloji
https://www.beko.com.tr/sac-masasi/hs-6231-kisisel-bakim,HS 6231 Snapstyle Kablosuz Otomatik Sarmalı Saç Maşası,2799.0,5,Sac Masasi,Küçük Ev Aletleri,Kişisel Bakım,0.6984126984126984,0.0,0.6131471927654584,Tanımlanmamış,Fırsat / Yıldız Ürünler
https://www.beko.com.tr/sac-duzlestirici/hb-6450-kisisel-bakim,HB 6450 Snapstyle Kablosuz Saç Düzleştirici,2699.0,3,Sac Duzlestirici,Küçük Ev Aletleri,Kişisel Bakım,0.8888888888888888,0.0,0.3868528072345416,Tanımlanmamış,Keşfedilmemiş Teknoloji
https://www.beko.com.tr/sac-kurutma-makinesi/hd-9483-kisisel-bakim,HD 9483 Botanika™ Argan Yağlı Saç Kurutma Makinesi,3399.0,2,Sac Kurutma Makinesi,Beyaz Eşya,Kurutma Makinesi,0.03752217537194425,0.0,0.0,Tanımlanmamış,Düşük Segment (Giriş Seviyesi)
https://www.beko.com.tr/sac-kurutma-makinesi/hd-9481-kisisel-bakim,HD 9481 Botanika™ Avokado Yağlı Saç Kurutma Makinesi,3399.0,0,Sac Kurutma Makinesi,Beyaz Eşya,Kurutma Makinesi,0.03752217537194425,0.0,0.0,Tanımlanmamış,Düşük Segment (Giriş Seviyesi)
https://www.beko.com.tr/sac-kurutma-makinesi/hd-9482-kisisel-bakim,HD 9482 Botanika™ Mavi Kantaron Yağlı Saç Kurutma Makinesi,3399.0,0,Sac Kurutma Makinesi,Beyaz Eşya,Kurutma Makinesi,0.12384341571020209,0.0,0.0,Tanımlanmamış,Düşük Segment (Giriş Seviyesi)
https://www.beko.com.tr/sac-duzlestirici/hs-6481-kisisel-bakim,HS 6481 Saç Düzleştirici,2899.0,0,Sac Duzlestirici,Küçük Ev Aletleri,Kişisel Bakım,0.8888888888888888,0.0,0.0,Tanımlanmamış,Keşfedilmemiş Teknoloji
https://www.beko.com.tr/tiras-makineleri/mt-7541-kisisel-bakim,MT 7541 Tıraş Makineleri,1499.0,0,Tiras Makineleri,Küçük Ev Aletleri,Kişisel Bakım,0.19047619047619047,0.0,0.0,Tanımlanmamış,Düşük Segment (Giriş Seviyesi)
https://www.beko.com.tr/sac-duzlestirici/hs-5630-kisisel-bakim,HS 5630 Saç Düzleştirici,869.0,14,Sac Duzlestirici,Küçük Ev Aletleri,Kişisel Bakım,1.0,0.0,1.0,Tanımlanmamış,Fırsat / Yıldız Ürünler
https://www.beko.com.tr/sac-masasi/hs-6430-kisisel-bakim,GRUNDIG HS 6430 Saç Maşası,1199.0,9,Sac Masasi,Küçük Ev Aletleri,Kişisel Bakım,0.8888888888888888,0.0,0.8982444017039273,Tanımlanmamış,Fırsat / Yıldız Ürünler
https://www.beko.com.tr/sac-sakal-kesme-makineleri/mc-6840-kisisel-bakim,MC 6840 Saç Sakal Kesme Makineleri,699.0,8,Sac Sakal Kesme Makineleri,Küçük Ev Aletleri,Kişisel Bakım,0.19047619047619047,0.0,0.8394415782963753,Tanımlanmamış,Popüler Ekonomik
https://www.beko.com.tr/sac-sakal-kesme-makineleri/mgk-6841-kisisel-bakim,MGK 6841 Saç Sakal Kesme Makineleri,1399.0,31,Sac Sakal Kesme Makineleri,Küçük Ev Aletleri,Kişisel Bakım,0.0,0.0,1.0,Tanımlanmamış,Popüler Ekonomik
https://www.beko.com.tr/sac-duzlestirici/hs-7030-kisisel-bakim,HS 7030 Saç Düzleştirici,1299.0,14,Sac Duzlestirici,Küçük Ev Aletleri,Kişisel Bakım,1.0,0.0,1.0,Tanımlanmamış,Fırsat / Yıldız Ürünler
https://www.beko.com.tr/baskul/ps-2111-kisisel-bakim,PS 2111 Baskül,799.0,10,Baskul,Küçük Ev Aletleri,Kişisel Bakım,0.06349206349206349,0.0,0.951438025871231,Tanımlanmamış,Popüler Ekonomik
https://www.beko.com.tr/sac-duzlestirici/hs-8560-kisisel-bakim,HS 8560 Saç Düzleştirici,5999.0,0,Sac Duzlestirici,Küçük Ev Aletleri,Kişisel Bakım,1.0,0.5244548002404725,0.0,Tanımlanmamış,Premium / Lüks
https://www.beko.com.tr/sac-duzlestirici/hs-5332-kisisel-bakim,HS 5332 Saç Düzleştirici,899.0,0,Sac Duzlestirici,Küçük Ev Aletleri,Kişisel Bakım,1.0,0.0,0.0,Tanımlanmamış,Keşfedilmemiş Teknoloji
https://www.beko.com.tr/sac-kurutma-makinesi/hd-6280-kisisel-bakim,HD 6280 Saç Kurutma Makinesi,999.0,10,Sac Kurutma Makinesi,Beyaz Eşya,Kurutma Makinesi,0.0,0.0,0.0,Tanımlanmamış,Düşük Segment (Giriş Seviyesi)
https://www.beko.com.tr/sac-duzlestirici/hs-8331-kisisel-bakim,HS 8331 Saç Düzleştirici,2099.0,6,Sac Duzlestirici,Küçük Ev Aletleri,Kişisel Bakım,1.0,0.0,0.6991803252671503,Tanımlanmamış,Fırsat / Yıldız Ürünler
https://www.beko.com.tr/sac-duzlestirici/hs-6131-kisisel-bakim,HS 6131 Saç Düzleştirici,1199.0,1,Sac Duzlestirici,Küçük Ev Aletleri,Kişisel Bakım,1.0,0.0,0.0,Tanımlanmamış,Keşfedilmemiş Teknoloji
https://www.beko.com.tr/sac-duzlestirici/hs-6220-kisisel-bakim,HS 6220 Saç Düzleştirici,1149.0,6,Sac Duzlestirici,Küçük Ev Aletleri,Kişisel Bakım,0.9523809523809523,0.0,0.6991803252671503,Tanımlanmamış,Fırsat / Yıldız Ürünler
https://www.beko.com.tr/sac-kurutma-makinesi/hd-8020-kisisel-bakim,HD 8020 Saç Kurutma Makinesi,1299.0,0,Sac Kurutma Makinesi,Beyaz Eşya,Kurutma Makinesi,0.0,0.0,0.0,Tanımlanmamış,Düşük Segment (Giriş Seviyesi)
https://www.beko.com.tr/toz-torbasiz-supurge/ultraforce-2-0-bks-5564-elektrikli-supurge,UltraForce® 2.0 BKS 5564 Toz Torbasız Süpürge,10999.0,136,Toz Torbasiz Supurge,Küçük Ev Aletleri,Elektrikli Süpürge,0.0,0.0,1.0,Tanımlanmamış,Popüler Ekonomik
https://www.beko.com.tr/toz-torbali-supurge/trb-5986-b-elektrikli-supurge,TRB 5986 B Toz Torbalı Süpürge,12999.0,59,Toz Torbali Supurge,Küçük Ev Aletleri,Elektrikli Süpürge,0.1212961916093975,0.0,0.8797316951213349,Tanımlanmamış,Popüler Ekonomik
https://www.beko.com.tr/el-supurgesi/bkk-1194-elektrikli-supurge,BKK 1194 El Süpürgesi,5499.0,39,El Supurgesi,Küçük Ev Aletleri,Elektrikli Süpürge,0.0,0.0,0.5080898559785862,Tanımlanmamış,Popüler Ekonomik
https://www.beko.com.tr/toz-torbali-supurge/bks-2540-t-elektrikli-supurge,BKS 2540 T Toz Torbalı Süpürge,16999.0,13,Toz Torbali Supurge,Küçük Ev Aletleri,Elektrikli Süpürge,0.26045344569867046,0.0937342330643089,0.0,Tanımlanmamış,Düşük Segment (Giriş Seviyesi)
https://www.beko.com.tr/islak-kuru-supurge/bks-9118-robotto-elektrikli-supurge,BKS 9118 Robotto Islak Kuru Süpürge,8999.0,16,Islak Kuru Supurge,Küçük Ev Aletleri,Elektrikli Süpürge,0.0,0.0,0.0,Tanımlanmamış,Düşük Segment (Giriş Seviyesi)
https://www.beko.com.tr/toz-torbali-supurge/trb-2174-elektrikli-supurge,TRB 2174 Toz Torbalı Süpürge,8999.0,21,Toz Torbali Supurge,Küçük Ev Aletleri,Elektrikli Süpürge,0.1678207582540978,0.0,0.0,Tanımlanmamış,Düşük Segment (Giriş Seviyesi)
https://www.beko.com.tr/toz-torbasiz-supurge/performist-tsz-5083-elektrikli-supurge,Performist® TSZ 5083 Toz Torbasız Süpürge,17199.0,24,Toz Torbasiz Supurge,Küçük Ev Aletleri,Elektrikli Süpürge,0.6267880061673108,0.1055360793101792,0.07729319879728576,Tanımlanmamış,Keşfedilmemiş Teknoloji
https://www.beko.com.tr/robot-supurge/robo-x-3-2-vrr-62514-vb-elektrikli-supurge,Robo-X 3.2 VRR 62514 VB Toz İstasyonlu Robot Süpürge,29999.0,3,Robot Supurge,Küçük Ev Aletleri,Elektrikli Süpürge,0.13238608332525797,0.6668564537180173,0.0,Tanımlanmamış,Niş / Aşırı Fiyatlandırılmış
https://www.beko.com.tr/kablolu-dikey-supurge/vcs-20501-b-elektrikli-supurge,VCS 20501 B Kablolu Dikey Süpürge,5999.0,1,Kablolu Dikey Supurge,Küçük Ev Aletleri,Elektrikli Süpürge,0.0,0.0,0.0,Tanımlanmamış,Düşük Segment (Giriş Seviyesi)
https://www.beko.com.tr/toz-torbasiz-supurge/ultraforce-tsz-2282-elektrikli-supurge,UltraForce® TSZ 2282 Toz Torbasız Süpürge,8999.0,36,Toz Torbasiz Supurge,Küçük Ev Aletleri,Elektrikli Süpürge,0.0,0.0,0.4366317450960139,Tanımlanmamış,Popüler Ekonomik
https://www.beko.com.tr/toz-torbasiz-supurge/ultraforce-3-0-tsz-5282-t-elektrikli-supurge,UltraForce® 3.0 TSZ 5282 T Toz Torbasız Süpürge,14999.0,25,Toz Torbasiz Supurge,Küçük Ev Aletleri,Elektrikli Süpürge,0.5998345913834584,0.0,0.113242181033477,Tanımlanmamış,Keşfedilmemiş Teknoloji
https://www.beko.com.tr/sarjli-dikey-supurge/powerclean-pro-3-0-vrt-97325-vy-elektrikli-supurge,PowerClean® Pro 3.0 VRT 97325 VY Şarjlı Dikey Süpürge,28999.0,58,Sarjli Dikey Supurge,Küçük Ev Aletleri,Elektrikli Süpürge,0.0,0.6326482167015871,0.8643266004858595,Tanımlanmamış,Popüler Ekonomik
https://www.beko.com.tr/islak-kuru-supurge/hydrotrio--pro-vrw-90421-vd-elektrikli-supurge,HydroTrio™ Pro VRW 90421 VD Islak Kuru Süpürge,28999.0,27,Islak Kuru Supurge,Küçük Ev Aletleri,Elektrikli Süpürge,0.0,0.6326482167015871,0.18116818136147947,Tanımlanmamış,Niş / Aşırı Fiyatlandırılmış
https://www.beko.com.tr/sarjli-dikey-supurge/powerclean-1-0-vrt-76325-vb-elektrikli-supurge,PowerClean® 1.0 VRT 76325 VB Şarjlı Dikey Süpürge,13999.0,21,Sarjli Dikey Supurge,Küçük Ev Aletleri,Elektrikli Süpürge,0.0,0.0,0.0,Tanımlanmamış,Düşük Segment (Giriş Seviyesi)
https://www.beko.com.tr/toz-torbasiz-supurge/vrc-95536-b-elektrikli-supurge,VRC 95536 B Toz Torbasız Süpürge,23999.0,1,Toz Torbasiz Supurge,Küçük Ev Aletleri,Elektrikli Süpürge,0.0,0.4416942674833351,0.0,Tanımlanmamış,Niş / Aşırı Fiyatlandırılmış
https://www.beko.com.tr/toz-torbasi/bks-2540-trb-5986-toz-torbasi-elektrikli-supurge,BKS 2540 TRB 5986 Toz Torbası Toz Torbası,249.0,27,Toz Torbasi,Küçük Ev Aletleri,Elektrikli Süpürge,0.0,0.0,0.18116818136147947,Tanımlanmamış,Düşük Segment (Giriş Seviyesi)
https://www.beko.com.tr/sarjli-dikey-supurge/slimclean-1-0-vrt-55521-b-elektrikli-supurge,SlimClean® 1.0 VRT 55521 B Şarjlı Dikey Süpürge,10999.0,3,Sarjli Dikey Supurge,Küçük Ev Aletleri,Elektrikli Süpürge,0.0,0.0,0.0,Tanımlanmamış,Düşük Segment (Giriş Seviyesi)
https://www.beko.com.tr/robot-supurge/robo-x-2-2-vrr-52514-vb-elektrikli-supurge,Robo-X 2.2 VRR 52514 VB Robot Süpürge,24999.0,1,Robot Supurge,Küçük Ev Aletleri,Elektrikli Süpürge,0.6518680357318396,0.48288555210037637,0.0,Tanımlanmamış,Keşfedilmemiş Teknoloji
https://www.beko.com.tr/sarjli-dikey-supurge/slimclean-3-0-vrt-95525-b-elektrikli-supurge,SlimClean® 3.0 VRT 95525 B Şarjlı Dikey Süpürge,23999.0,6,Sarjli Dikey Supurge,Küçük Ev Aletleri,Elektrikli Süpürge,0.9083386118003894,0.4416942674833351,0.0,Tanımlanmamış,Keşfedilmemiş Teknoloji
https://www.beko.com.tr/toz-torbasi/bks-1911---bks-1912-toz-torbasi-elektrikli-supurge,BKS 1911 / BKS 1912 Toz Torbası Toz Torbası,249.0,9,Toz Torbasi,Küçük Ev Aletleri,Elektrikli Süpürge,0.0,0.0,0.0,Tanımlanmamış,Düşük Segment (Giriş Seviyesi)
https://www.beko.com.tr/toz-torbasi/bks-1325-c-toz-torbasi-elektrikli-supurge,BKS 1325 C Toz Torbası Toz Torbası,249.0,20,Toz Torbasi,Küçük Ev Aletleri,Elektrikli Süpürge,0.0,0.0,0.0,Tanımlanmamış,Düşük Segment (Giriş Seviyesi)
https://www.beko.com.tr/toz-torbasi/bks-2920---bks-2910-toz-torbasi-elektrikli-supurge,BKS 2920 / BKS 2910 Toz Torbası Toz Torbası,249.0,12,Toz Torbasi,Küçük Ev Aletleri,Elektrikli Süpürge,0.0,0.0,0.0,Tanımlanmamış,Düşük Segment (Giriş Seviyesi)
https://www.beko.com.tr/sarjli-dikey-supurge/powerclean-pro-sd-8161-elektrikli-supurge,PowerClean® Pro SD 8161 Şarjlı Dikey Süpürge,23999.0,76,Sarjli Dikey Supurge,Küçük Ev Aletleri,Elektrikli Süpürge,0.17059191214871272,0.4416942674833351,1.0,Tanımlanmamış,Popüler Ekonomik
https://www.beko.com.tr/sarjli-dikey-supurge/sd-5141-elektrikli-supurge,SD 5141 Şarjlı Dikey Süpürge,13799.0,34,Sarjli Dikey Supurge,Küçük Ev Aletleri,Elektrikli Süpürge,0.03157024165176104,0.0,0.38569744453332916,Tanımlanmamış,Düşük Segment (Giriş Seviyesi)
https://www.beko.com.tr/robot-supurge/robo-x-rs-2221-elektrikli-supurge,Robo-X RS 2221 Robot Süpürge,15999.0,35,Robot Supurge,Küçük Ev Aletleri,Elektrikli Süpürge,0.6751087600705203,0.03256117963101388,0.411518350739084,Tanımlanmamış,Fırsat / Yıldız Ürünler
https://www.beko.com.tr/islak-kuru-dikey-supurge/hydrotrio-sd-5341-elektrikli-supurge,HydroTrio™ SD 5341 Islak Kuru Dikey Süpürge,15999.0,23,Islak Kuru Dikey Supurge,Küçük Ev Aletleri,Elektrikli Süpürge,0.0,0.03256117963101388,0.03987651159633539,Tanımlanmamış,Düşük Segment (Giriş Seviyesi)
https://www.beko.com.tr/robot-supurge/robo-x-3-1-vrr-82314-vb-elektrikli-supurge,Robo-X 3.1 VRR 82314 VB Robot Süpürge,29999.0,50,Robot Supurge,Küçük Ev Aletleri,Elektrikli Süpürge,0.7504981830334194,0.6668564537180173,0.7307698420635587,Tanımlanmamış,Premium / Lüks
https://www.beko.com.tr/robot-supurge/robo-x-2-1-vrr-72314-vb-elektrikli-supurge,Robo-X 2.1 VRR 72314 VB Robot Süpürge,24999.0,21,Robot Supurge,Küçük Ev Aletleri,Elektrikli Süpürge,0.9841863689082706,0.48288555210037637,0.0,Tanımlanmamış,Premium / Lüks
https://www.beko.com.tr/sarjli-dikey-supurge/sd-2341-elektrikli-supurge,SD 2341 Şarjlı Dikey Süpürge,10999.0,37,Sarjli Dikey Supurge,Küçük Ev Aletleri,Elektrikli Süpürge,0.1146498249458688,0.0,0.46107536846615044,Tanımlanmamış,Popüler Ekonomik
https://www.beko.com.tr/sarjli-dikey-supurge/powerclean-2-0-vrt-86325-vi-elektrikli-supurge,PowerClean® 2.0 VRT 86325 VI Şarjlı Dikey Süpürge,16999.0,17,Sarjli Dikey Supurge,Küçük Ev Aletleri,Elektrikli Süpürge,0.49307627892217215,0.0937342330643089,0.0,Tanımlanmamış,Keşfedilmemiş Teknoloji
https://www.beko.com.tr/robot-supurge/robo-x-4-0-vrr-95514-vw-elektrikli-supurge,Robo-X 4.0 VRR 95514 VW Robot Süpürge,47999.0,26,Robot Supurge,Küçük Ev Aletleri,Elektrikli Süpürge,1.0,1.0,0.14783426952868278,Tanımlanmamış,Premium / Lüks
https://www.beko.com.tr/islak-kuru-supurge/bissell-crosswave-hydrosteam-pet-select-elektrikli-supurge,Bissell CrossWave HydroSteam Pet Select Islak Kuru Süpürge,27999.0,1,Islak Kuru Supurge,Küçük Ev Aletleri,Elektrikli Süpürge,0.0,0.5972394484892347,0.0,Tanımlanmamış,Niş / Aşırı Fiyatlandırılmış
https://www.beko.com.tr/buharli-utu/actipress-expert-beu-8030-d-utu,ActiPress® Expert BEU 8030 D Buharlı Ütü,7499.0,158,Buharli Utu,Küçük Ev Aletleri,Ütü,0.6305984477618165,0.952042323078034,1.0,Tanımlanmamış,Premium / Lüks
https://www.beko.com.tr/kazanli-utu/actipress-masterpro-bku-8130-utu,ActiPress® MasterPro BKU 8130 Kazanlı Ütü,17699.0,34,Kazanli Utu,Küçük Ev Aletleri,Ütü,0.43365124386334897,1.0,0.5283429586481058,Tanımlanmamış,Premium / Lüks
https://www.beko.com.tr/kazanli-utu/actipress-master-bku-5030-utu,ActiPress® Master BKU 5030 Kazanlı Ütü,14449.0,13,Kazanli Utu,Küçük Ev Aletleri,Ütü,0.23350451592641866,1.0,0.040994165479687136,Tanımlanmamış,Niş / Aşırı Fiyatlandırılmış
https://www.beko.com.tr/buharli-kirisik-giderici/stm-7122-b-utu,STM 7122 B Buharlı Kırışık Giderici,4899.0,7,Buharli Kirisik Giderici,Küçük Ev Aletleri,Ütü,0.0,0.04398611112239678,0.0,Tanımlanmamış,Düşük Segment (Giriş Seviyesi)
https://www.beko.com.tr/buharli-utu/beu-5024-utu,BEU 5024 Buharlı Ütü,4299.0,5,Buharli Utu,Küçük Ev Aletleri,Ütü,0.0,0.0,0.0,Tanımlanmamış,Düşük Segment (Giriş Seviyesi)
https://www.beko.com.tr/buharli-utu/sim-4024-b-utu,SIM 4024 B Buharlı Ütü,3699.0,3,Buharli Utu,Küçük Ev Aletleri,Ütü,0.1667889399474419,0.0,0.0,Tanımlanmamış,Düşük Segment (Giriş Seviyesi)
https://www.beko.com.tr/seyahat-utusu/stm-2110-b-utu,STM 2110 B Seyahat Ütüsü,3199.0,0,Seyahat Utusu,Küçük Ev Aletleri,Ütü,0.0,0.0,0.0,Tanımlanmamış,Düşük Segment (Giriş Seviyesi)
https://www.beko.com.tr/buharli-kirisik-giderici/bkg-5916-utu,BKG 5916 Buharlı Kırışık Giderici,4799.0,87,Buharli Kirisik Giderici,Küçük Ev Aletleri,Ütü,0.0,0.0,1.0,Tanımlanmamış,Popüler Ekonomik
https://www.beko.com.tr/buharli-utu/actipress-expert-beu-8030-m-utu,ActiPress® Expert BEU 8030 M Buharlı Ütü,6499.0,25,Buharli Utu,Küçük Ev Aletleri,Ütü,0.8103789124482936,0.6467723325008553,0.3702433880748368,Tanımlanmamış,Premium / Lüks
https://www.beko.com.tr/buharli-utu/beu-4124-utu,BEU 4124 Buharlı Ütü,4299.0,8,Buharli Utu,Küçük Ev Aletleri,Ütü,0.03335778798948838,0.0,0.0,Tanımlanmamış,Düşük Segment (Giriş Seviyesi)
https://www.beko.com.tr/seyahat-utusu/stm-2110-m-utu,STM 2110 M Seyahat Ütüsü,3199.0,0,Seyahat Utusu,Küçük Ev Aletleri,Ütü,0.0,0.0,0.0,Tanımlanmamış,Düşük Segment (Giriş Seviyesi)
https://www.beko.com.tr/kazanli-utu/actipress-master-station-sga-7124-d-utu,ActiPress® Master Station SGA 7124 D Kazanlı Ütü,6999.0,11,Kazanli Utu,Küçük Ev Aletleri,Ütü,0.0,0.8048632241092014,0.0,Tanımlanmamış,Niş / Aşırı Fiyatlandırılmış
https://www.beko.com.tr/buharli-utu/actipress-expert-beu-5024-m-utu,ActiPress® Expert BEU 5024 M Buharlı Ütü,4299.0,44,Buharli Utu,Küçük Ev Aletleri,Ütü,0.700513547779256,0.0,0.6620099041578548,Tanımlanmamış,Fırsat / Yıldız Ürünler
https://www.beko.com.tr/utu-masasi/utu-masasi-s-utu,Ütü Masası S Ütü Masası,4799.0,47,Utu Masasi,Küçük Ev Aletleri,Ütü,0.0,0.0,0.6963360948472851,Tanımlanmamış,Popüler Ekonomik
https://www.beko.com.tr/el-blender/rhb-5050-r-floral-karistirici-dograyici,RHB 5050 R Floral El Blender,5849.0,116,El Blender,Küçük Ev Aletleri,Karıştırıcı& Doğrayıcı,0.7369506122044429,0.04228930427342682,0.7438802933892388,Tanımlanmamış,Fırsat / Yıldız Ürünler
https://www.beko.com.tr/el-blender/rhb-5050-floral-karistirici-dograyici,RHB 5050 Floral El Blender,5849.0,143,El Blender,Küçük Ev Aletleri,Karıştırıcı& Doğrayıcı,0.7369506122044429,0.04228930427342682,0.8911800801722152,Tanımlanmamış,Fırsat / Yıldız Ürünler
https://www.beko.com.tr/blender/tb-8180-ci-starlight-karistirici-dograyici,TB 8180 CI Starlight™ Blender,6049.0,63,Blender,Küçük Ev Aletleri,Karıştırıcı& Doğrayıcı,0.0,0.08315684692259533,0.31590453898517307,Tanımlanmamış,Düşük Segment (Giriş Seviyesi)
https://www.beko.com.tr/el-blender/hbs-8170-ci-starlight-karistirici-dograyici,HBS 8170 CI Starlight® El Blender,6349.0,74,El Blender,Küçük Ev Aletleri,Karıştırıcı& Doğrayıcı,0.6635290870131602,0.1419922753234736,0.42841926928536045,Tanımlanmamış,Fırsat / Yıldız Ürünler
https://www.beko.com.tr/el-blender/hb-5410-karistirici-dograyici,HB 5410 El Blender,1949.0,2,El Blender,Küçük Ev Aletleri,Karıştırıcı& Doğrayıcı,0.1548208843505165,0.0,0.0,Tanımlanmamış,Düşük Segment (Giriş Seviyesi)
https://www.beko.com.tr/hamur-yogurma-ve-mutfak-makinesi/mm-5491-s-karistirici-dograyici,MM 5491 S Hamur Yoğurma Hamur Yoğurma ve Mutfak Makinesi,9099.0,25,Hamur Yogurma Ve Mutfak Makinesi,Küçük Ev Aletleri,Karıştırıcı& Doğrayıcı,0.0,0.5794231324137786,0.0,Tanımlanmamış,Niş / Aşırı Fiyatlandırılmış
https://www.beko.com.tr/hamur-yogurma-ve-mutfak-makinesi/mm-5491-r-karistirici-dograyici,MM 5491 R Hamur Yoğurma Hamur Yoğurma ve Mutfak Makinesi,9099.0,15,Hamur Yogurma Ve Mutfak Makinesi,Küçük Ev Aletleri,Karıştırıcı& Doğrayıcı,0.04721410619655132,0.5794231324137786,0.0,Tanımlanmamış,Niş / Aşırı Fiyatlandırılmış
https://www.beko.com.tr/dograyici/do-2585-karistirici-dograyici,DO 2585 Doğrayıcı,2559.0,6,Dograyici,Küçük Ev Aletleri,Karıştırıcı& Doğrayıcı,0.0,0.0,0.0,Tanımlanmamış,Düşük Segment (Giriş Seviyesi)
https://www.beko.com.tr/blender/kb-5534-ts-karistirici-dograyici,KB 5534 TS Blender,2549.0,1,Blender,Küçük Ev Aletleri,Karıştırıcı& Doğrayıcı,0.0,0.0,0.0,Tanımlanmamış,Düşük Segment (Giriş Seviyesi)
https://www.beko.com.tr/blender/kb-5234-t-karistirici-dograyici,KB 5234 T Blender,3049.0,71,Blender,Küçük Ev Aletleri,Karıştırıcı& Doğrayıcı,0.0,0.0,0.39946006352343166,Tanımlanmamış,Düşük Segment (Giriş Seviyesi)
https://www.beko.com.tr/el-blender/rhb-5050-b-floral-karistirici-dograyici,RHB 5050 B Floral El Blender,5849.0,77,El Blender,Küçük Ev Aletleri,Karıştırıcı& Doğrayıcı,0.818435288178399,0.04228930427342682,0.45624252279571775,Tanımlanmamış,Fırsat / Yıldız Ürünler
https://www.beko.com.tr/el-blender/rhb-8410-karistirici-dograyici,RHB 8410 El Blender,5649.0,19,El Blender,Küçük Ev Aletleri,Karıştırıcı& Doğrayıcı,1.0,0.0,0.0,Tanımlanmamış,Keşfedilmemiş Teknoloji
https://www.beko.com.tr/el-blender/hbs-5410-karistirici-dograyici,HBS 5410 El Blender,3349.0,13,El Blender,Küçük Ev Aletleri,Karıştırıcı& Doğrayıcı,1.0,0.0,0.0,Tanımlanmamış,Keşfedilmemiş Teknoloji
https://www.beko.com.tr/blender/kb-8408-vitaminist-5in1-karistirici-dograyici,KB 8408 Vitaminist® 5in1 Blender,3799.0,27,Blender,Küçük Ev Aletleri,Karıştırıcı& Doğrayıcı,0.0,0.0,0.0,Tanımlanmamış,Düşük Segment (Giriş Seviyesi)
https://www.beko.com.tr/hamur-yogurma-ve-mutfak-makinesi/mm-8042-ds-homechef-karistirici-dograyici,MM 8042 DS HomeChef® Hamur Yoğurma Hamur Yoğurma ve Mutfak Makinesi,26599.0,88,Hamur Yogurma Ve Mutfak Makinesi,Küçük Ev Aletleri,Karıştırıcı& Doğrayıcı,0.0,1.0,0.5498321895803531,Tanımlanmamış,Niş / Aşırı Fiyatlandırılmış
https://www.beko.com.tr/blender/kb-5534-tp-karistirici-dograyici,KB 5534 TP Blender,2549.0,3,Blender,Küçük Ev Aletleri,Karıştırıcı& Doğrayıcı,0.0,0.0,0.0,Tanımlanmamış,Düşük Segment (Giriş Seviyesi)
https://www.beko.com.tr/mikser/bkk-1151-karistirici-dograyici,BKK 1151 Mikser,2359.0,32,Mikser,Küçük Ev Aletleri,Karıştırıcı& Doğrayıcı,0.0,0.0,0.0,Tanımlanmamış,Düşük Segment (Giriş Seviyesi)
https://www.beko.com.tr/dograyici/bkk-1162-karistirici-dograyici,BKK 1162 Doğrayıcı,2199.0,28,Dograyici,Küçük Ev Aletleri,Karıştırıcı& Doğrayıcı,0.0,0.0,0.0,Tanımlanmamış,Düşük Segment (Giriş Seviyesi)
https://www.beko.com.tr/el-blender/rhb-5050-w-floral-karistirici-dograyici,RHB 5050 W Floral El Blender,5849.0,30,El Blender,Küçük Ev Aletleri,Karıştırıcı& Doğrayıcı,1.0,0.04228930427342682,0.0,Tanımlanmamış,Keşfedilmemiş Teknoloji
https://www.beko.com.tr/mikser/mk-8150-i-starlight-karistirici-dograyici,MK 8150 I Starlight™ Mikser,4249.0,45,Mikser,Küçük Ev Aletleri,Karıştırıcı& Doğrayıcı,0.0,0.0,0.08163041608541392,Tanımlanmamış,Düşük Segment (Giriş Seviyesi)
https://www.beko.com.tr/dograyici/do-8160-ci-starlight-karistirici-dograyici,DO 8160 CI Starlight® Doğrayıcı,4349.0,45,Dograyici,Küçük Ev Aletleri,Karıştırıcı& Doğrayıcı,0.0,0.0,0.08163041608541392,Tanımlanmamış,Düşük Segment (Giriş Seviyesi)
https://www.beko.com.tr/hamur-yogurma-ve-mutfak-makinesi/mm-5371-karistirici-dograyici,MM 5371 Hamur Yoğurma Hamur Yoğurma ve Mutfak Makinesi,8299.0,16,Hamur Yogurma Ve Mutfak Makinesi,Küçük Ev Aletleri,Karıştırıcı& Doğrayıcı,0.0,0.4675562255900564,0.0,Tanımlanmamış,Niş / Aşırı Fiyatlandırılmış
https://www.beko.com.tr/hamur-yogurma-ve-mutfak-makinesi/mm-5471-s-karistirici-dograyici,MM 5471 S Hamur Yoğurma Hamur Yoğurma ve Mutfak Makinesi,8299.0,43,Hamur Yogurma Ve Mutfak Makinesi,Küçük Ev Aletleri,Karıştırıcı& Doğrayıcı,0.03809866754181168,0.4675562255900564,0.05009624550169911,Tanımlanmamış,Niş / Aşırı Fiyatlandırılmış
https://www.beko.com.tr/el-blender/rhb-2410-karistirici-dograyici,RHB 2410 El Blender,3149.0,75,El Blender,Küçük Ev Aletleri,Karıştırıcı& Doğrayıcı,0.7334843107795653,0.0,0.4378154600233446,Tanımlanmamış,Fırsat / Yıldız Ürünler
https://www.beko.com.tr/kiyma-makinesi/km-5024-m-floral-karistirici-dograyici,KM 5024 M Floral Kıyma Makinesi,8449.0,40,Kiyma Makinesi,Küçük Ev Aletleri,Karıştırıcı& Doğrayıcı,0.0,0.4893304478553731,0.0,Tanımlanmamış,Niş / Aşırı Fiyatlandırılmış
https://www.beko.com.tr/hamur-yogurma-ve-mutfak-makinesi/hamur-acma-ve-kesme--seti-karistirici-dograyici,Hamur Açma Ve Kesme Seti Hamur Yoğurma ve Mutfak Makinesi,7839.0,76,Hamur Yogurma Ve Mutfak Makinesi,Küçük Ev Aletleri,Karıştırıcı& Doğrayıcı,0.0,0.3982413373778357,0.4470888212173417,Tanımlanmamış,Popüler Ekonomik
https://www.beko.com.tr/hamur-yogurma-ve-mutfak-makinesi/kiyma-sucuk-ve-icli-kofte-aksesuari-karistirici-dograyici,"Kıyma, Sucuk ve İçli Köfte Aksesuarı Hamur Yoğurma ve Mutfak Makinesi",3499.0,109,Hamur Yogurma Ve Mutfak Makinesi,Küçük Ev Aletleri,Karıştırıcı& Doğrayıcı,0.0,0.0,0.7001147503282078,Tanımlanmamış,Popüler Ekonomik
https://www.beko.com.tr/uv-temizleme-cihazi/uvt-1001-uv-temizleme-cihazi,UVT 1001 UV Temizleme Cihazı,1479.0,4,Uv Temizleme Cihazi,Küçük Ev Aletleri,UV Temizleme Cihazı,0.0,0.0,0.5113915944693855,Tanımlanmamış,Popüler Ekonomik
https://www.beko.com.tr/yogurt-kefir-makinesi/ym-2200-yogurt-kefir-makinesi,YM 2200 Yoğurt &Kefir Makinesi,10699.0,4,Yogurt Kefir Makinesi,Küçük Ev Aletleri,Yoğurt &Kefir Makinesi,0.0,0.0,0.0,Tanımlanmamış,Düşük Segment (Giriş Seviyesi)
https://www.beko.com.tr/yogurt-kefir-makinesi/ym-8242-i-yogurt-kefir-makinesi,YM 8242 I Yoğurt &Kefir Makinesi,15999.0,39,Yogurt Kefir Makinesi,Küçük Ev Aletleri,Yoğurt &Kefir Makinesi,1.0,0.46167764355252305,1.0,Tanımlanmamış,Fırsat / Yıldız Ürünler
https://www.beko.com.tr/yogurt-kefir-makinesi/proyo-aksesuar-kutusu-yogurt-kefir-makinesi,Yoğurt & Kefir Makinesi,2799.0,0,Yogurt Kefir Makinesi,Küçük Ev Aletleri,Yoğurt &Kefir Makinesi,0.0,0.0,0.0,Tanımlanmamış,Düşük Segment (Giriş Seviyesi)
https://www.beko.com.tr/kettle/wkm-8513-i-kettle,WKM 8513 I Dijital Kettle,2679.0,0,Kettle,Küçük Ev Aletleri,Kettle,0.0,0.0,0.0,Tanımlanmamış,Düşük Segment (Giriş Seviyesi)
https://www.beko.com.tr/kettle/wkm-5422-i-kettle,WKM 5422 I Cam Kettle,2299.0,0,Kettle,Küçük Ev Aletleri,Kettle,0.0,0.0,0.0,Tanımlanmamış,Düşük Segment (Giriş Seviyesi)
https://www.beko.com.tr/kettle/kl-8221-i-kettle,KL 8221 I Kettle,1699.0,0,Kettle,Küçük Ev Aletleri,Kettle,0.0,0.0,0.0,Tanımlanmamış,Düşük Segment (Giriş Seviyesi)
https://www.beko.com.tr/kettle/kl-5422-kettle,KL 5422 Retro Kettle,2679.0,0,Kettle,Küçük Ev Aletleri,Kettle,0.16265741041912443,0.0,0.0,Tanımlanmamış,Düşük Segment (Giriş Seviyesi)
https://www.beko.com.tr/kettle/kl-8022-i-kettle,KL 8022 I Kettle,2179.0,0,Kettle,Küçük Ev Aletleri,Kettle,0.7579544500789047,0.0,0.0,Tanımlanmamış,Keşfedilmemiş Teknoloji
https://www.beko.com.tr/kettle/wkm-5522-i-kettle,WKM 5522 I Kettle,2299.0,0,Kettle,Küçük Ev Aletleri,Kettle,0.9563867966321649,0.0,0.0,Tanımlanmamış,Keşfedilmemiş Teknoloji
https://www.beko.com.tr/kati-meyve-sikacagi/bkk-2145-kati-meyve-sikacagi,BKK 2145 Katı Meyve Sıkacağı,7899.0,0,Kati Meyve Sikacagi,Küçük Ev Aletleri,Katı Meyve Sıkacağı,1.0,1.0,0.5,Tanımlanmamış,Premium / Lüks
https://www.beko.com.tr/narenciye-sikacagi/ms-5210-narenciye-sikacagi,MS 5210 Narenciye Sıkacağı,1999.0,0,Narenciye Sikacagi,Küçük Ev Aletleri,Narenciye Sıkacağı,0.0,0.0,0.5,Tanımlanmamış,Popüler Ekonomik
https://www.beko.com.tr/narenciye-sikacagi/ms-5410-b-narenciye-sikacagi,MS 5410 B Narenciye Sıkacağı,2799.0,0,Narenciye Sikacagi,Küçük Ev Aletleri,Narenciye Sıkacağı,0.0,0.0,0.5,Tanımlanmamış,Popüler Ekonomik
https://www.beko.com.tr/cay-makinesi/bkk-2221-c-beko-dem-cay-makinesi-cay-makinesi,BKK 2221 C Beko Dem Çay Makinesi,3199.0,0,Cay Makinesi,Küçük Ev Aletleri,Çay Makinesi,0.0,0.0,0.0,Tanımlanmamış,Düşük Segment (Giriş Seviyesi)
https://www.beko.com.tr/cay-makinesi/cm-5964-r-floral-cay-makinesi,CM 5964 R Floral Çay Makinesi,6399.0,0,Cay Makinesi,Küçük Ev Aletleri,Çay Makinesi,0.0,0.33073561476599783,0.0,Tanımlanmamış,Düşük Segment (Giriş Seviyesi)
https://www.beko.com.tr/cay-makinesi/cm-5964-floral-cay-makinesi,CM 5964 Floral Çay Makinesi,6399.0,0,Cay Makinesi,Küçük Ev Aletleri,Çay Makinesi,0.0,0.33073561476599783,0.0,Tanımlanmamış,Düşük Segment (Giriş Seviyesi)
https://www.beko.com.tr/cay-makinesi/cm-5342-in-cay-makinesi,CM 5342 IN Çay Makinesi,4699.0,101,Cay Makinesi,Küçük Ev Aletleri,Çay Makinesi,0.0,0.0,1.0,Tanımlanmamış,Popüler Ekonomik
https://www.beko.com.tr/cay-makinesi/cm-5964-b-floral-cay-makinesi,CM 5964 B Floral Çay Makinesi,6399.0,42,Cay Makinesi,Küçük Ev Aletleri,Çay Makinesi,0.7709255374869546,0.33073561476599783,0.7803025279932931,Tanımlanmamış,Fırsat / Yıldız Ürünler
https://www.beko.com.tr/cay-makinesi/cm-5587-b-cay-makinesi,CM 5587 B Çay Makinesi,6399.0,12,Cay Makinesi,Küçük Ev Aletleri,Çay Makinesi,0.8106120067976068,0.33073561476599783,0.4097065259767392,Tanımlanmamış,Fırsat / Yıldız Ürünler
https://www.beko.com.tr/7-bolmeli-derin-dondurucu/7072-mi-derin-dondurucu,7072 MI 7 Bölmeli Derin Dondurucu,38639.0,4,7 Bolmeli Derin Dondurucu,Beyaz Eşya,Derin Dondurucu,1.0,0.016404923726022144,0.0,Tanımlanmamış,Keşfedilmemiş Teknoloji
https://www.beko.com.tr/7-bolmeli-derin-dondurucu/7072-mb-derin-dondurucu,7072 MB 7 Bölmeli Derin Dondurucu,35119.0,20,7 Bolmeli Derin Dondurucu,Beyaz Eşya,Derin Dondurucu,1.0,0.0,0.6280254180669559,Tanımlanmamış,Fırsat / Yıldız Ürünler
https://www.beko.com.tr/6-bolmeli-derin-dondurucu/7362-nfb-derin-dondurucu,7362 NFB 6 Bölmeli Derin Dondurucu,39669.0,12,6 Bolmeli Derin Dondurucu,Beyaz Eşya,Derin Dondurucu,0.08247189989067137,0.0717748207066258,0.16224838214543252,Tanımlanmamış,Düşük Segment (Giriş Seviyesi)
https://www.beko.com.tr/3-bolmeli-derin-dondurucu/7030-mb-derin-dondurucu,7030 MB 3 Bölmeli Derin Dondurucu,10990.0,34,3 Bolmeli Derin Dondurucu,Beyaz Eşya,Derin Dondurucu,0.0,0.0,1.0,Tanımlanmamış,Popüler Ekonomik
